Date,BNO,CANE,CORN,DBE,PALL,PPLT,SOYB,UGA,WEAT
2011-01-03,31.645000457763672,,38.459999084472656,22.624664306640625,15.854000091552734,17.600000381469727,,42.08000183105469,
2011-01-04,30.93000030517578,,37.90999984741211,22.315876007080078,15.496000289916992,17.44499969482422,,41.70000076293945,
2011-01-05,31.799999237060547,,38.5099983215332,22.599624633789062,15.434000015258789,17.138999938964844,,42.31999969482422,
2011-01-06,31.34000015258789,,37.790000915527344,22.299184799194336,15.170000076293945,17.215999603271484,,42.41999816894531,
2011-01-07,31.135000228881836,,37.43000030517578,22.16565704345703,14.923999786376953,17.22800064086914,,42.060001373291016,
2011-01-10,31.610000610351562,,38.040000915527344,22.574588775634766,14.991999626159668,17.351999282836914,,42.560001373291016,
2011-01-11,32.33000183105469,,37.9900016784668,22.95013427734375,15.595999717712402,17.600000381469727,,42.93000030517578,
2011-01-12,32.45000076293945,,39.150001525878906,22.966829299926758,16.148000717163086,17.91200065612793,,42.619998931884766,
2011-01-13,32.275001525878906,,40.099998474121094,22.925098419189453,16.091999053955078,17.937999725341797,,42.349998474121094,
2011-01-14,32.79499816894531,,40.22999954223633,23.142080307006836,15.815999984741211,18.02400016784668,,43.150001525878906,
2011-01-18,32.474998474121094,,40.70000076293945,23.00020980834961,16.20400047302246,18.152000427246094,,42.939998626708984,
2011-01-19,32.73500061035156,,39.61000061035156,23.10870361328125,16.200000762939453,18.215999603271484,,42.95000076293945,
2011-01-20,32.16999816894531,,40.439998626708984,22.83329963684082,16.11400032043457,18.030000686645508,,42.02000045776367,
2011-01-21,32.51499938964844,,40.70000076293945,23.0753173828125,16.26799964904785,18.156999588012695,,42.68000030517578,
2011-01-24,32.154998779296875,,40.79999923706055,22.741498947143555,16.170000076293945,18.045000076293945,,41.95000076293945,
2011-01-25,31.739999771118164,,40.11000061035156,22.466096878051758,15.541999816894531,17.74799919128418,,40.810001373291016,
2011-01-26,32.6150016784668,,40.95000076293945,23.083662033081055,16.209999084472656,17.996999740600586,,42.380001068115234,
2011-01-27,32.439998626708984,,40.5,22.81661033630371,15.998000144958496,17.715999603271484,,41.650001525878906,
2011-01-28,33.10499954223633,,40.099998474121094,23.22553825378418,16.211999893188477,17.825000762939453,,42.75,
2011-01-31,33.505001068115234,,41.0,23.601085662841797,16.194000244140625,17.823999404907227,,42.88999938964844,
2011-02-01,33.80500030517578,,41.459999084472656,23.651159286499023,16.393999099731445,18.170000076293945,,43.209999084472656,
2011-02-02,34.15999984741211,,41.65999984741211,23.926559448242188,16.195999145507812,18.229999542236328,,43.02000045776367,
2011-02-03,33.90999984741211,,41.22999954223633,23.834758758544922,16.36199951171875,18.253000259399414,,43.11000061035156,
2011-02-04,33.31999969482422,,42.150001525878906,23.4842472076416,16.20599937438965,18.323999404907227,,42.04999923706055,
2011-02-07,33.189998626708984,,41.970001220703125,23.35072135925293,16.256000518798828,18.312000274658203,,42.13999938964844,
2011-02-08,33.474998474121094,,41.93000030517578,23.475902557373047,16.658000946044922,18.47599983215332,,42.97999954223633,
2011-02-09,34.04999923706055,,43.0099983215332,23.726266860961914,16.469999313354492,18.42799949645996,,43.459999084472656,
2011-02-10,33.77000045776367,,43.29999923706055,23.492595672607422,16.29599952697754,18.166000366210938,,42.810001373291016,
2011-02-11,33.595001220703125,,43.63999938964844,23.359067916870117,16.163999557495117,17.945999145507812,,42.779998779296875,
2011-02-14,34.279998779296875,,42.849998474121094,23.601085662841797,16.549999237060547,18.194000244140625,,43.279998779296875,
2011-02-15,33.810001373291016,,42.27000045776367,23.342376708984375,16.68400001525879,18.195999145507812,,42.689998626708984,
2011-02-16,34.58000183105469,,42.22999954223633,23.651159286499023,16.711999893188477,18.194000244140625,,43.619998931884766,
2011-02-17,34.30500030517578,,43.630001068115234,23.475902557373047,16.75,18.350000381469727,,43.63999938964844,
2011-02-18,34.23500061035156,,43.5,23.517629623413086,16.908000946044922,18.219999313354492,,43.810001373291016,
2011-02-22,35.314998626708984,,41.029998779296875,24.035051345825195,15.989999771118164,17.777000427246094,,44.939998626708984,
2011-02-23,37.17499923706055,,42.439998626708984,24.84456443786621,15.420000076293945,17.746000289916992,,46.880001068115234,
2011-02-24,36.6150016784668,,41.70000076293945,24.494056701660156,15.399999618530273,17.687999725341797,,46.45000076293945,
2011-02-25,37.290000915527344,,43.38999938964844,25.069894790649414,15.715999603271484,17.940000534057617,,47.380001068115234,
2011-02-28,37.15999984741211,,43.709999084472656,25.003129959106445,15.887999534606934,17.94700050354004,,47.119998931884766,
2011-03-01,38.619998931884766,,43.779998779296875,25.61235237121582,16.215999603271484,18.275999069213867,,48.81999969482422,
2011-03-02,38.68000030517578,,43.279998779296875,25.729188919067383,16.257999420166016,18.381999969482422,,49.31999969482422,
2011-03-03,38.165000915527344,,44.18000030517578,25.645734786987305,16.15999984741211,18.121999740600586,,49.18000030517578,
2011-03-04,38.529998779296875,,43.79999923706055,25.862714767456055,16.149999618530273,18.299999237060547,,49.65999984741211,
2011-03-07,38.08000183105469,,43.2400016784668,25.787607192993164,15.6899995803833,18.091999053955078,,48.83000183105469,
2011-03-08,37.505001068115234,,42.849998474121094,25.495515823364258,15.722000122070312,17.920000076293945,,47.79999923706055,
2011-03-09,38.47999954223633,,42.599998474121094,25.887752532958984,15.51200008392334,17.913999557495117,,49.15999984741211,
2011-03-10,38.16999816894531,,41.20000076293945,25.520551681518555,15.17199993133545,17.486000061035156,,49.0,
2011-03-11,37.6150016784668,,40.5,25.32860565185547,15.052000045776367,17.643999099731445,,48.5099983215332,
2011-03-14,37.73500061035156,,40.529998779296875,25.403715133666992,14.800000190734863,17.450000762939453,,48.09000015258789,
2011-03-15,36.189998626708984,,38.43000030517578,24.569164276123047,13.960000038146973,16.88800048828125,,45.84000015258789,
2011-03-16,36.85499954223633,,38.2599983215332,24.836219787597656,13.878000259399414,16.81599998474121,,46.439998626708984,
2011-03-17,38.17499923706055,,40.41999816894531,25.595659255981445,14.07800006866455,16.882999420166016,,48.04999923706055,
2011-03-18,37.95000076293945,,41.869998931884766,25.56227684020996,14.47599983215332,17.106000900268555,,48.31999969482422,
2011-03-21,38.09000015258789,,42.15999984741211,25.67911720275879,14.82800006866455,17.333999633789062,,48.709999084472656,
2011-03-22,38.494998931884766,,42.15999984741211,25.987899780273438,14.657999992370605,17.274999618530273,,48.959999084472656,
2011-03-23,38.28499984741211,,41.959999084472656,25.946170806884766,14.89799976348877,17.45800018310547,,49.04999923706055,
2011-03-24,38.400001525878906,,42.86000061035156,26.0129337310791,14.965999603271484,17.38800048828125,,49.540000915527344,
2011-03-25,38.470001220703125,,42.2599983215332,26.071353912353516,14.928000450134277,17.347999572753906,,49.65999984741211,
2011-03-28,38.04499816894531,,41.20000076293945,25.73753547668457,14.831999778747559,17.32200050354004,,49.11000061035156,
2011-03-29,38.2400016784668,,41.349998474121094,25.829336166381836,14.977999687194824,17.2810001373291,,49.40999984741211,
2011-03-30,38.19499969482422,,40.7599983215332,25.82099151611328,14.934000015258789,17.582000732421875,,49.61000061035156,
2011-03-31,38.90999984741211,,44.25,26.246612548828125,15.206000328063965,17.576000213623047,,50.36000061035156,
2011-04-01,39.43000030517578,,44.36000061035156,26.547048568725586,15.35200023651123,17.538000106811523,,51.20000076293945,
2011-04-04,40.10499954223633,,45.630001068115234,26.738994598388672,15.618000030517578,17.759000778198242,,51.31999969482422,
2011-04-05,40.375,,45.81999969482422,26.84748649597168,15.684000015258789,17.791000366210938,,51.7400016784668,
2011-04-06,40.470001220703125,,45.810001373291016,26.905908584594727,15.67199993133545,17.829999923706055,,51.720001220703125,
2011-04-07,40.630001068115234,,45.63999938964844,26.972665786743164,15.46399974822998,17.74799919128418,,51.720001220703125,
2011-04-08,42.05500030517578,,46.220001220703125,27.782184600830078,15.84000015258789,17.97800064086914,,53.09000015258789,
2011-04-11,40.93000030517578,,46.439998626708984,27.097850799560547,15.447999954223633,17.70599937438965,,51.869998931884766,
2011-04-12,40.02000045776367,,45.02000045776367,26.5136661529541,15.104000091552734,17.56999969482422,,51.290000915527344,
2011-04-13,40.67499923706055,,45.47999954223633,26.855831146240234,15.239999771118164,17.604000091552734,,52.54999923706055,
2011-04-14,40.654998779296875,,45.880001068115234,26.964324951171875,15.380000114440918,17.81999969482422,,52.61000061035156,
2011-04-15,41.040000915527344,,45.38999938964844,27.189653396606445,15.246000289916992,17.756000518798828,,53.380001068115234,
2011-04-18,40.4900016784668,,46.27000045776367,26.78072166442871,14.600000381469727,17.704999923706055,,52.849998474121094,
2011-04-19,40.275001525878906,,46.349998474121094,26.747339248657227,14.565999984741211,17.577999114990234,,52.45000076293945,
2011-04-20,41.18000030517578,,45.279998779296875,27.29814338684082,15.071999549865723,17.893999099731445,,53.189998626708984,
2011-04-21,41.21500015258789,,45.84000015258789,27.423328399658203,15.277999877929688,18.040000915527344,,53.720001220703125,
2011-04-25,41.1150016784668,,46.90999984741211,27.331525802612305,15.13599967956543,18.108999252319336,,53.790000915527344,
2011-04-26,41.189998626708984,,46.939998626708984,27.414979934692383,14.956000328063965,17.87700080871582,,54.18000030517578,
2011-04-27,41.76499938964844,,46.540000915527344,27.757143020629883,15.255999565124512,18.142000198364258,,55.40999984741211,
2011-04-28,41.53499984741211,,44.439998626708984,27.67369270324707,15.416000366210938,18.29400062561035,,55.209999084472656,
2011-04-29,41.85499954223633,,46.2400016784668,27.915712356567383,15.789999961853027,18.586999893188477,,55.7400016784668,
2011-05-02,41.47999954223633,,45.25,27.757143020629883,15.342000007629395,18.450000762939453,,54.720001220703125,
2011-05-03,40.650001525878906,,45.02000045776367,27.331525802612305,15.378000259399414,18.393999099731445,,54.58000183105469,
2011-05-04,40.1349983215332,,45.09000015258789,26.839141845703125,14.836000442504883,18.086999893188477,,54.310001373291016,
2011-05-05,36.33000183105469,,43.70000076293945,24.527435302734375,14.031999588012695,17.440000534057617,,50.529998779296875,
2011-05-06,36.45000076293945,,43.099998474121094,24.377216339111328,14.185999870300293,17.666000366210938,,50.9900016784668,
2011-05-09,38.54999923706055,,44.459999084472656,25.42040252685547,14.503999710083008,17.809999465942383,,54.20000076293945,
2011-05-10,38.96500015258789,,44.189998626708984,25.73753547668457,14.543999671936035,17.868000030517578,,54.95000076293945,
2011-05-11,37.56999969482422,,41.86000061035156,24.86125946044922,14.288000106811523,17.601999282836914,,51.439998626708984,
2011-05-12,37.45000076293945,,42.310001373291016,24.786149978637695,14.100000381469727,17.555999755859375,,50.16999816894531,
2011-05-13,37.779998779296875,,42.36000061035156,24.911331176757812,14.093999862670898,17.488000869750977,,50.4900016784668,
2011-05-16,36.7400016784668,,42.84000015258789,24.443981170654297,14.156000137329102,17.493000030517578,,47.810001373291016,
2011-05-17,36.709999084472656,,44.130001068115234,24.352182388305664,14.312000274658203,17.520000457763672,,47.95000076293945,
2011-05-18,37.314998626708984,,45.58000183105469,24.719383239746094,14.581999778747559,17.55699920654297,,48.290000915527344,
2011-05-19,37.1150016784668,,44.779998779296875,24.59419822692871,14.468000411987305,17.533000946044922,,47.939998626708984,
2011-05-20,37.505001068115234,,45.02000045776367,24.902984619140625,14.618000030517578,17.601999282836914,,48.689998626708984,
2011-05-23,36.70000076293945,,45.189998626708984,24.377216339111328,14.5,17.410999298095703,,47.97999954223633,
2011-05-24,37.39500045776367,,44.7599983215332,24.86125946044922,14.67199993133545,17.510000228881836,,49.11000061035156,
2011-05-25,38.224998474121094,,45.22999954223633,25.295223236083984,14.87399959564209,17.665000915527344,,49.56999969482422,
2011-05-26,38.279998779296875,,45.84000015258789,25.253496170043945,15.013999938964844,17.586000442504883,,49.90999984741211,
2011-05-27,38.2599983215332,,45.9900016784668,25.403715133666992,15.069999694824219,17.857999801635742,,50.22999954223633,
2011-05-31,38.775001525878906,,45.29999923706055,25.770915985107422,15.392000198364258,18.166000366210938,,50.61000061035156,
2011-06-01,38.08000183105469,,45.689998626708984,25.361984252929688,15.380000114440918,18.045000076293945,,49.66999816894531,
2011-06-02,38.474998474121094,,46.790000915527344,25.595659255981445,15.315999984741211,18.013999938964844,,49.2599983215332,
2011-06-03,38.61000061035156,,46.20000076293945,25.587316513061523,15.5600004196167,17.985000610351562,,49.72999954223633,
2011-06-06,37.93000030517578,,45.02000045776367,25.336952209472656,15.63599967956543,17.959999084472656,,48.84000015258789,
2011-06-07,38.80500030517578,,45.77000045776367,25.729188919067383,16.055999755859375,18.17099952697754,,49.40999984741211,
2011-06-08,39.22999954223633,,46.650001525878906,25.929481506347656,15.986000061035156,18.093000411987305,,49.310001373291016,
2011-06-09,39.790000915527344,,48.22999954223633,26.11308479309082,16.222000122070312,18.266000747680664,,50.349998474121094,
2011-06-10,39.404998779296875,,47.91999816894531,25.87940788269043,16.134000778198242,18.11199951171875,,49.88999938964844,
2011-06-13,39.46500015258789,,47.56999969482422,25.69580841064453,15.78600025177002,17.85099983215332,,49.72999954223633,
2011-06-14,39.790000915527344,,46.540000915527344,25.971208572387695,15.748000144958496,17.808000564575195,,50.63999938964844,
2011-06-15,37.93000030517578,,45.06999969482422,24.98643684387207,15.343999862670898,17.61199951171875,,48.779998779296875,
2011-06-16,38.040000915527344,,43.86000061035156,24.936365127563477,14.996000289916992,17.413000106811523,,48.88999938964844,
2011-06-17,37.78499984741211,,44.540000915527344,24.677654266357422,14.819999694824219,17.430999755859375,,48.7599983215332,
2011-06-20,37.2400016784668,,44.689998626708984,24.45232391357422,14.814000129699707,17.16900062561035,,48.11000061035156,
2011-06-21,36.82500076293945,,45.95000076293945,24.293764114379883,15.223999977111816,17.333999633789062,,47.58000183105469,
2011-06-22,37.904998779296875,,43.790000915527344,24.74441909790039,15.144000053405762,17.33300018310547,,49.13999938964844,
2011-06-23,36.01499938964844,,43.77000045776367,23.976633071899414,14.833999633789062,16.888999938964844,,47.119998931884766,
2011-06-24,35.21500015258789,,42.79999923706055,23.717924118041992,14.505999565124512,16.709999084472656,,46.0,
2011-06-27,35.53499984741211,,42.209999084472656,23.667848587036133,14.435999870300293,16.61199951171875,,46.31999969482422,
2011-06-28,36.2599983215332,,44.16999816894531,24.168581008911133,14.642000198364258,16.79400062561035,,47.459999084472656,
2011-06-29,37.474998474121094,,44.369998931884766,24.82787322998047,14.930000305175781,17.145000457763672,,49.529998779296875,
2011-06-30,37.380001068115234,,40.5,24.811182022094727,15.100000381469727,17.113000869750977,,49.84000015258789,
2011-07-01,37.21500015258789,,41.13999938964844,24.719383239746094,15.020000457763672,17.042999267578125,,50.029998779296875,
2011-07-05,37.82500076293945,,42.040000915527344,25.028167724609375,15.371999740600586,17.239999771118164,,50.15999984741211,
2011-07-06,37.85499954223633,,41.7400016784668,24.99478530883789,15.17199993133545,17.086000442504883,,50.529998779296875,
2011-07-07,39.345001220703125,,42.04999923706055,25.73753547668457,15.597999572753906,17.30699920654297,,52.47999954223633,
2011-07-08,39.334999084472656,,43.13999938964844,25.620698928833008,15.40999984741211,17.20800018310547,,52.209999084472656,
2011-07-11,38.86000061035156,,42.970001220703125,25.412059783935547,15.227999687194824,17.117000579833984,,51.709999084472656,
2011-07-12,38.88999938964844,,44.439998626708984,25.52889633178711,15.17199993133545,17.202999114990234,,51.97999954223633,
2011-07-13,39.34000015258789,,45.81999969482422,25.846023559570312,15.470000267028809,17.41200065612793,,52.97999954223633,
2011-07-14,38.869998931884766,,45.61000061035156,25.604007720947266,15.38599967956543,17.54400062561035,,52.54999923706055,
2011-07-15,39.310001373291016,,45.720001220703125,25.87940788269043,15.529999732971191,17.448999404907227,,52.900001525878906,
2011-07-18,38.85499954223633,,45.22999954223633,25.57062339782715,15.77400016784668,17.5939998626709,,52.29999923706055,
2011-07-19,39.185001373291016,,45.7599983215332,25.787607192993164,15.630000114440918,17.554000854492188,,52.58000183105469,
2011-07-20,39.5,,45.18000030517578,25.904443740844727,15.781999588012695,17.59000015258789,,53.040000915527344,
2011-07-21,39.41999816894531,,44.77000045776367,25.829336166381836,15.954000473022461,17.709999084472656,,52.52000045776367,
2011-07-22,39.654998779296875,,45.540000915527344,25.946170806884766,16.003999710083008,17.770999908447266,,53.099998474121094,
2011-07-25,39.31999969482422,,45.029998779296875,25.82099151611328,15.98799991607666,17.75,,52.810001373291016,
2011-07-26,39.564998626708984,,45.75,25.92113494873047,16.604000091552734,17.89699935913086,,53.18000030517578,
2011-07-27,39.28499984741211,,46.130001068115234,25.662425994873047,16.45599937438965,17.854999542236328,,52.88999938964844,
2011-07-28,39.18000030517578,,45.9900016784668,25.629043579101562,16.38800048828125,17.722999572753906,,52.529998779296875,
2011-07-29,38.974998474121094,,44.7599983215332,25.428749084472656,16.381999969482422,17.601999282836914,,52.41999816894531,
2011-08-01,39.07500076293945,,46.209999084472656,25.428749084472656,16.440000534057617,17.792999267578125,,52.47999954223633,
2011-08-02,38.7599983215332,,47.5099983215332,25.145004272460938,16.36400032043457,17.801000595092773,,51.849998474121094,
2011-08-03,37.80500030517578,,47.27000045776367,24.59419822692871,15.732000350952148,17.642000198364258,,50.209999084472656,
2011-08-04,35.92499923706055,,46.52000045776367,23.40913963317871,14.772000312805176,17.049999237060547,,46.959999084472656,
2011-08-05,36.529998779296875,,46.849998474121094,23.709577560424805,14.72599983215332,17.003999710083008,,48.150001525878906,
2011-08-08,34.6150016784668,,45.13999938964844,22.599624633789062,14.276000022888184,17.054000854492188,,46.099998474121094,
2011-08-09,34.93000030517578,,46.02000045776367,22.716461181640625,14.543999671936035,17.38599967956543,,46.5,
2011-08-10,35.314998626708984,,45.4900016784668,22.783222198486328,14.458000183105469,17.541000366210938,,47.31999969482422,
2011-08-11,36.06999969482422,,47.279998779296875,23.32568359375,14.692000389099121,17.68400001525879,,48.47999954223633,
2011-08-12,36.01499938964844,,47.27000045776367,23.258920669555664,14.795999526977539,17.81999969482422,,48.2400016784668,
2011-08-15,36.709999084472656,,47.810001373291016,23.717924118041992,14.857999801635742,17.91200065612793,,49.150001525878906,
2011-08-16,36.59000015258789,,48.09000015258789,23.567703247070312,14.998000144958496,18.020000457763672,,49.0,
2011-08-17,37.005001068115234,,48.040000915527344,23.801376342773438,15.380000114440918,18.187999725341797,,49.25,
2011-08-18,35.625,,47.150001525878906,22.81661033630371,14.956000328063965,18.277999877929688,,47.720001220703125,
2011-08-19,36.39500045776367,,47.83000183105469,23.308992385864258,14.755999565124512,18.56999969482422,,48.970001220703125,
2011-08-22,36.154998779296875,,48.54999923706055,23.258920669555664,15.13599967956543,18.910999298095703,,48.5099983215332,
2011-08-23,36.83000183105469,,49.20000076293945,23.601085662841797,15.092000007629395,18.465999603271484,,49.599998474121094,
2011-08-24,36.775001525878906,,48.779998779296875,23.559358596801758,14.862000465393066,18.02199935913086,,49.43000030517578,
2011-08-25,36.939998626708984,,48.79999923706055,23.63446807861328,14.807999610900879,18.040000915527344,,50.119998931884766,
2011-08-26,37.125,,50.06999969482422,23.692886352539062,15.0600004196167,18.132999420166016,,49.939998626708984,
2011-08-29,37.5099983215332,,50.369998931884766,23.85979461669922,14.935999870300293,18.0939998626709,,49.7599983215332,
2011-08-30,38.099998474121094,,50.400001525878906,24.226999282836914,15.368000030517578,18.398000717163086,,50.88999938964844,
2011-08-31,38.275001525878906,,50.20000076293945,24.39390754699707,15.486000061035156,18.274999618530273,,51.439998626708984,
2011-09-01,38.154998779296875,,48.58000183105469,24.310453414916992,15.581999778747559,18.34000015258789,,51.77000045776367,
2011-09-02,37.61000061035156,,49.7400016784668,23.86814308166504,15.428000450134277,18.63599967956543,,50.93000030517578,
2011-09-06,37.8650016784668,,49.4900016784668,23.909868240356445,14.871999740600586,18.381000518798828,,50.720001220703125,
2011-09-07,38.720001220703125,,49.25,24.45232391357422,14.902000427246094,18.038000106811523,,52.04999923706055,
2011-09-08,38.04999923706055,,48.560001373291016,24.126853942871094,14.982000350952148,18.429000854492188,,51.58000183105469,
2011-09-09,37.34000015258789,,48.66999816894531,23.651159286499023,14.60200023651123,18.132999420166016,,49.77000045776367,
2011-09-12,37.279998779296875,,49.130001068115234,23.559358596801758,13.991999626159668,17.915000915527344,,49.349998474121094,
2011-09-13,36.94499969482422,,47.68000030517578,23.584396362304688,14.357999801635742,17.975000381469727,,49.209999084472656,
2011-09-14,36.8849983215332,,47.880001068115234,23.4842472076416,14.229999542236328,17.95800018310547,,48.790000915527344,
2011-09-15,37.79999923706055,,46.560001373291016,23.85979461669922,14.381999969482422,17.71299934387207,,49.79999923706055,
2011-09-16,37.78499984741211,,45.97999954223633,23.767995834350586,14.444000244140625,17.9060001373291,,49.959999084472656,
2011-09-19,36.814998626708984,25.110000610351562,45.650001525878906,23.233882904052734,14.142000198364258,17.5939998626709,24.549999237060547,48.38999938964844,122.8499984741211
2011-09-20,37.154998779296875,25.56999969482422,45.540000915527344,23.317337036132812,14.152000427246094,17.618000030517578,25.079999923706055,48.470001220703125,124.3499984741211
2011-09-21,36.869998931884766,24.729999542236328,44.79999923706055,23.00855255126953,13.706000328063965,17.503999710083008,24.34000015258789,47.75,121.1500015258789
2011-09-22,35.474998474121094,23.760000228881836,42.9900016784668,22.140625,12.784000396728516,16.704999923706055,24.0,45.95000076293945,115.0
2011-09-23,35.05500030517578,23.329999923706055,42.45000076293945,21.973712921142578,12.45199966430664,15.885000228881836,23.0,45.86000061035156,117.80000305175781
2011-09-26,35.29999923706055,23.420000076293945,43.209999084472656,22.148967742919922,12.442000389099121,15.357000350952148,23.459999084472656,46.09000015258789,117.94999694824219
2011-09-27,36.005001068115234,23.719999313354492,43.20000076293945,22.591278076171875,12.802000045776367,15.479999542236328,23.389999389648438,47.54999923706055,119.0
2011-09-28,34.834999084472656,23.5,41.869998931884766,21.957019805908203,12.321999549865723,15.071000099182129,22.709999084472656,46.47999954223633,116.1500015258789
2011-09-29,35.14500045776367,25.15999984741211,42.470001220703125,22.123931884765625,12.263999938964844,15.152000427246094,22.90999984741211,46.619998931884766,116.80000305175781
2011-09-30,33.81999969482422,24.3700008392334,39.880001068115234,21.45629119873047,12.0,15.031999588012695,22.1299991607666,45.939998626708984,113.5
2011-10-03,33.70000076293945,24.3700008392334,39.83000183105469,21.09743309020996,11.581999778747559,14.822999954223633,21.719999313354492,45.369998931884766,114.0
2011-10-04,34.029998779296875,24.3700008392334,39.88999938964844,21.2309627532959,10.928000450134277,14.579000473022461,21.690000534057617,45.560001373291016,114.25
2011-10-05,34.665000915527344,23.469999313354492,41.0,21.589818954467773,11.284000396728516,14.70300006866455,21.65999984741211,46.5,115.44999694824219
2011-10-06,35.72999954223633,23.469999313354492,40.84000015258789,22.232423782348633,11.97599983215332,14.949999809265137,21.59000015258789,48.54999923706055,114.3499984741211
2011-10-07,35.67499923706055,24.149999618530273,40.54999923706055,22.10723876953125,11.67199993133545,14.760000228881836,21.729999542236328,47.81999969482422,113.80000305175781
2011-10-10,36.724998474121094,24.149999618530273,40.84000015258789,22.616315841674805,12.156000137329102,15.074999809265137,21.920000076293945,49.06999969482422,114.05000305175781
2011-10-11,36.900001525878906,24.510000228881836,43.279998779296875,22.699769973754883,12.008000373840332,15.045999526977539,21.920000076293945,49.58000183105469,114.25
2011-10-12,37.20000076293945,24.510000228881836,42.90999984741211,22.724807739257812,12.064000129699707,15.338000297546387,22.829999923706055,49.599998474121094,116.94999694824219
2011-10-13,37.42499923706055,24.510000228881836,42.47999954223633,22.88336944580078,11.736000061035156,15.140000343322754,22.950000762939453,49.880001068115234,113.69999694824219
2011-10-14,38.65999984741211,26.239999771118164,42.9900016784668,23.534320831298828,12.36400032043457,15.364999771118164,23.280000686645508,51.2599983215332,112.6500015258789
2011-10-17,37.709999084472656,26.309999465942383,42.900001525878906,23.13373565673828,12.206000328063965,15.392000198364258,23.0,49.56999969482422,114.5
2011-10-18,38.154998779296875,26.309999465942383,42.86000061035156,23.39244842529297,12.289999961853027,15.199999809265137,22.799999237060547,50.0,114.4000015258789
2011-10-19,37.2599983215332,25.579999923706055,42.54999923706055,22.841644287109375,11.932000160217285,15.008999824523926,22.520000457763672,48.52000045776367,112.69999694824219
2011-10-20,37.654998779296875,25.579999923706055,43.2599983215332,22.93344497680664,11.630000114440918,14.777999877929688,22.299999237060547,48.59000015258789,113.44999694824219
2011-10-21,37.724998474121094,25.09000015258789,43.34000015258789,23.03359031677246,12.197999954223633,14.956000328063965,22.579999923706055,48.869998931884766,114.8499984741211
2011-10-24,38.154998779296875,25.350000381469727,43.20000076293945,23.32568359375,12.637999534606934,15.281999588012695,22.59000015258789,48.88999938964844,116.4000015258789
2011-10-25,38.040000915527344,25.350000381469727,43.43000030517578,23.317337036132812,12.706000328063965,15.449000358581543,22.700000762939453,48.9900016784668,116.6500015258789
2011-10-26,37.459999084472656,25.280000686645508,42.849998474121094,23.083662033081055,12.802000045776367,15.795000076293945,22.479999542236328,48.22999954223633,113.8499984741211
2011-10-27,38.400001525878906,25.520000457763672,43.61000061035156,23.7346134185791,13.196000099182129,16.211000442504883,23.079999923706055,49.36000061035156,118.0999984741211
2011-10-28,37.76499938964844,25.399999618530273,43.810001373291016,23.55101203918457,13.12399959564209,16.284000396728516,22.610000610351562,48.540000915527344,120.1500015258789
2011-10-31,37.5,25.059999465942383,43.209999084472656,23.342376708984375,12.82800006866455,15.843000411987305,22.209999084472656,47.630001068115234,116.8499984741211
2011-11-01,37.209999084472656,24.6200008392334,43.2400016784668,23.01689910888672,12.576000213623047,15.723999977111816,22.209999084472656,47.70000076293945,115.5
2011-11-02,37.48500061035156,24.639999389648438,43.0,23.18381118774414,12.862000465393066,15.824999809265137,22.209999084472656,48.11000061035156,114.3499984741211
2011-11-03,37.94499969482422,24.639999389648438,43.5,23.425827026367188,12.961999893188477,16.22100067138672,22.770000457763672,48.36000061035156,115.8499984741211
2011-11-04,38.47999954223633,24.639999389648438,43.540000915527344,23.7346134185791,12.98799991607666,16.18199920654297,22.520000457763672,49.040000915527344,114.30000305175781
2011-11-07,39.39500045776367,24.639999389648438,43.72999954223633,24.160234451293945,13.12399959564209,16.406999588012695,22.25,50.119998931884766,115.5999984741211
2011-11-08,39.54999923706055,25.15999984741211,44.09000015258789,24.243690490722656,13.329999923706055,16.413000106811523,22.270000457763672,49.75,119.5
2011-11-09,38.494998931884766,24.700000762939453,43.22999954223633,23.793033599853516,12.817999839782715,16.115999221801758,21.959999084472656,48.40999984741211,115.30000305175781
2011-11-10,38.834999084472656,24.690000534057617,42.56999969482422,23.926559448242188,12.795999526977539,16.03499984741211,21.59000015258789,48.099998474121094,113.5
2011-11-11,39.14500045776367,24.690000534057617,42.040000915527344,24.035051345825195,13.022000312805176,16.25200080871582,21.59000015258789,47.72999954223633,111.80000305175781
2011-11-14,38.474998474121094,24.059999465942383,41.66999816894531,23.759647369384766,13.128000259399414,16.246000289916992,21.709999084472656,46.310001373291016,111.75
2011-11-15,38.98500061035156,24.059999465942383,42.310001373291016,23.968284606933594,13.118000030517578,16.202999114990234,21.93000030517578,47.31999969482422,111.75
2011-11-16,38.415000915527344,24.049999237060547,41.959999084472656,24.00166893005371,12.79800033569336,16.01300048828125,21.920000076293945,47.56999969482422,110.5
2011-11-17,37.44499969482422,24.049999237060547,40.4900016784668,23.525976181030273,11.977999687194824,15.668000221252441,21.600000381469727,45.97999954223633,106.05000305175781
2011-11-18,37.29999923706055,23.670000076293945,40.22999954223633,23.317337036132812,11.90999984741211,15.70199966430664,21.600000381469727,45.619998931884766,105.44999694824219
2011-11-21,37.13999938964844,23.8799991607666,39.689998626708984,23.334028244018555,11.621999740600586,15.302000045776367,21.170000076293945,45.79999923706055,105.25
2011-11-22,37.849998474121094,23.8799991607666,39.40999984741211,23.61777687072754,11.932000160217285,15.513999938964844,21.25,46.77000045776367,106.0
2011-11-23,37.185001373291016,23.8799991607666,38.84000015258789,23.24222755432129,11.52400016784668,15.3100004196167,20.670000076293945,46.08000183105469,104.94999694824219
2011-11-25,36.689998626708984,22.860000610351562,38.5,23.058629989624023,11.218000411987305,15.121000289916992,20.530000686645508,45.09000015258789,102.6500015258789
2011-11-28,37.65999984741211,22.860000610351562,38.9900016784668,23.32568359375,11.461999893188477,15.244999885559082,20.8700008392334,46.040000915527344,103.0
2011-11-29,38.375,23.209999084472656,39.540000915527344,23.592741012573242,11.562000274658203,15.178999900817871,20.719999313354492,46.40999984741211,106.4000015258789
2011-11-30,38.224998474121094,23.420000076293945,39.59000015258789,23.684539794921875,12.144000053405762,15.390000343322754,20.84000015258789,46.70000076293945,107.55000305175781
2011-12-01,37.755001068115234,23.420000076293945,39.380001068115234,23.676193237304688,12.479999542236328,15.4399995803833,20.75,46.7599983215332,107.44999694824219
2011-12-02,38.17499923706055,23.239999771118164,39.189998626708984,23.968284606933594,12.741999626159668,15.279000282287598,20.969999313354492,48.119998931884766,106.75
2011-12-05,38.0,23.56999969482422,38.970001220703125,23.84310531616211,12.527999877929688,15.07699966430664,20.969999313354492,47.650001525878906,106.8499984741211
2011-12-06,38.27000045776367,23.56999969482422,39.22999954223633,23.95159912109375,13.255999565124512,15.093999862670898,20.969999313354492,48.2599983215332,105.30000305175781
2011-12-07,37.959999084472656,22.889999389648438,38.97999954223633,23.784687042236328,13.418000221252441,15.085000038146973,20.829999923706055,47.22999954223633,103.75
2011-12-08,37.20500183105469,23.65999984741211,39.279998779296875,23.317337036132812,13.288000106811523,14.760000228881836,20.8799991607666,46.61000061035156,104.4000015258789
2011-12-09,37.720001220703125,23.65999984741211,38.959999084472656,23.601085662841797,13.505999565124512,14.982000350952148,20.420000076293945,47.599998474121094,103.3499984741211
2011-12-12,37.2400016784668,23.68000030517578,38.869998931884766,23.24222755432129,13.020000457763672,14.687999725341797,20.420000076293945,47.06999969482422,101.75
2011-12-13,37.779998779296875,23.0,38.88999938964844,23.576047897338867,12.706000328063965,14.545999526977539,20.649999618530273,47.880001068115234,103.69999694824219
2011-12-14,36.119998931884766,22.549999237060547,38.0099983215332,22.532861709594727,12.227999687194824,14.015999794006348,20.649999618530273,45.65999984741211,101.94999694824219
2011-12-15,35.84000015258789,22.549999237060547,37.939998626708984,22.365947723388672,12.199999809265137,13.902000427246094,20.649999618530273,45.439998626708984,101.0999984741211
2011-12-16,36.025001525878906,22.770000457763672,38.310001373291016,22.374296188354492,12.32800006866455,14.026000022888184,20.780000686645508,45.619998931884766,101.80000305175781
2011-12-19,35.904998779296875,22.950000762939453,39.2599983215332,22.21573257446289,12.022000312805176,13.904000282287598,20.81999969482422,45.45000076293945,103.94999694824219
2011-12-20,37.130001068115234,22.950000762939453,39.849998474121094,22.941787719726562,12.40999984741211,14.13599967956543,20.81999969482422,47.08000183105469,106.05000305175781
2011-12-21,37.43000030517578,22.950000762939453,40.310001373291016,23.13373565673828,12.53600025177002,14.140999794006348,21.329999923706055,47.7400016784668,106.8499984741211
2011-12-22,37.349998474121094,22.950000762939453,40.279998779296875,23.117048263549805,12.89799976348877,14.064000129699707,21.34000015258789,47.900001525878906,107.69999694824219
2011-12-23,37.349998474121094,23.15999984741211,40.40999984741211,23.117048263549805,13.069999694824219,14.100000381469727,21.31999969482422,48.91999816894531,107.4000015258789
2011-12-27,37.86000061035156,23.34000015258789,41.16999816894531,23.45086669921875,13.076000213623047,14.157999992370605,21.920000076293945,48.70000076293945,111.0999984741211
2011-12-28,37.2599983215332,22.850000381469727,41.619998931884766,23.142080307006836,12.498000144958496,13.685999870300293,21.729999542236328,48.119998931884766,111.0
2011-12-29,37.46500015258789,22.979999542236328,41.5,23.26726531982422,12.425999641418457,13.545000076293945,21.809999465942383,48.54999923706055,111.6500015258789
2011-12-30,37.31999969482422,22.93000030517578,41.97999954223633,23.050283432006836,12.911999702453613,13.781999588012695,22.059999465942383,48.31999969482422,112.0
2012-01-03,38.95500183105469,23.809999465942383,42.619998931884766,23.98497772216797,13.09000015258789,14.152999877929688,22.290000915527344,50.04999923706055,112.30000305175781
2012-01-04,39.47999954223633,24.329999923706055,42.5099983215332,24.39390754699707,12.842000007629395,14.053999900817871,22.15999984741211,50.72999954223633,111.0
2012-01-05,39.125,22.84000015258789,41.5099983215332,24.0767822265625,12.631999969482422,13.982999801635742,21.850000381469727,49.779998779296875,108.6500015258789
2012-01-06,39.42499923706055,22.850000381469727,41.349998474121094,24.27707290649414,12.180000305175781,13.855999946594238,21.5,50.310001373291016,107.9000015258789
2012-01-09,39.04499816894531,23.0,42.189998626708984,24.151887893676758,12.215999603271484,14.116000175476074,22.139999389648438,50.119998931884766,109.3499984741211
2012-01-10,39.34000015258789,23.0,42.04999923706055,24.226999282836914,12.553999900817871,14.461999893188477,22.06999969482422,50.52000045776367,108.80000305175781
2012-01-11,39.130001068115234,23.299999237060547,42.060001373291016,23.99332618713379,12.748000144958496,14.756999969482422,21.729999542236328,50.38999938964844,111.25
2012-01-12,38.45500183105469,23.040000915527344,39.75,23.60942840576172,12.562000274658203,14.79800033569336,21.290000915527344,49.630001068115234,105.80000305175781
2012-01-13,38.630001068115234,22.950000762939453,39.189998626708984,23.64281463623047,12.628000259399414,14.720000267028809,21.15999984741211,50.08000183105469,104.6500015258789
2012-01-17,38.78499984741211,23.209999084472656,39.25,23.717924118041992,12.871999740600586,15.031999588012695,21.200000762939453,50.5,104.80000305175781
2012-01-18,38.61000061035156,23.209999084472656,38.63999938964844,23.684539794921875,13.244000434875488,15.053999900817871,21.15999984741211,51.5,102.5
2012-01-19,38.84000015258789,23.6200008392334,39.2599983215332,23.651159286499023,13.42199993133545,15.031000137329102,21.3799991607666,51.29999923706055,102.5
2012-01-20,38.34000015258789,23.670000076293945,39.45000076293945,23.359067916870117,13.394000053405762,15.168999671936035,21.34000015258789,50.70000076293945,102.55000305175781
2012-01-23,38.57500076293945,23.979999542236328,39.81999969482422,23.61777687072754,13.618000030517578,15.447999954223633,21.34000015258789,50.689998626708984,105.3499984741211
2012-01-24,38.3650016784668,23.90999984741211,40.36000061035156,23.567703247070312,13.460000038146973,15.288000106811523,21.34000015258789,51.060001373291016,105.3499984741211
2012-01-25,38.439998626708984,23.799999237060547,40.66999816894531,23.793033599853516,13.727999687194824,15.640999794006348,21.829999923706055,51.630001068115234,108.5
2012-01-26,38.6349983215332,23.81999969482422,40.65999984741211,23.784687042236328,13.680000305175781,15.902000427246094,21.75,51.779998779296875,109.05000305175781
2012-01-27,38.81999969482422,23.440000534057617,41.06999969482422,23.95159912109375,13.64799976348877,16.014999389648438,21.75,53.04999923706055,108.9000015258789
2012-01-30,38.599998474121094,23.219999313354492,40.54999923706055,23.65950584411621,13.60200023651123,15.90999984741211,21.100000381469727,52.13999938964844,108.75
2012-01-31,38.64500045776367,23.170000076293945,40.880001068115234,23.584396362304688,13.579999923706055,15.685999870300293,21.399999618530273,52.5,112.19999694824219
2012-02-01,38.89500045776367,22.940000534057617,41.0099983215332,23.55101203918457,13.805999755859375,15.973999977111816,21.399999618530273,52.29999923706055,111.5
2012-02-02,39.099998474121094,22.860000610351562,41.33000183105469,23.70123291015625,13.991999626159668,16.077999114990234,21.399999618530273,52.22999954223633,111.5
2012-02-03,39.849998474121094,23.1299991607666,41.290000915527344,24.0767822265625,13.972000122070312,16.000999450683594,22.040000915527344,52.90999984741211,111.19999694824219
2012-02-06,40.5,23.1299991607666,41.380001068115234,24.377216339111328,13.96399974822998,16.059999465942383,22.06999969482422,53.38999938964844,110.94999694824219
2012-02-07,40.45000076293945,23.360000610351562,41.06999969482422,24.377216339111328,13.984000205993652,16.30500030517578,21.899999618530273,53.16999816894531,109.75
2012-02-08,40.845001220703125,23.450000762939453,41.08000183105469,24.535781860351562,14.119999885559082,16.450000762939453,22.020000457763672,54.06999969482422,108.80000305175781
2012-02-09,41.27000045776367,23.450000762939453,40.619998931884766,24.74441909790039,14.022000312805176,16.344999313354492,22.079999923706055,54.720001220703125,106.5999984741211
2012-02-10,40.849998474121094,23.5,40.150001525878906,24.59419822692871,13.90999984741211,16.3799991607666,22.079999923706055,54.119998931884766,105.8499984741211
2012-02-13,40.8849983215332,23.5,40.61000061035156,24.685998916625977,13.770000457763672,16.292999267578125,22.200000762939453,54.52000045776367,105.9000015258789
2012-02-14,41.040000915527344,23.020000457763672,40.34000015258789,24.786149978637695,13.571999549865723,16.099000930786133,22.270000457763672,54.25,104.4000015258789
2012-02-15,41.564998626708984,23.1200008392334,39.95000076293945,24.95305824279785,13.491999626159668,16.134000778198242,22.360000610351562,54.5099983215332,103.0999984741211
2012-02-16,41.904998779296875,23.389999389648438,40.40999984741211,25.128311157226562,13.72599983215332,16.03700065612793,22.31999969482422,55.099998474121094,103.19999694824219
2012-02-17,41.720001220703125,23.299999237060547,40.63999938964844,25.195077896118164,13.520000457763672,16.11199951171875,22.459999084472656,55.04999923706055,104.4000015258789
2012-02-21,42.28499984741211,23.6200008392334,40.18000030517578,25.54558753967285,14.022000312805176,16.65399932861328,22.3700008392334,55.79999923706055,103.1500015258789
2012-02-22,42.869998931884766,23.6200008392334,40.5,25.729188919067383,14.302000045776367,17.030000686645508,22.350000381469727,56.150001525878906,104.30000305175781
2012-02-23,43.20000076293945,23.6200008392334,40.31999969482422,25.96286392211914,14.180000305175781,17.031999588012695,22.8799991607666,56.68000030517578,104.0999984741211
2012-02-24,43.7400016784668,24.260000228881836,40.27000045776367,26.21323013305664,14.065999984741211,16.9060001373291,22.59000015258789,57.16999816894531,103.80000305175781
2012-02-27,43.05500030517578,24.65999984741211,40.38999938964844,25.779260635375977,13.88599967956543,16.849000930786133,22.170000076293945,56.40999984741211,105.25
2012-02-28,42.474998474121094,24.59000015258789,41.029998779296875,25.45378875732422,14.253999710083008,16.974000930786133,22.969999313354492,55.52000045776367,109.0
2012-02-29,42.915000915527344,23.360000610351562,41.09000015258789,25.604007720947266,13.84000015258789,16.562000274658203,21.299999237060547,56.08000183105469,108.0999984741211
2012-03-01,44.290000915527344,24.200000762939453,40.9900016784668,26.104736328125,14.092000007629395,16.79199981689453,23.360000610351562,57.66999816894531,108.44999694824219
2012-03-02,43.23500061035156,24.549999237060547,41.130001068115234,25.629043579101562,14.064000129699707,16.742000579833984,23.299999237060547,56.47999954223633,108.94999694824219
2012-03-05,43.34000015258789,24.549999237060547,41.2599983215332,25.662425994873047,13.904000282287598,16.365999221801758,23.200000762939453,56.130001068115234,108.75
2012-03-06,42.68000030517578,23.459999084472656,40.66999816894531,25.30356788635254,13.074000358581543,15.934000015258789,23.190000534057617,55.61000061035156,107.5
2012-03-07,43.415000915527344,23.459999084472656,40.040000915527344,25.629043579101562,13.522000312805176,16.0939998626709,23.399999618530273,56.470001220703125,103.5
2012-03-08,43.849998474121094,23.079999923706055,39.83000183105469,25.854372024536133,13.800000190734863,16.356000900268555,23.5,56.959999084472656,103.25
2012-03-09,44.04499816894531,23.31999969482422,40.18000030517578,25.971208572387695,13.911999702453613,16.6299991607666,23.59000015258789,57.380001068115234,103.94999694824219
2012-03-12,43.810001373291016,22.690000534057617,40.97999954223633,25.804296493530273,13.871999740600586,16.718000411987305,23.030000686645508,57.11000061035156,105.5999984741211
2012-03-13,44.11000061035156,23.270000457763672,40.959999084472656,25.979555130004883,13.911999702453613,16.652000427246094,23.219999313354492,57.65999984741211,105.5999984741211
2012-03-14,43.744998931884766,23.270000457763672,41.04999923706055,25.779260635375977,13.755999565124512,16.482999801635742,23.5,57.470001220703125,105.30000305175781
2012-03-15,43.040000915527344,23.270000457763672,41.31999969482422,25.478824615478516,13.960000038146973,16.59000015258789,23.90999984741211,56.45000076293945,106.3499984741211
2012-03-16,44.279998779296875,23.270000457763672,41.56999969482422,26.063011169433594,13.803999900817871,16.49799919128418,23.940000534057617,57.7400016784668,105.25
2012-03-19,44.07500076293945,23.270000457763672,41.11000061035156,26.021282196044922,13.958000183105469,16.577999114990234,23.6200008392334,57.790000915527344,105.5999984741211
2012-03-20,43.619998931884766,24.15999984741211,40.29999923706055,25.69580841064453,13.673999786376953,16.315000534057617,23.34000015258789,57.61000061035156,103.5
2012-03-21,43.52000045776367,24.15999984741211,40.0,25.662425994873047,13.513999938964844,16.167999267578125,23.34000015258789,57.400001525878906,103.80000305175781
2012-03-22,43.209999084472656,24.15999984741211,40.0,25.387025833129883,12.880000114440918,15.973999977111816,23.510000228881836,57.119998931884766,102.25
2012-03-23,43.93000030517578,24.15999984741211,40.040000915527344,25.69580841064453,13.005999565124512,16.04400062561035,23.899999618530273,57.90999984741211,106.75
2012-03-26,44.125,23.6200008392334,39.720001220703125,25.79595184326172,13.161999702453613,16.26300048828125,24.010000228881836,58.41999816894531,105.8499984741211
2012-03-27,43.974998474121094,23.440000534057617,39.33000183105469,25.720842361450195,12.989999771118164,16.315000534057617,23.780000686645508,58.130001068115234,104.05000305175781
2012-03-28,43.654998779296875,23.440000534057617,38.560001373291016,25.52889633178711,12.753999710083008,16.135000228881836,23.540000915527344,57.939998626708984,104.69999694824219
2012-03-29,43.03499984741211,23.440000534057617,37.59000015258789,25.044857025146484,12.734000205993652,16.05699920654297,23.639999389648438,57.459999084472656,100.25
2012-03-30,43.150001525878906,23.790000915527344,39.2599983215332,25.07823944091797,12.894000053405762,16.172000885009766,24.100000381469727,57.15999984741211,105.44999694824219
2012-04-02,44.08000183105469,23.790000915527344,39.709999084472656,25.620698928833008,12.991999626159668,16.297000885009766,24.34000015258789,58.189998626708984,106.0
2012-04-03,43.8849983215332,23.540000915527344,39.810001373291016,25.470476150512695,12.925999641418457,16.20400047302246,24.600000381469727,58.54999923706055,105.8499984741211
2012-04-04,43.095001220703125,23.6299991607666,39.47999954223633,25.028167724609375,12.513999938964844,15.774999618530273,24.389999389648438,57.5099983215332,103.30000305175781
2012-04-05,43.36000061035156,23.780000686645508,39.650001525878906,25.128311157226562,12.75,15.817999839782715,24.420000076293945,57.33000183105469,102.6500015258789
2012-04-09,43.04999923706055,23.950000762939453,39.40999984741211,25.019821166992188,12.65999984741211,15.904000282287598,24.65999984741211,56.65999984741211,102.30000305175781
2012-04-10,42.14500045776367,23.950000762939453,38.790000915527344,24.535781860351562,12.595999717712402,15.75,24.139999389648438,55.880001068115234,99.4000015258789
2012-04-11,42.18000030517578,23.950000762939453,38.83000183105469,24.6693115234375,12.579999923706055,15.609000205993652,23.799999237060547,56.529998779296875,100.5999984741211
2012-04-12,42.880001068115234,23.459999084472656,38.90999984741211,24.96974754333496,12.90999984741211,15.807000160217285,24.110000610351562,57.7400016784668,102.25
2012-04-13,42.81999969482422,23.020000457763672,38.22999954223633,24.95305824279785,12.727999687194824,15.61400032043457,24.3700008392334,57.70000076293945,99.5999984741211
2012-04-16,41.744998931884766,22.399999618530273,37.540000915527344,24.59419822692871,12.892000198364258,15.534000396728516,23.950000762939453,56.08000183105469,99.4000015258789
2012-04-17,41.849998474121094,22.770000457763672,37.47999954223633,24.685998916625977,13.079999923706055,15.61400032043457,24.15999984741211,55.79999923706055,98.8499984741211
2012-04-18,41.6349983215332,22.770000457763672,37.16999816894531,24.51909065246582,12.930000305175781,15.534000396728516,23.8700008392334,55.41999816894531,97.44999694824219
2012-04-19,41.63999938964844,21.950000762939453,38.189998626708984,24.50240135192871,13.100000381469727,15.567999839782715,24.0,54.86000061035156,98.55000305175781
2012-04-20,41.900001525878906,21.950000762939453,37.5099983215332,24.652620315551758,13.324000358581543,15.581999778747559,23.959999084472656,54.849998474121094,99.0999984741211
2012-04-23,41.845001220703125,21.729999542236328,38.130001068115234,24.64427375793457,13.258000373840332,15.373000144958496,24.040000915527344,55.36000061035156,100.0999984741211
2012-04-24,41.63999938964844,21.639999389648438,38.040000915527344,24.569164276123047,13.175999641418457,15.236000061035156,24.200000762939453,54.880001068115234,101.55000305175781
2012-04-25,41.94499969482422,21.799999237060547,37.849998474121094,24.76945686340332,13.092000007629395,15.326000213623047,24.309999465942383,54.779998779296875,101.1500015258789
2012-04-26,42.26499938964844,21.799999237060547,37.7599983215332,24.86960220336914,13.258000373840332,15.461999893188477,24.18000030517578,55.02000045776367,98.94999694824219
2012-04-27,42.11000061035156,21.329999923706055,38.349998474121094,24.84456443786621,13.465999603271484,15.505999565124512,24.530000686645508,55.119998931884766,102.25
2012-04-30,42.099998474121094,21.1200008392334,38.88999938964844,24.95305824279785,13.482000350952148,15.454999923706055,24.459999084472656,54.779998779296875,102.1500015258789
2012-05-01,42.154998779296875,20.979999542236328,38.220001220703125,25.03651237487793,13.442000389099121,15.498000144958496,24.530000686645508,54.439998626708984,102.1500015258789
2012-05-02,41.654998779296875,21.09000015258789,37.5,24.736072540283203,13.163999557495117,15.40999984741211,24.15999984741211,54.119998931884766,98.0
2012-05-03,40.935001373291016,21.09000015258789,37.560001373291016,24.352182388305664,13.034000396728516,15.102999687194824,24.09000015258789,53.599998474121094,97.69999694824219
2012-05-04,39.904998779296875,21.09000015258789,37.5099983215332,23.62611961364746,12.855999946594238,15.064000129699707,23.90999984741211,52.2599983215332,95.19999694824219
2012-05-07,39.904998779296875,20.75,37.5,23.542667388916016,12.784000396728516,15.069999694824219,24.15999984741211,52.369998931884766,96.25
2012-05-08,39.80500030517578,20.56999969482422,37.709999084472656,23.584396362304688,12.270000457763672,14.906000137329102,23.450000762939453,52.77000045776367,96.55000305175781
2012-05-09,39.69499969482422,20.56999969482422,36.779998779296875,23.492595672607422,12.086000442504883,14.767999649047852,23.5,53.02000045776367,97.0
2012-05-10,39.60499954223633,20.399999618530273,35.880001068115234,23.434175491333008,12.118000030517578,14.659000396728516,23.950000762939453,52.70000076293945,93.19999694824219
2012-05-11,39.474998474121094,20.399999618530273,35.68000030517578,23.35072135925293,11.85200023651123,14.442999839782715,23.149999618530273,52.75,94.5
2012-05-14,39.025001525878906,20.399999618530273,35.529998779296875,22.9835205078125,11.642000198364258,14.184000015258789,22.649999618530273,51.77000045776367,93.0
2012-05-15,39.22999954223633,20.649999618530273,36.279998779296875,22.99186134338379,11.720000267028809,14.125,23.049999237060547,51.63999938964844,94.75
2012-05-16,38.55500030517578,20.649999618530273,37.060001373291016,22.841644287109375,11.668000221252441,14.095999717712402,23.0,51.02000045776367,99.0
2012-05-17,37.845001220703125,20.649999618530273,36.97999954223633,22.591278076171875,11.894000053405762,14.3100004196167,22.700000762939453,50.4900016784668,98.55000305175781
2012-05-18,37.720001220703125,20.399999618530273,37.34000015258789,22.441059112548828,11.911999702453613,14.342000007629395,22.459999084472656,50.54999923706055,102.94999694824219
2012-05-21,38.630001068115234,20.399999618530273,37.4900016784668,22.81661033630371,12.107999801635742,14.498000144958496,23.100000381469727,51.470001220703125,104.4000015258789
2012-05-22,38.16999816894531,19.899999618530273,36.43000030517578,22.624664306640625,12.067999839782715,14.258999824523926,22.010000228881836,51.13999938964844,103.5
2012-05-23,37.51499938964844,19.600000381469727,36.560001373291016,22.349260330200195,11.706000328063965,14.050000190734863,22.190000534057617,50.540000915527344,101.44999694824219
2012-05-24,37.720001220703125,19.600000381469727,35.97999954223633,22.374296188354492,11.553999900817871,13.98799991607666,22.31999969482422,50.58000183105469,102.69999694824219
2012-05-25,37.775001525878906,19.6200008392334,36.41999816894531,22.365947723388672,11.649999618530273,14.107000350952148,22.149999618530273,50.900001525878906,103.25
2012-05-29,37.685001373291016,19.59000015258789,35.97999954223633,22.249114990234375,11.904000282287598,14.069999694824219,22.520000457763672,50.970001220703125,101.4000015258789
2012-05-30,36.43000030517578,19.40999984741211,36.36000061035156,21.606510162353516,12.003999710083008,13.821999549865723,22.969999313354492,49.66999816894531,99.75
2012-05-31,35.970001220703125,19.25,36.209999084472656,21.35614585876465,12.062000274658203,13.954000473022461,22.389999389648438,48.81999969482422,100.25
2012-06-01,34.83000183105469,19.010000228881836,35.68000030517578,20.655120849609375,12.039999961853027,14.217000007629395,22.270000457763672,47.66999816894531,97.8499984741211
2012-06-04,34.97999954223633,19.0,36.34000015258789,20.780303955078125,12.07800006866455,14.116000175476074,22.31999969482422,48.040000915527344,99.1500015258789
2012-06-05,34.8849983215332,19.0,35.529998779296875,20.780303955078125,12.288000106811523,14.184000015258789,22.190000534057617,48.13999938964844,95.6500015258789
2012-06-06,35.584999084472656,21.510000228881836,36.18000030517578,21.10577964782715,12.387999534606934,14.427000045776367,22.829999923706055,48.380001068115234,95.44999694824219
2012-06-07,35.084999084472656,19.290000915527344,37.220001220703125,20.805341720581055,12.270000457763672,14.211999893188477,23.65999984741211,47.93000030517578,95.44999694824219
2012-06-08,35.345001220703125,19.290000915527344,37.689998626708984,20.972251892089844,12.029999732971191,14.133000373840332,23.239999771118164,48.369998931884766,99.30000305175781
2012-06-11,34.165000915527344,19.299999237060547,36.77000045776367,20.363027572631836,12.270000457763672,14.24899959564209,23.18000030517578,47.15999984741211,98.25
2012-06-12,34.44499969482422,19.149999618530273,36.15999984741211,20.50490379333496,12.314000129699707,14.352999687194824,23.170000076293945,47.61000061035156,100.5
2012-06-13,34.185001373291016,19.149999618530273,35.560001373291016,20.35468292236328,12.20199966430664,14.428999900817871,22.889999389648438,47.529998779296875,96.19999694824219
2012-06-14,34.67499923706055,18.6299991607666,36.04999923706055,20.755268096923828,12.491999626159668,14.741999626159668,22.780000686645508,48.25,96.1500015258789
2012-06-15,34.55500030517578,19.190000534057617,35.470001220703125,20.746923446655273,12.35200023651123,14.638999938964844,22.959999084472656,48.41999816894531,94.3499984741211
2012-06-18,34.0,19.190000534057617,37.04999923706055,20.580015182495117,12.46399974822998,14.630999565124512,23.1200008392334,47.650001525878906,96.5999984741211
2012-06-19,33.994998931884766,19.479999542236328,38.709999084472656,20.58835792541504,12.42199993133545,14.592000007629395,23.829999923706055,47.459999084472656,100.0
2012-06-20,32.83000183105469,19.479999542236328,38.90999984741211,20.095975875854492,12.239999771118164,14.343999862670898,23.959999084472656,46.189998626708984,100.8499984741211
2012-06-21,31.725000381469727,19.020000457763672,37.7599983215332,19.60359001159668,11.98799991607666,14.168000221252441,23.56999969482422,45.31999969482422,100.5
2012-06-22,32.470001220703125,18.770000457763672,38.0,19.85395622253418,12.005999565124512,14.142000198364258,23.329999923706055,45.79999923706055,100.30000305175781
2012-06-25,32.39500045776367,18.799999237060547,40.209999084472656,19.87064552307129,11.947999954223633,14.187999725341797,24.6200008392334,46.22999954223633,108.3499984741211
2012-06-26,32.994998931884766,18.829999923706055,41.61000061035156,20.070934295654297,11.732000350952148,14.059000015258789,24.239999771118164,46.599998474121094,109.80000305175781
2012-06-27,33.20000076293945,18.829999923706055,42.13999938964844,20.15439224243164,11.355999946594238,13.887999534606934,24.239999771118164,46.2400016784668,108.44999694824219
2012-06-28,32.584999084472656,19.18000030517578,41.79999923706055,19.8622989654541,11.128000259399414,13.678999900817871,24.0,45.68000030517578,109.94999694824219
2012-06-29,34.595001220703125,19.18000030517578,42.099998474121094,21.064054489135742,11.465999603271484,14.265999794006348,24.3799991607666,48.45000076293945,110.55000305175781
2012-07-02,34.494998931884766,19.469999313354492,43.529998779296875,20.822032928466797,11.347999572753906,14.333999633789062,24.719999313354492,48.41999816894531,112.0
2012-07-03,35.7400016784668,19.84000015258789,44.61000061035156,21.581472396850586,11.793999671936035,14.645999908447266,25.200000762939453,50.22999954223633,114.19999694824219
2012-07-05,35.58000183105469,20.0,46.41999816894531,21.514711380004883,11.539999961853027,14.513999938964844,26.0,50.900001525878906,119.6500015258789
2012-07-06,34.67499923706055,20.0,45.33000183105469,20.947214126586914,11.343999862670898,14.208999633789062,25.3799991607666,50.13999938964844,115.25
2012-07-09,35.290000915527344,20.81999969482422,47.599998474121094,21.272687911987305,11.496000289916992,14.220000267028809,26.270000457763672,50.91999816894531,118.0999984741211
2012-07-10,34.685001373291016,20.700000762939453,46.869998931884766,20.880451202392578,11.329999923706055,14.020000457763672,25.940000534057617,50.65999984741211,117.25
2012-07-11,35.619998931884766,21.0,45.95000076293945,21.381179809570312,11.468000411987305,14.041999816894531,25.559999465942383,51.2400016784668,115.6500015258789
2012-07-12,35.560001373291016,20.40999984741211,47.38999938964844,21.364490509033203,11.368000030517578,13.954000473022461,25.860000610351562,51.63999938964844,119.3499984741211
2012-07-13,36.14500045776367,20.760000228881836,48.029998779296875,21.689966201782227,11.477999687194824,14.069999694824219,26.200000762939453,51.91999816894531,119.80000305175781
2012-07-16,36.755001068115234,20.68000030517578,49.849998474121094,21.94867515563965,11.381999969482422,13.968000411987305,26.959999084472656,52.720001220703125,123.30000305175781
2012-07-17,36.845001220703125,20.690000534057617,49.7400016784668,22.015439987182617,11.468000411987305,13.935999870300293,26.65999984741211,52.540000915527344,123.19999694824219
2012-07-18,37.41999816894531,20.719999313354492,50.0099983215332,22.3242244720459,11.34000015258789,13.88700008392334,26.950000762939453,53.2599983215332,124.44999694824219
2012-07-19,38.28499984741211,20.780000686645508,48.7599983215332,22.733152389526367,11.5,13.977999687194824,27.059999465942383,54.439998626708984,123.3499984741211
2012-07-20,37.8650016784668,21.020000457763672,49.939998626708984,22.683082580566406,11.314000129699707,13.937999725341797,27.489999771118164,54.470001220703125,124.19999694824219
2012-07-23,36.79499816894531,21.020000457763672,49.599998474121094,22.057167053222656,11.248000144958496,13.793000221252441,26.559999465942383,53.06999969482422,121.9000015258789
2012-07-24,36.869998931884766,20.780000686645508,49.209999084472656,22.0488224029541,11.069999694824219,13.649999618530273,25.540000915527344,52.38999938964844,118.69999694824219
2012-07-25,37.07500076293945,20.829999923706055,49.77000045776367,22.082202911376953,11.130000114440918,13.777999877929688,26.450000762939453,52.060001373291016,123.0
2012-07-26,37.459999084472656,19.8799991607666,49.29999923706055,22.257457733154297,11.222000122070312,13.840999603271484,25.579999923706055,52.459999084472656,120.0
2012-07-27,37.79999923706055,20.540000915527344,50.08000183105469,22.407676696777344,11.37399959564209,13.902000427246094,26.260000228881836,53.5,123.0
2012-07-30,37.630001068115234,20.559999465942383,51.27000045776367,22.449405670166016,11.59000015258789,13.949999809265137,26.8700008392334,53.81999969482422,124.30000305175781
2012-07-31,37.01499938964844,20.559999465942383,50.939998626708984,22.115583419799805,11.593999862670898,13.946000099182129,26.75,52.970001220703125,122.0999984741211
2012-08-01,37.494998931884766,20.34000015258789,50.61000061035156,22.299184799194336,11.447999954223633,13.77400016784668,26.559999465942383,54.15999984741211,122.9000015258789
2012-08-02,37.63999938964844,20.06999969482422,50.5099983215332,22.140625,11.180000305175781,13.63700008392334,26.479999542236328,54.880001068115234,119.6500015258789
2012-08-03,38.665000915527344,20.0,51.0099983215332,22.716461181640625,11.368000030517578,13.807000160217285,26.639999389648438,56.099998474121094,123.75
2012-08-06,38.974998474121094,19.760000228881836,50.93000030517578,22.900062561035156,11.39799976348877,13.821000099182129,25.979999542236328,56.040000915527344,124.1500015258789
2012-08-07,39.69499969482422,19.600000381469727,50.7599983215332,23.26726531982422,11.526000022888184,13.890999794006348,25.799999237060547,57.22999954223633,124.0
2012-08-08,39.73500061035156,19.40999984741211,51.61000061035156,23.317337036132812,11.52400016784668,13.883999824523926,26.030000686645508,56.939998626708984,123.25
2012-08-09,40.279998779296875,19.229999542236328,51.939998626708984,23.534320831298828,11.534000396728516,13.920000076293945,26.700000762939453,57.7400016784668,126.25
2012-08-10,40.18000030517578,19.229999542236328,51.36000061035156,23.400794982910156,11.456000328063965,13.79800033569336,27.010000228881836,57.779998779296875,124.30000305175781
2012-08-13,40.20500183105469,19.0,50.400001525878906,23.36741065979004,11.29800033569336,13.656000137329102,26.229999542236328,57.349998474121094,120.30000305175781
2012-08-14,40.41999816894531,18.81999969482422,50.18000030517578,23.525976181030273,11.371999740600586,13.744000434875488,26.209999084472656,57.599998474121094,118.69999694824219
2012-08-15,41.20000076293945,19.020000457763672,50.790000915527344,23.84310531616211,11.355999946594238,13.730999946594238,26.719999313354492,58.970001220703125,118.5
2012-08-16,41.20500183105469,18.799999237060547,50.81999969482422,23.90152359008789,11.498000144958496,14.21399974822998,26.440000534057617,58.790000915527344,120.9000015258789
2012-08-17,40.97999954223633,19.200000762939453,50.779998779296875,23.84310531616211,11.984000205993652,14.527999877929688,26.729999542236328,58.119998931884766,121.44999694824219
2012-08-20,40.90999984741211,19.15999984741211,51.95000076293945,23.893177032470703,11.984000205993652,14.697999954223633,27.260000228881836,58.06999969482422,123.94999694824219
2012-08-21,41.21500015258789,18.530000686645508,52.66999816894531,24.0767822265625,12.277999877929688,14.829999923706055,27.959999084472656,58.650001525878906,126.5
2012-08-22,41.404998779296875,18.709999084472656,52.5,24.218652725219727,12.407999992370605,15.13599967956543,28.020000457763672,59.58000183105469,125.80000305175781
2012-08-23,41.29999923706055,18.760000228881836,51.349998474121094,24.10181427001953,12.850000381469727,15.15999984741211,27.639999389648438,59.52000045776367,122.30000305175781
2012-08-24,40.775001525878906,18.65999984741211,51.209999084472656,23.793033599853516,12.87399959564209,15.241999626159668,27.959999084472656,58.599998474121094,121.55000305175781
2012-08-27,40.42499923706055,18.3700008392334,50.790000915527344,23.667848587036133,12.789999961853027,15.178000450134277,27.860000610351562,59.83000183105469,120.8499984741211
2012-08-28,40.54999923706055,18.690000534057617,50.72999954223633,23.717924118041992,12.581999778747559,14.930000305175781,28.09000015258789,59.33000183105469,121.8499984741211
2012-08-29,40.55500030517578,18.549999237060547,51.459999084472656,23.684539794921875,12.449999809265137,14.920000076293945,28.34000015258789,59.119998931884766,124.3499984741211
2012-08-30,40.61000061035156,18.829999923706055,51.290000915527344,23.759647369384766,12.107999801635742,14.85099983215332,28.540000915527344,58.900001525878906,124.94999694824219
2012-08-31,41.27000045776367,18.770000457763672,50.939998626708984,24.143543243408203,12.347999572753906,15.152000427246094,28.420000076293945,60.15999984741211,122.94999694824219
2012-09-04,41.084999084472656,18.399999618530273,51.310001373291016,24.035051345825195,12.619999885559082,15.434000015258789,28.850000381469727,59.779998779296875,122.69999694824219
2012-09-05,40.76499938964844,18.260000228881836,50.81999969482422,23.909868240356445,12.685999870300293,15.458000183105469,28.530000686645508,59.63999938964844,119.94999694824219
2012-09-06,40.599998474121094,17.959999084472656,51.029998779296875,23.809724807739258,12.715999603271484,15.595000267028809,28.43000030517578,60.31999969482422,122.5
2012-09-07,41.189998626708984,18.329999923706055,50.9900016784668,24.085124969482422,12.881999969482422,15.680999755859375,28.270000457763672,61.150001525878906,123.5999984741211
2012-09-10,41.27000045776367,18.329999923706055,50.34000015258789,24.168581008911133,13.118000030517578,15.656000137329102,27.979999542236328,61.20000076293945,122.19999694824219
2012-09-11,41.43000030517578,18.270000457763672,50.0099983215332,24.310453414916992,13.175999641418457,15.788999557495117,27.670000076293945,61.540000915527344,121.69999694824219
2012-09-12,41.584999084472656,18.549999237060547,49.650001525878906,24.39390754699707,13.350000381469727,16.233999252319336,28.43000030517578,60.54999923706055,122.5999984741211
2012-09-13,41.81999969482422,18.700000762939453,49.970001220703125,24.469017028808594,13.515999794006348,16.56599998474121,28.549999237060547,59.939998626708984,123.75
2012-09-14,42.20500183105469,18.8700008392334,50.5,24.64427375793457,13.704000473022461,16.798999786376953,28.5,61.040000915527344,126.75
2012-09-17,40.91999816894531,18.84000015258789,48.59000015258789,23.968284606933594,13.312000274658203,16.3700008392334,27.280000686645508,59.220001220703125,121.69999694824219
2012-09-18,40.470001220703125,18.31999969482422,48.0099983215332,23.7346134185791,13.092000007629395,15.982000350952148,27.0,58.40999984741211,119.25
2012-09-19,39.005001068115234,18.0,48.66999816894531,22.9167537689209,13.206000328063965,16.118000030517578,27.40999984741211,56.560001373291016,120.8499984741211
2012-09-20,39.90999984741211,18.030000686645508,48.279998779296875,23.317337036132812,13.045999526977539,15.991000175476074,26.739999771118164,58.04999923706055,120.69999694824219
2012-09-21,40.290000915527344,18.350000381469727,48.380001068115234,23.534320831298828,13.156000137329102,16.08300018310547,26.920000076293945,58.70000076293945,123.5
2012-09-24,39.63999938964844,18.350000381469727,48.119998931884766,23.24222755432129,12.708000183105469,15.96399974822998,26.739999771118164,57.959999084472656,123.05000305175781
2012-09-25,39.76499938964844,18.850000381469727,48.130001068115234,23.308992385864258,12.520000457763672,16.011999130249023,26.75,58.720001220703125,121.6500015258789
2012-09-26,39.650001525878906,18.440000534057617,46.88999938964844,23.22553825378418,12.329999923706055,16.06800079345703,26.1299991607666,59.4900016784668,119.5999984741211
2012-09-27,40.560001373291016,18.530000686645508,46.22999954223633,23.717924118041992,12.508000373840332,16.232999801635742,25.959999084472656,60.2599983215332,117.4000015258789
2012-09-28,40.505001068115234,18.40999984741211,48.41999816894531,23.726266860961914,12.569999694824219,16.33799934387207,26.579999923706055,60.52000045776367,122.4000015258789
2012-10-01,40.4900016784668,19.030000686645508,48.36000061035156,23.784687042236328,12.630000114440918,16.52899932861328,26.06999969482422,60.599998474121094,119.9000015258789
2012-10-02,40.21500015258789,19.559999465942383,48.380001068115234,23.60942840576172,12.843999862670898,16.506999969482422,25.739999771118164,59.59000015258789,120.0999984741211
2012-10-03,39.0,19.5,48.290000915527344,22.8917179107666,12.86400032043457,16.615999221801758,25.799999237060547,58.099998474121094,119.3499984741211
2012-10-04,40.58000183105469,19.479999542236328,48.119998931884766,23.726266860961914,13.263999938964844,16.922000885009766,25.920000076293945,61.02000045776367,119.3499984741211
2012-10-05,40.369998931884766,19.389999389648438,47.720001220703125,23.64281463623047,12.965999603271484,16.759000778198242,25.90999984741211,61.43000030517578,118.3499984741211
2012-10-08,40.439998626708984,19.25,47.45000076293945,23.62611961364746,12.935999870300293,16.65399932861328,25.829999923706055,60.34000015258789,118.25
2012-10-09,41.165000915527344,19.209999084472656,47.41999816894531,24.051740646362305,12.916000366210938,16.601999282836914,25.889999389648438,61.540000915527344,119.05000305175781
2012-10-10,41.15999984741211,18.93000030517578,47.349998474121094,24.060089111328125,12.776000022888184,16.450000762939453,25.639999389648438,61.65999984741211,119.05000305175781
2012-10-11,41.779998779296875,18.440000534057617,49.2400016784668,24.36887550354004,12.8100004196167,16.520000457763672,26.06999969482422,61.279998779296875,121.30000305175781
2012-10-12,41.349998474121094,18.209999084472656,48.060001373291016,24.10181427001953,12.517999649047852,16.250999450683594,25.700000762939453,60.15999984741211,118.1500015258789
2012-10-15,41.560001373291016,17.860000610351562,47.189998626708984,24.10181427001953,12.442000389099121,16.114999771118164,25.25,59.290000915527344,116.25
2012-10-16,41.380001068115234,18.139999389648438,47.119998931884766,24.085124969482422,12.564000129699707,16.176000595092773,25.299999237060547,59.04999923706055,116.75
2012-10-17,41.10499954223633,18.09000015258789,47.459999084472656,23.98497772216797,12.803999900817871,16.378000259399414,25.530000686645508,57.81999969482422,117.69999694824219
2012-10-18,40.85499954223633,17.950000762939453,48.220001220703125,23.88483428955078,12.644000053405762,16.1200008392334,26.049999237060547,57.16999816894531,118.69999694824219
2012-10-19,40.029998779296875,18.170000076293945,48.2400016784668,23.45086669921875,12.331999778747559,15.918999671936035,25.770000457763672,55.81999969482422,120.0
2012-10-22,39.900001525878906,17.739999771118164,48.2400016784668,23.20050048828125,12.263999938964844,15.807999610900879,25.90999984741211,55.18000030517578,120.25
2012-10-23,39.290000915527344,17.639999389648438,48.04999923706055,22.81661033630371,11.67199993133545,15.449000358581543,25.940000534057617,54.349998474121094,119.25
2012-10-24,39.16999816894531,17.670000076293945,48.18000030517578,22.65804100036621,11.67199993133545,15.302000045776367,26.09000015258789,54.15999984741211,121.05000305175781
2012-10-25,39.470001220703125,17.579999923706055,47.7599983215332,22.8917179107666,11.892000198364258,15.418000221252441,26.06999969482422,55.099998474121094,120.8499984741211
2012-10-26,39.845001220703125,17.510000228881836,47.56999969482422,22.9835205078125,11.71399974822998,15.208000183105469,26.059999465942383,55.2400016784668,119.6500015258789
2012-10-31,39.435001373291016,17.549999237060547,48.13999938964844,22.824953079223633,11.944000244140625,15.444999694824219,25.950000762939453,54.91999816894531,119.9000015258789
2012-11-01,39.310001373291016,17.489999771118164,48.2599983215332,22.8917179107666,12.031999588012695,15.432999610900879,26.100000381469727,55.099998474121094,120.1500015258789
2012-11-02,38.45500183105469,17.6200008392334,47.58000183105469,22.390989303588867,11.824000358581543,15.1899995803833,25.6200008392334,53.849998474121094,121.1500015258789
2012-11-05,39.23500061035156,17.520000457763672,47.34000015258789,22.741498947143555,12.01200008392334,15.180999755859375,25.3799991607666,54.91999816894531,120.55000305175781
2012-11-06,40.33000183105469,17.770000457763672,47.56999969482422,23.317337036132812,12.154000282287598,15.276000022888184,25.540000915527344,56.380001068115234,120.6500015258789
2012-11-07,38.76499938964844,17.389999389648438,47.689998626708984,22.549551010131836,11.996000289916992,15.151000022888184,25.489999771118164,54.279998779296875,124.30000305175781
2012-11-08,38.849998474121094,17.209999084472656,47.560001373291016,22.56624412536621,12.088000297546387,15.206000328063965,25.309999465942383,54.459999084472656,124.30000305175781
2012-11-09,39.744998931884766,17.389999389648438,47.31999969482422,22.958480834960938,11.961999893188477,15.317000389099121,24.68000030517578,56.529998779296875,122.25
2012-11-12,39.54999923706055,17.489999771118164,46.099998474121094,22.900062561035156,11.965999603271484,15.388999938964844,23.940000534057617,55.84000015258789,118.44999694824219
2012-11-13,39.21500015258789,17.610000610351562,46.04999923706055,22.84998893737793,12.515999794006348,15.569999694824219,23.90999984741211,55.5099983215332,117.5
2012-11-14,39.73500061035156,17.459999084472656,46.13999938964844,23.04193878173828,12.527999877929688,15.60200023651123,23.979999542236328,56.099998474121094,117.55000305175781
2012-11-15,39.494998931884766,17.34000015258789,45.93000030517578,22.88336944580078,12.40999984741211,15.432999610900879,23.829999923706055,56.0,116.80000305175781
2012-11-16,39.970001220703125,17.3700008392334,46.18000030517578,23.13373565673828,12.305999755859375,15.305999755859375,23.59000015258789,56.65999984741211,115.55000305175781
2012-11-19,40.89500045776367,17.90999984741211,46.959999084472656,23.61777687072754,12.645999908447266,15.524999618530273,23.829999923706055,57.70000076293945,116.30000305175781
2012-11-20,40.275001525878906,17.829999923706055,47.150001525878906,23.35072135925293,12.496000289916992,15.468999862670898,24.079999923706055,56.86000061035156,117.0
2012-11-21,40.61000061035156,17.68000030517578,47.150001525878906,23.584396362304688,12.687999725341797,15.526000022888184,24.0,57.540000915527344,116.25
2012-11-23,40.76499938964844,17.389999389648438,47.38999938964844,23.692886352539062,13.131999969482422,15.963000297546387,24.059999465942383,57.599998474121094,116.25
2012-11-26,40.53499984741211,17.43000030517578,47.59000015258789,23.442520141601562,13.034000396728516,15.868000030517578,24.299999237060547,57.0099983215332,117.30000305175781
2012-11-27,40.21500015258789,17.469999313354492,48.34000015258789,23.32568359375,13.097999572753906,15.848999977111816,24.610000610351562,56.880001068115234,120.44999694824219
2012-11-28,40.1349983215332,17.43000030517578,48.34000015258789,23.192155838012695,13.258000373840332,15.784000396728516,24.530000686645508,56.79999923706055,120.55000305175781
2012-11-29,40.45000076293945,17.530000686645508,48.06999969482422,23.359067916870117,13.446000099182129,15.829999923706055,24.670000076293945,57.54999923706055,120.05000305175781
2012-11-30,40.68000030517578,17.530000686645508,47.849998474121094,23.434175491333008,13.444000244140625,15.744000434875488,24.510000228881836,57.689998626708984,117.80000305175781
2012-12-03,40.55500030517578,17.809999465942383,47.97999954223633,23.4174861907959,13.562000274658203,15.798999786376953,24.790000915527344,57.47999954223633,117.3499984741211
2012-12-04,40.13999938964844,17.600000381469727,47.939998626708984,23.1671199798584,13.369999885559082,15.598999977111816,24.739999771118164,56.77000045776367,117.0
2012-12-05,39.7599983215332,17.709999084472656,48.290000915527344,23.03359031677246,13.447999954223633,15.5600004196167,25.110000610351562,55.77000045776367,117.44999694824219
2012-12-06,39.154998779296875,17.600000381469727,47.959999084472656,22.691425323486328,13.637999534606934,15.718000411987305,25.09000015258789,54.869998931884766,117.80000305175781
2012-12-07,39.220001220703125,17.549999237060547,47.18000030517578,22.624664306640625,13.704000473022461,15.803999900817871,25.170000076293945,55.029998779296875,117.30000305175781
2012-12-10,39.18000030517578,17.239999771118164,46.86000061035156,22.499479293823242,13.779999732971191,15.95199966430664,25.170000076293945,54.84000015258789,116.25
2012-12-11,39.43000030517578,17.280000686645508,46.599998474121094,22.56624412536621,13.619999885559082,16.072999954223633,25.010000228881836,55.2400016784668,112.69999694824219
2012-12-12,39.8650016784668,17.059999465942383,46.34000015258789,22.783222198486328,13.64799976348877,16.06100082397461,25.010000228881836,55.849998474121094,111.9000015258789
2012-12-13,39.3849983215332,17.06999969482422,46.15999984741211,22.516172409057617,13.604000091552734,15.869999885559082,24.93000030517578,55.11000061035156,111.44999694824219
2012-12-14,39.900001525878906,17.389999389648438,46.56999969482422,22.741498947143555,13.826000213623047,15.899999618530273,25.149999618530273,56.2599983215332,112.19999694824219
2012-12-17,39.83000183105469,17.639999389648438,46.220001220703125,22.724807739257812,13.748000144958496,15.802000045776367,25.18000030517578,56.150001525878906,111.0
2012-12-18,40.19499969482422,17.670000076293945,46.130001068115234,22.908409118652344,13.538000106811523,15.670999526977539,24.75,56.79999923706055,111.25
2012-12-19,40.654998779296875,17.6299991607666,45.060001373291016,23.18381118774414,13.64799976348877,15.628000259399414,24.40999984741211,57.83000183105469,110.44999694824219
2012-12-20,40.6150016784668,17.6299991607666,44.47999954223633,23.217191696166992,13.355999946594238,15.239999771118164,24.040000915527344,57.95000076293945,108.25
2012-12-21,40.2599983215332,17.549999237060547,44.70000076293945,23.04193878173828,13.333999633789062,15.133999824523926,24.360000610351562,57.439998626708984,108.6500015258789
2012-12-24,40.10499954223633,17.510000228881836,44.81999969482422,22.93344497680664,13.454000473022461,15.086000442504883,24.479999542236328,57.40999984741211,108.3499984741211
2012-12-26,41.060001373291016,17.549999237060547,44.15999984741211,23.35072135925293,13.57800006866455,15.107999801635742,24.219999313354492,58.970001220703125,105.9000015258789
2012-12-27,40.9900016784668,17.84000015258789,44.040000915527344,23.375755310058594,13.913999557495117,15.079000473022461,24.260000228881836,59.150001525878906,106.1500015258789
2012-12-28,40.83000183105469,17.700000762939453,44.16999816894531,23.275609970092773,13.673999786376953,14.95300006866455,24.229999542236328,58.349998474121094,106.69999694824219
2012-12-31,41.03499984741211,17.84000015258789,44.31999969482422,23.317337036132812,13.843999862670898,15.13599967956543,24.06999969482422,58.439998626708984,106.5999984741211
2013-01-02,41.42499923706055,17.889999389648438,43.65999984741211,23.459211349487305,13.847999572753906,15.369999885559082,23.889999389648438,59.08000183105469,103.1500015258789
2013-01-03,41.220001220703125,17.469999313354492,43.439998626708984,23.334028244018555,13.567999839782715,15.36400032043457,23.850000381469727,58.869998931884766,103.25
2013-01-04,41.04499816894531,17.360000610351562,42.77000045776367,23.334028244018555,13.501999855041504,15.350000381469727,23.450000762939453,58.400001525878906,102.0999984741211
2013-01-07,41.19499969482422,17.450000762939453,42.91999816894531,23.39244842529297,13.137999534606934,15.28600025177002,23.600000381469727,58.939998626708984,102.75
2013-01-08,41.41999816894531,17.280000686645508,43.20000076293945,23.525976181030273,13.25,15.53499984741211,23.739999771118164,59.02000045776367,102.6500015258789
2013-01-09,41.2599983215332,17.43000030517578,43.560001373291016,23.45086669921875,13.47599983215332,15.72599983215332,23.75,58.630001068115234,102.1500015258789
2013-01-10,41.33000183105469,17.56999969482422,43.72999954223633,23.534320831298828,13.781999588012695,15.986000061035156,23.59000015258789,58.79999923706055,101.6500015258789
2013-01-11,40.90999984741211,17.670000076293945,43.9900016784668,23.40913963317871,13.807999610900879,16.01799964904785,23.479999542236328,57.7599983215332,102.94999694824219
2013-01-14,41.31999969482422,17.489999771118164,44.779998779296875,23.651159286499023,13.84000015258789,16.298999786376953,24.059999465942383,58.06999969482422,104.19999694824219
2013-01-15,40.8849983215332,17.3799991607666,45.20000076293945,23.45086669921875,13.942000389099121,16.54800033569336,23.979999542236328,57.2599983215332,106.4000015258789
2013-01-16,40.904998779296875,17.219999313354492,45.220001220703125,23.467557907104492,14.236000061035156,16.56399917602539,24.360000610351562,57.61000061035156,107.44999694824219
2013-01-17,41.375,17.040000915527344,44.77000045776367,23.709577560424805,14.28600025177002,16.63599967956543,24.1299991607666,58.52000045776367,106.5999984741211
2013-01-18,41.70000076293945,17.059999465942383,45.0099983215332,23.876487731933594,14.187999725341797,16.36400032043457,24.190000534057617,59.2400016784668,107.25
2013-01-22,41.875,16.760000228881836,45.040000915527344,23.99332618713379,14.232000350952148,16.65399932861328,24.559999465942383,59.7599983215332,105.9000015258789
2013-01-23,42.04999923706055,16.940000534057617,44.72999954223633,24.00166893005371,14.272000312805176,16.58300018310547,24.3799991607666,59.84000015258789,105.44999694824219
2013-01-24,42.185001373291016,17.040000915527344,44.68000030517578,24.06843376159668,14.251999855041504,16.525999069213867,24.3799991607666,60.43000030517578,104.05000305175781
2013-01-25,42.22999954223633,16.979999542236328,44.41999816894531,24.035051345825195,14.529999732971191,16.655000686645508,24.34000015258789,60.779998779296875,105.0999984741211
2013-01-28,42.25,17.219999313354492,44.970001220703125,23.98497772216797,14.510000228881836,16.33799934387207,24.5,61.58000183105469,105.25
2013-01-29,42.529998779296875,16.969999313354492,44.810001373291016,24.168581008911133,14.727999687194824,16.48200035095215,24.530000686645508,62.36000061035156,105.3499984741211
2013-01-30,42.8650016784668,17.229999542236328,45.43000030517578,24.385560989379883,14.715999603271484,16.547000885009766,25.010000228881836,63.7599983215332,107.44999694824219
2013-01-31,43.07500076293945,17.309999465942383,45.5,24.46067237854004,14.595999717712402,16.489999771118164,24.889999389648438,63.709999084472656,105.94999694824219
2013-02-01,43.45000076293945,17.229999542236328,45.18000030517578,24.6025447845459,14.843999862670898,16.56800079345703,24.940000534057617,64.05999755859375,103.6500015258789
2013-02-04,43.029998779296875,17.229999542236328,45.209999084472656,24.443981170654297,14.899999618530273,16.66200065612793,25.18000030517578,63.369998931884766,103.25
2013-02-05,43.40999984741211,17.059999465942383,45.06999969482422,24.677654266357422,15.076000213623047,16.785999298095703,25.270000457763672,63.88999938964844,102.9000015258789
2013-02-06,43.54999923706055,17.059999465942383,44.34000015258789,24.761110305786133,15.0,17.058000564575195,25.09000015258789,64.1500015258789,102.55000305175781
2013-02-07,43.69499969482422,16.739999771118164,43.56999969482422,24.685998916625977,14.781999588012695,16.88800048828125,24.8799991607666,63.31999969482422,101.44999694824219
2013-02-08,44.20500183105469,16.799999237060547,43.349998474121094,24.902984619140625,14.824000358581543,16.85300064086914,24.260000228881836,64.31999969482422,102.0
2013-02-11,44.01499938964844,16.799999237060547,42.86000061035156,24.902984619140625,14.87399959564209,16.589000701904297,23.959999084472656,63.63999938964844,99.8499984741211
2013-02-12,44.185001373291016,16.559999465942383,42.75,24.936365127563477,15.17199993133545,16.868000030517578,23.860000610351562,64.05000305175781,98.6500015258789
2013-02-13,44.290000915527344,16.65999984741211,42.650001525878906,24.961402893066406,15.112000465393066,16.90399932861328,23.920000076293945,64.01000213623047,99.6500015258789
2013-02-14,44.33000183105469,16.350000381469727,42.619998931884766,24.961402893066406,15.062000274658203,16.79599952697754,23.799999237060547,65.69000244140625,99.4000015258789
2013-02-15,44.255001068115234,16.209999084472656,42.650001525878906,24.86960220336914,14.831999778747559,16.461999893188477,23.860000610351562,65.70999908447266,100.19999694824219
2013-02-19,44.005001068115234,16.34000015258789,42.439998626708984,24.836219787597656,14.996000289916992,16.606000900268555,24.420000076293945,65.43000030517578,98.30000305175781
2013-02-20,43.21500015258789,16.540000915527344,42.59000015258789,24.45232391357422,14.468000411987305,16.16200065612793,24.549999237060547,64.2699966430664,99.4000015258789
2013-02-21,42.66999816894531,16.479999542236328,42.0099983215332,24.085124969482422,14.416000366210938,15.84000015258789,24.5,63.83000183105469,96.6500015258789
2013-02-22,42.869998931884766,16.690000534057617,41.959999084472656,24.201963424682617,14.51200008392334,15.793000221252441,24.15999984741211,64.7300033569336,96.19999694824219
2013-02-25,42.65999984741211,16.479999542236328,41.68000030517578,24.0767822265625,14.579999923706055,15.744000434875488,24.040000915527344,64.13999938964844,94.30000305175781
2013-02-26,42.29499816894531,16.559999465942383,42.290000915527344,23.851449966430664,14.649999618530273,15.916999816894531,23.940000534057617,63.189998626708984,95.0
2013-02-27,42.029998779296875,16.59000015258789,42.2400016784668,23.63446807861328,14.62600040435791,15.710000038146973,24.010000228881836,61.560001373291016,94.80000305175781
2013-02-28,41.72999954223633,16.65999984741211,42.58000183105469,23.500938415527344,14.3100004196167,15.550999641418457,24.170000076293945,61.27000045776367,95.5999984741211
2013-03-01,41.494998931884766,16.510000228881836,42.689998626708984,23.342376708984375,14.13599967956543,15.449999809265137,24.110000610351562,61.959999084472656,95.8499984741211
2013-03-04,41.33000183105469,16.559999465942383,42.25,23.258920669555664,14.069999694824219,15.402000427246094,24.1200008392334,61.08000183105469,93.9000015258789
2013-03-05,41.915000915527344,16.56999969482422,42.540000915527344,23.576047897338867,14.460000038146973,15.59000015258789,24.360000610351562,62.18000030517578,94.19999694824219
2013-03-06,41.66999816894531,16.510000228881836,41.65999984741211,23.467557907104492,14.67199993133545,15.569999694824219,24.459999084472656,61.619998931884766,91.44999694824219
2013-03-07,41.724998474121094,16.889999389648438,41.70000076293945,23.60942840576172,14.887999534606934,15.630999565124512,24.489999771118164,61.63999938964844,92.5
2013-03-08,41.654998779296875,16.739999771118164,42.11000061035156,23.77634048461914,15.37600040435791,15.734000205993652,24.389999389648438,63.2599983215332,92.44999694824219
2013-03-11,41.45500183105469,17.0,42.63999938964844,23.7346134185791,15.246000289916992,15.727999687194824,24.450000762939453,62.18000030517578,93.5999984741211
2013-03-12,41.345001220703125,17.010000228881836,43.0,23.7346134185791,15.144000053405762,15.666000366210938,24.40999984741211,62.15999984741211,93.5
2013-03-13,40.94499969482422,17.010000228881836,42.68000030517578,23.61777687072754,15.118000030517578,15.60200023651123,24.059999465942383,61.7400016784668,94.0
2013-03-14,41.31999969482422,17.059999465942383,43.11000061035156,23.81806755065918,15.116000175476074,15.607000350952148,24.1200008392334,61.88999938964844,96.0
2013-03-15,41.63999938964844,17.0,43.220001220703125,23.99332618713379,15.178000450134277,15.616000175476074,23.5,62.220001220703125,95.75
2013-03-18,41.380001068115234,16.65999984741211,43.310001373291016,23.893177032470703,14.932000160217285,15.5,23.700000762939453,61.5099983215332,95.05000305175781
2013-03-19,40.68000030517578,16.760000228881836,43.45000076293945,23.584396362304688,14.454000473022461,15.305999755859375,23.670000076293945,60.099998474121094,95.5
2013-03-20,41.11000061035156,16.760000228881836,43.86000061035156,23.77634048461914,14.869999885559082,15.477999687194824,23.899999618530273,61.34000015258789,96.9000015258789
2013-03-21,40.595001220703125,16.760000228881836,44.02000045776367,23.559358596801758,14.843999862670898,15.505999565124512,24.040000915527344,60.459999084472656,96.5999984741211
2013-03-22,40.73500061035156,16.600000381469727,43.59000015258789,23.667848587036133,14.932000160217285,15.534000396728516,23.969999313354492,60.27000045776367,96.0
2013-03-25,40.84000015258789,16.34000015258789,43.9900016784668,23.709577560424805,14.850000381469727,15.552000045776367,24.030000686645508,60.34000015258789,96.0999984741211
2013-03-26,41.34000015258789,16.280000686645508,43.959999084472656,24.110158920288086,14.973999977111816,15.4399995803833,24.170000076293945,61.5,97.0999984741211
2013-03-27,41.525001525878906,16.260000228881836,43.97999954223633,24.26872444152832,15.064000129699707,15.53600025177002,24.15999984741211,61.58000183105469,97.1500015258789
2013-03-28,41.584999084472656,16.09000015258789,40.900001525878906,24.293764114379883,15.145999908447266,15.42300033569336,24.229999542236328,61.65999984741211,92.0
2013-04-01,41.95500183105469,16.1200008392334,40.20000076293945,24.39390754699707,15.347999572753906,15.645000457763672,23.110000610351562,61.31999969482422,89.55000305175781
2013-04-02,41.755001068115234,16.1200008392334,40.189998626708984,24.302106857299805,15.095999717712402,15.434000015258789,23.6200008392334,60.0,90.55000305175781
2013-04-03,40.525001525878906,16.0,40.31999969482422,23.65950584411621,14.779999732971191,15.119999885559082,23.200000762939453,57.540000915527344,93.1500015258789
2013-04-04,40.290000915527344,16.020000457763672,39.91999816894531,23.559358596801758,14.267999649047852,14.930999755859375,23.149999618530273,57.380001068115234,93.0
2013-04-05,39.584999084472656,16.030000686645508,39.81999969482422,23.467557907104492,14.244000434875488,15.055000305175781,23.100000381469727,56.79999923706055,93.75
2013-04-08,39.79999923706055,15.970000267028809,39.66999816894531,23.55101203918457,14.37600040435791,15.04800033569336,22.850000381469727,57.779998779296875,94.8499984741211
2013-04-09,40.224998474121094,16.110000610351562,40.25,23.65950584411621,14.251999855041504,15.208000183105469,23.350000381469727,58.2400016784668,94.75
2013-04-10,40.064998626708984,16.1299991607666,40.58000183105469,23.676193237304688,14.112000465393066,14.979999542236328,23.290000915527344,56.779998779296875,93.80000305175781
2013-04-11,39.54999923706055,16.1299991607666,40.630001068115234,23.50928497314453,14.34000015258789,15.045999526977539,23.190000534057617,56.220001220703125,93.69999694824219
2013-04-12,38.97999954223633,16.18000030517578,41.189998626708984,23.175464630126953,13.842000007629395,14.616000175476074,23.440000534057617,55.22999954223633,94.55000305175781
2013-04-15,37.8650016784668,15.9399995803833,39.7599983215332,22.591278076171875,12.784000396728516,13.76200008392334,23.06999969482422,54.02000045776367,91.94999694824219
2013-04-16,37.900001525878906,16.06999969482422,40.560001373291016,22.733152389526367,13.277999877929688,14.213000297546387,23.270000457763672,55.09000015258789,93.75
2013-04-17,37.005001068115234,15.979999542236328,40.77000045776367,22.274152755737305,12.960000038146973,13.968000411987305,23.25,54.040000915527344,93.05000305175781
2013-04-18,37.810001373291016,15.9399995803833,40.43000030517578,22.65804100036621,13.076000213623047,14.0,23.3799991607666,54.630001068115234,94.19999694824219
2013-04-19,37.650001525878906,16.190000534057617,40.619998931884766,22.60797119140625,13.267999649047852,13.998000144958496,23.1299991607666,54.779998779296875,94.69999694824219
2013-04-22,38.09000015258789,16.190000534057617,39.779998779296875,22.749845504760742,13.399999618530273,14.067999839782715,22.979999542236328,54.84000015258789,93.0999984741211
2013-04-23,38.01499938964844,16.190000534057617,38.90999984741211,22.691425323486328,13.23799991607666,13.876999855041504,22.809999465942383,53.93000030517578,92.3499984741211
2013-04-24,38.57500076293945,15.779999732971191,39.34000015258789,22.9835205078125,13.12600040435791,14.038000106811523,22.600000381469727,54.65999984741211,91.5999984741211
2013-04-25,39.040000915527344,15.789999961853027,39.58000183105469,23.208847045898438,13.366000175476074,14.37399959564209,23.09000015258789,55.61000061035156,92.80000305175781
2013-04-26,39.01499938964844,15.800000190734863,39.27000045776367,23.192155838012695,13.359999656677246,14.484000205993652,23.200000762939453,55.900001525878906,91.19999694824219
2013-04-29,39.29499816894531,15.890000343322754,41.84000015258789,23.4174861907959,13.682000160217285,14.807999610900879,23.56999969482422,55.93000030517578,95.69999694824219
2013-04-30,38.5099983215332,15.890000343322754,41.4900016784668,23.100357055664062,13.694000244140625,14.74899959564209,23.510000228881836,55.16999816894531,97.3499984741211
2013-05-01,37.79499816894531,15.8100004196167,41.099998474121094,22.708114624023438,13.486000061035156,14.486000061035156,23.09000015258789,53.81999969482422,95.75
2013-05-02,38.93000030517578,15.899999618530273,41.86000061035156,23.125391006469727,13.60200023651123,14.699000358581543,23.010000228881836,54.959999084472656,96.25
2013-05-03,39.36000061035156,15.989999771118164,41.619998931884766,23.35072135925293,13.605999946594238,14.70199966430664,23.469999313354492,55.869998931884766,95.6500015258789
2013-05-06,39.88999938964844,16.059999465942383,40.18000030517578,23.592741012573242,13.65999984741211,14.767999649047852,23.030000686645508,56.70000076293945,93.25
2013-05-07,39.46500015258789,15.989999771118164,40.290000915527344,23.425827026367188,13.37399959564209,14.524999618530273,23.18000030517578,56.099998474121094,94.1500015258789
2013-05-08,39.47999954223633,15.989999771118164,39.86000061035156,23.567703247070312,13.600000381469727,14.732000350952148,23.209999084472656,56.65999984741211,93.75
2013-05-09,39.43000030517578,15.899999618530273,40.54999923706055,23.525976181030273,13.906000137329102,14.758000373840332,23.420000076293945,57.02000045776367,95.8499984741211
2013-05-10,39.345001220703125,15.8100004196167,39.779998779296875,23.467557907104492,13.862000465393066,14.609999656677246,23.1200008392334,56.599998474121094,93.8499984741211
2013-05-13,38.970001220703125,15.760000228881836,40.81999969482422,23.308992385864258,14.031999588012695,14.503999710083008,23.31999969482422,56.040000915527344,94.4000015258789
2013-05-14,38.9900016784668,15.760000228881836,40.810001373291016,23.29230308532715,14.307999610900879,14.739999771118164,23.31999969482422,56.279998779296875,96.19999694824219
2013-05-15,39.375,15.4399995803833,40.34000015258789,23.400794982910156,14.184000015258789,14.579999923706055,23.200000762939453,56.939998626708984,92.3499984741211
2013-05-16,39.4900016784668,15.380000114440918,39.72999954223633,23.425827026367188,14.489999771118164,14.552000045776367,23.510000228881836,57.02000045776367,91.75
2013-05-17,39.584999084472656,15.399999618530273,39.59000015258789,23.667848587036133,14.47599983215332,14.265999794006348,23.579999923706055,57.529998779296875,91.0
2013-05-20,39.79499816894531,15.319999694824219,39.54999923706055,23.793033599853516,14.706000328063965,14.640000343322754,23.579999923706055,57.63999938964844,91.55000305175781
2013-05-21,39.459999084472656,15.319999694824219,39.27000045776367,23.667848587036133,14.60200023651123,14.338000297546387,23.329999923706055,56.45000076293945,90.3499984741211
2013-05-22,38.915000915527344,15.180000305175781,40.20000076293945,23.342376708984375,14.63599967956543,14.376999855041504,23.84000015258789,56.040000915527344,91.6500015258789
2013-05-23,38.994998931884766,15.279999732971191,40.540000915527344,23.4174861907959,14.423999786376953,14.345000267028809,23.829999923706055,56.27000045776367,93.19999694824219
2013-05-24,39.0099983215332,15.279999732971191,40.619998931884766,23.375755310058594,14.232000350952148,14.248000144958496,23.940000534057617,56.25,91.69999694824219
2013-05-28,39.64500045776367,15.260000228881836,41.68000030517578,23.592741012573242,14.770000457763672,14.312000274658203,24.549999237060547,56.65999984741211,92.4000015258789
2013-05-29,38.959999084472656,15.260000228881836,42.439998626708984,23.24222755432129,14.65999984741211,14.277999877929688,24.68000030517578,55.68000030517578,93.80000305175781
2013-05-30,38.744998931884766,15.130000114440918,42.369998931884766,23.10870361328125,14.855999946594238,14.555999755859375,24.639999389648438,55.93000030517578,92.69999694824219
2013-05-31,38.04999923706055,15.109999656677246,42.470001220703125,22.724807739257812,14.661999702453613,14.25,24.770000457763672,54.779998779296875,94.25
2013-06-03,38.76499938964844,14.979999542236328,42.09000015258789,23.00855255126953,14.843999862670898,14.694000244140625,25.389999389648438,55.54999923706055,95.19999694824219
2013-06-04,39.255001068115234,14.9399995803833,41.7400016784668,23.192155838012695,14.751999855041504,14.64799976348877,25.1299991607666,56.220001220703125,94.94999694824219
2013-06-05,39.060001373291016,14.890000343322754,40.779998779296875,23.13373565673828,14.842000007629395,14.842000007629395,24.719999313354492,56.2599983215332,93.0999984741211
2013-06-06,39.310001373291016,14.890000343322754,41.5,23.208847045898438,14.906000137329102,14.996000289916992,24.75,56.7599983215332,93.4000015258789
2013-06-07,39.779998779296875,14.920000076293945,42.0,23.459211349487305,14.847999572753906,14.694000244140625,25.229999542236328,57.2400016784668,93.19999694824219
2013-06-10,39.48500061035156,14.920000076293945,41.16999816894531,23.359067916870117,15.100000381469727,14.75,25.1200008392334,56.70000076293945,91.75
2013-06-11,39.20500183105469,14.920000076293945,41.4900016784668,23.125391006469727,14.682000160217285,14.506999969482422,25.229999542236328,56.13999938964844,92.25
2013-06-12,39.42499923706055,14.920000076293945,40.720001220703125,23.275609970092773,14.791999816894531,14.498000144958496,24.93000030517578,55.900001525878906,90.69999694824219
2013-06-13,39.939998626708984,14.789999961853027,40.59000015258789,23.55101203918457,14.354000091552734,14.255000114440918,24.84000015258789,57.0099983215332,89.94999694824219
2013-06-14,40.290000915527344,14.979999542236328,40.2599983215332,23.65950584411621,14.303999900817871,14.168999671936035,24.690000534057617,57.630001068115234,90.3499984741211
2013-06-17,40.189998626708984,15.119999885559082,41.0099983215332,23.74295997619629,13.961999893188477,14.050999641418457,24.489999771118164,57.040000915527344,90.55000305175781
2013-06-18,40.3650016784668,15.010000228881836,41.650001525878906,23.809724807739258,13.904000282287598,14.13700008392334,24.530000686645508,57.529998779296875,91.25
2013-06-19,40.279998779296875,15.010000228881836,42.79999923706055,23.81806755065918,13.569999694824219,13.901000022888184,24.719999313354492,57.529998779296875,93.25
2013-06-20,38.84000015258789,14.6899995803833,42.09000015258789,22.99186134338379,12.98799991607666,13.315999984741211,24.309999465942383,55.40999984741211,92.0999984741211
2013-06-21,38.375,14.9399995803833,41.900001525878906,22.691425323486328,13.267999649047852,13.47700023651123,24.020000457763672,54.91999816894531,91.55000305175781
2013-06-24,38.45500183105469,15.050000190734863,41.15999984741211,22.691425323486328,12.956000328063965,13.083000183105469,23.600000381469727,54.47999954223633,90.0
2013-06-25,38.52000045776367,15.079999923706055,40.91999816894531,22.683082580566406,13.008000373840332,13.222000122070312,24.229999542236328,54.43000030517578,89.44999694824219
2013-06-26,38.685001373291016,15.170000076293945,40.90999984741211,22.716461181640625,12.371999740600586,12.753999710083008,24.1200008392334,54.34000015258789,88.3499984741211
2013-06-27,39.06999969482422,14.90999984741211,40.47999954223633,22.83329963684082,12.696000099182129,12.880000114440918,24.0,54.380001068115234,88.30000305175781
2013-06-28,38.834999084472656,14.920000076293945,38.66999816894531,22.674734115600586,12.930000305175781,13.107999801635742,23.549999237060547,54.2599983215332,85.25
2013-07-01,39.16999816894531,14.850000381469727,38.06999969482422,22.84998893737793,13.446000099182129,13.454000473022461,23.59000015258789,54.90999984741211,85.5999984741211
2013-07-02,39.4900016784668,14.619999885559082,38.20000076293945,23.092008590698242,13.437999725341797,13.378999710083008,23.56999969482422,55.59000015258789,85.8499984741211
2013-07-03,40.19499969482422,14.619999885559082,38.16999816894531,23.45086669921875,13.434000015258789,13.140999794006348,23.649999618530273,56.779998779296875,86.69999694824219
2013-07-05,40.875,14.380000114440918,37.529998779296875,23.63446807861328,13.394000053405762,13.01200008392334,23.479999542236328,57.900001525878906,85.25
2013-07-08,40.67499923706055,14.380000114440918,37.900001525878906,23.63446807861328,13.666000366210938,13.33899974822998,23.65999984741211,57.470001220703125,85.44999694824219
2013-07-09,40.96500015258789,14.350000381469727,39.41999816894531,23.726266860961914,13.697999954223633,13.366000175476074,24.1299991607666,58.61000061035156,87.8499984741211
2013-07-10,41.03499984741211,14.34000015258789,39.38999938964844,23.81806755065918,13.960000038146973,13.369000434875488,24.209999084472656,60.0,88.19999694824219
2013-07-11,40.8849983215332,14.229999542236328,39.65999984741211,23.834758758544922,14.053999900817871,13.803000450134277,24.25,60.7599983215332,88.69999694824219
2013-07-12,41.349998474121094,14.229999542236328,38.54999923706055,24.06843376159668,14.104000091552734,13.795999526977539,23.649999618530273,62.380001068115234,88.30000305175781
2013-07-15,41.369998931884766,14.229999542236328,38.150001525878906,24.10181427001953,14.343999862670898,13.937999725341797,23.75,62.20000076293945,86.25
2013-07-16,41.334999084472656,14.270000457763672,38.54999923706055,24.04339599609375,14.392000198364258,13.944000244140625,24.190000534057617,62.599998474121094,86.75
2013-07-17,41.525001525878906,14.15999984741211,38.0,24.151887893676758,14.34000015258789,13.772000312805176,23.940000534057617,62.099998474121094,86.9000015258789
2013-07-18,41.560001373291016,14.289999961853027,37.790000915527344,24.33548927307129,14.515999794006348,13.85200023651123,23.850000381469727,62.41999816894531,85.30000305175781
2013-07-19,41.505001068115234,14.270000457763672,37.900001525878906,24.285417556762695,14.609999656677246,13.956000328063965,23.829999923706055,62.720001220703125,85.9000015258789
2013-07-22,41.369998931884766,14.270000457763672,37.790000915527344,24.04339599609375,14.593999862670898,14.126999855041504,24.110000610351562,61.7400016784668,85.69999694824219
2013-07-23,41.48500061035156,14.270000457763672,37.0099983215332,24.201963424682617,14.434000015258789,14.173999786376953,23.760000228881836,61.97999954223633,85.0999984741211
2013-07-24,40.94499969482422,14.270000457763672,36.599998474121094,23.99332618713379,14.618000030517578,14.154000282287598,23.479999542236328,61.79999923706055,84.94999694824219
2013-07-25,41.224998474121094,14.260000228881836,36.41999816894531,24.04339599609375,14.434000015258789,14.145999908447266,23.040000915527344,61.369998931884766,83.5999984741211
2013-07-26,40.994998931884766,14.260000228881836,36.15999984741211,23.893177032470703,14.184000015258789,13.97599983215332,23.010000228881836,61.52000045776367,83.80000305175781
2013-07-29,41.1349983215332,14.260000228881836,36.029998779296875,23.81806755065918,14.520000457763672,14.097000122070312,23.0,60.97999954223633,84.3499984741211
2013-07-30,40.85499954223633,14.529999732971191,36.15999984741211,23.717924118041992,14.232000350952148,14.0600004196167,22.639999389648438,60.81999969482422,84.1500015258789
2013-07-31,41.209999084472656,14.529999732971191,36.34000015258789,23.909868240356445,14.239999771118164,14.048999786376953,22.709999084472656,61.29999923706055,85.5
2013-08-01,41.86000061035156,14.539999961853027,35.54999923706055,24.110158920288086,14.319999694824219,14.07800006866455,22.489999771118164,61.84000015258789,84.94999694824219
2013-08-02,41.63999938964844,14.539999961853027,35.279998779296875,24.04339599609375,14.263999938964844,14.154999732971191,22.25,61.25,85.4000015258789
2013-08-05,41.529998779296875,14.539999961853027,35.08000183105469,23.909868240356445,14.315999984741211,14.201000213623047,22.280000686645508,60.29999923706055,82.8499984741211
2013-08-06,41.33000183105469,14.430000305175781,35.119998931884766,23.676193237304688,14.121999740600586,13.968000411987305,21.93000030517578,59.599998474121094,83.25
2013-08-07,40.94499969482422,14.630000114440918,34.91999816894531,23.40913963317871,14.15999984741211,14.052000045776367,21.940000534057617,58.72999954223633,82.75
2013-08-08,40.685001373291016,14.630000114440918,35.06999969482422,23.39244842529297,14.413999557495117,14.524999618530273,22.280000686645508,58.720001220703125,82.80000305175781
2013-08-09,41.189998626708984,14.630000114440918,34.5,23.534320831298828,14.48799991607666,14.664999961853027,22.200000762939453,59.40999984741211,81.69999694824219
2013-08-12,41.595001220703125,14.640000343322754,35.43000030517578,23.793033599853516,14.435999870300293,14.638999938964844,22.979999542236328,59.459999084472656,82.5
2013-08-13,41.70000076293945,14.640000343322754,34.15999984741211,23.876487731933594,14.46399974822998,14.66100025177002,23.030000686645508,60.25,81.69999694824219
2013-08-14,42.0,14.640000343322754,34.68000030517578,24.035051345825195,14.434000015258789,14.72599983215332,23.1299991607666,61.119998931884766,81.44999694824219
2013-08-15,42.220001220703125,14.729999542236328,35.91999816894531,24.193614959716797,14.894000053405762,14.901000022888184,23.420000076293945,61.02000045776367,82.5
2013-08-16,42.619998931884766,14.670000076293945,35.22999954223633,24.218652725219727,14.9399995803833,14.932000160217285,23.25,60.81999969482422,81.94999694824219
2013-08-19,42.29999923706055,14.329999923706055,36.630001068115234,24.110158920288086,14.685999870300293,14.743000030517578,23.8700008392334,59.939998626708984,83.4000015258789
2013-08-20,42.459999084472656,14.350000381469727,36.029998779296875,24.143543243408203,14.637999534606934,14.855999946594238,23.6200008392334,60.15999984741211,82.30000305175781
2013-08-21,42.34000015258789,14.180000305175781,36.47999954223633,24.110158920288086,14.571999549865723,14.866000175476074,23.780000686645508,60.119998931884766,82.4000015258789
2013-08-22,42.375,14.130000114440918,35.27000045776367,24.201963424682617,14.746000289916992,15.064000129699707,23.829999923706055,60.540000915527344,81.4000015258789
2013-08-23,42.80500030517578,14.130000114440918,35.58000183105469,24.3271427154541,14.668000221252441,15.03600025177002,24.100000381469727,61.15999984741211,81.69999694824219
2013-08-26,42.814998626708984,14.329999923706055,37.709999084472656,24.293764114379883,14.612000465393066,15.13700008392334,25.030000686645508,60.5,84.4000015258789
2013-08-27,44.029998779296875,14.229999542236328,36.68000030517578,24.74441909790039,14.534000396728516,14.927000045776367,24.770000457763672,62.18000030517578,83.9000015258789
2013-08-28,44.724998474121094,14.239999771118164,36.27000045776367,24.877946853637695,14.583999633789062,15.02299976348877,24.889999389648438,62.869998931884766,83.44999694824219
2013-08-29,44.099998474121094,14.239999771118164,36.380001068115234,24.64427375793457,14.390000343322754,14.875,24.649999618530273,61.97999954223633,82.69999694824219
2013-08-30,44.0,14.1899995803833,36.5,24.585853576660156,14.083999633789062,14.862000465393066,24.510000228881836,61.59000015258789,82.8499984741211
2013-09-03,44.56999969482422,14.1899995803833,36.040000915527344,24.64427375793457,14.01200008392334,15.029999732971191,24.889999389648438,61.0,81.5999984741211
2013-09-04,44.36000061035156,14.199999809265137,35.630001068115234,24.585853576660156,13.71399974822998,14.644000053405762,24.34000015258789,60.93000030517578,81.30000305175781
2013-09-05,44.4900016784668,14.369999885559082,35.04999923706055,24.54412841796875,13.468000411987305,14.522000312805176,24.540000915527344,60.40999984741211,81.1500015258789
2013-09-06,44.720001220703125,14.380000114440918,35.400001525878906,24.59419822692871,13.618000030517578,14.61299991607666,24.489999771118164,60.4900016784668,81.30000305175781
2013-09-09,43.72999954223633,14.380000114440918,35.15999984741211,24.385560989379883,13.392000198364258,14.5,24.290000915527344,59.40999984741211,81.5
2013-09-10,43.040000915527344,14.800000190734863,35.540000915527344,24.035051345825195,13.583999633789062,14.395999908447266,24.3799991607666,58.369998931884766,81.6500015258789
2013-09-11,43.189998626708984,14.789999961853027,35.7599983215332,24.051740646362305,13.567999839782715,14.414999961853027,24.3799991607666,57.939998626708984,80.9000015258789
2013-09-12,43.72999954223633,14.84000015258789,35.2400016784668,24.33548927307129,13.48799991607666,14.076000213623047,24.90999984741211,58.900001525878906,82.05000305175781
2013-09-13,43.75,14.789999961853027,34.900001525878906,24.31879997253418,13.718000411987305,14.182000160217285,24.489999771118164,59.0,80.5
2013-09-16,42.91999816894531,14.710000038146973,34.63999938964844,23.976633071899414,13.765999794006348,14.027000427246094,24.110000610351562,57.810001373291016,81.8499984741211
2013-09-17,42.16999816894531,14.630000114440918,34.470001220703125,23.63446807861328,13.755999565124512,13.906000137329102,24.190000534057617,56.5,80.6500015258789
2013-09-18,43.2400016784668,14.699999809265137,34.650001525878906,24.168581008911133,14.086000442504883,14.366000175476074,24.329999923706055,58.20000076293945,81.8499984741211
2013-09-19,42.5099983215332,14.9399995803833,34.90999984741211,23.851449966430664,14.305999755859375,14.295000076293945,24.079999923706055,57.31999969482422,82.0
2013-09-20,42.75,14.890000343322754,34.27000045776367,23.86814308166504,13.98799991607666,13.984000205993652,23.739999771118164,57.040000915527344,80.94999694824219
2013-09-23,42.29999923706055,14.859999656677246,34.310001373291016,23.55101203918457,13.947999954223633,13.899999618530273,23.729999542236328,55.91999816894531,81.9000015258789
2013-09-24,42.560001373291016,15.050000190734863,34.06999969482422,23.601085662841797,14.074000358581543,13.956000328063965,23.729999542236328,56.470001220703125,82.0
2013-09-25,42.220001220703125,15.15999984741211,34.22999954223633,23.492595672607422,14.12399959564209,13.956000328063965,23.850000381469727,56.59000015258789,83.5
2013-09-26,42.529998779296875,15.220000267028809,34.470001220703125,23.784687042236328,14.07800006866455,13.798999786376953,23.790000915527344,57.4900016784668,84.19999694824219
2013-09-27,42.31999969482422,15.220000267028809,34.29999923706055,23.567703247070312,14.258000373840332,13.88700008392334,23.829999923706055,56.650001525878906,84.3499984741211
2013-09-30,42.47999954223633,15.1899995803833,33.56999969482422,23.500938415527344,14.14799976348877,13.732000350952148,23.1299991607666,56.09000015258789,83.19999694824219
2013-10-01,42.11000061035156,15.239999771118164,33.369998931884766,23.4174861907959,14.074000358581543,13.562000274658203,23.049999237060547,55.7400016784668,84.05000305175781
2013-10-02,42.65999984741211,15.4399995803833,33.369998931884766,23.65950584411621,14.043999671936035,13.598999977111816,23.1200008392334,56.279998779296875,84.6500015258789
2013-10-03,42.4900016784668,15.5600004196167,33.33000183105469,23.576047897338867,13.746000289916992,13.434000015258789,23.3700008392334,56.279998779296875,84.69999694824219
2013-10-04,42.75,15.399999618530273,33.619998931884766,23.64281463623047,13.668000221252441,13.579999923706055,23.479999542236328,55.7599983215332,85.25
2013-10-07,42.880001068115234,15.539999961853027,33.959999084472656,23.826414108276367,13.734000205993652,13.71500015258789,23.510000228881836,56.20000076293945,86.25
2013-10-08,43.16999816894531,15.510000228881836,33.459999084472656,23.968284606933594,13.935999870300293,13.711000442504883,23.489999771118164,56.2400016784668,85.80000305175781
2013-10-09,42.70000076293945,15.529999732971191,33.630001068115234,23.759647369384766,13.668000221252441,13.505999565124512,23.290000915527344,56.04999923706055,85.75
2013-10-10,43.7400016784668,15.65999984741211,33.27000045776367,24.260379791259766,13.859999656677246,13.553000450134277,23.360000610351562,57.59000015258789,85.3499984741211
2013-10-11,43.54999923706055,16.260000228881836,32.900001525878906,24.110158920288086,13.890000343322754,13.407999992370605,22.950000762939453,56.97999954223633,85.55000305175781
2013-10-14,43.349998474121094,15.859999656677246,33.06999969482422,24.10181427001953,13.932000160217285,13.470000267028809,22.829999923706055,57.0099983215332,85.80000305175781
2013-10-15,43.0,15.600000381469727,33.52000045776367,23.95159912109375,13.826000213623047,13.53499984741211,22.770000457763672,56.7400016784668,85.0
2013-10-16,43.54999923706055,15.800000190734863,33.380001068115234,24.293764114379883,13.986000061035156,13.656000137329102,23.149999618530273,57.709999084472656,83.5
2013-10-17,42.93000030517578,15.829999923706055,33.18000030517578,23.90152359008789,14.454000473022461,14.055000305175781,23.329999923706055,56.400001525878906,84.75
2013-10-18,43.38999938964844,16.0,33.43000030517578,24.126853942871094,14.479999542236328,14.053000450134277,23.280000686645508,57.18000030517578,86.8499984741211
2013-10-21,43.29999923706055,16.56999969482422,33.54999923706055,23.98497772216797,14.649999618530273,14.050000190734863,23.440000534057617,56.779998779296875,86.5
2013-10-22,43.36000061035156,16.030000686645508,33.16999816894531,23.809724807739258,14.706000328063965,14.17199993133545,23.350000381469727,56.15999984741211,86.5
2013-10-23,42.290000915527344,15.850000381469727,33.439998626708984,23.29230308532715,14.552000045776367,14.038000106811523,23.469999313354492,54.630001068115234,88.4000015258789
2013-10-24,42.11000061035156,15.710000038146973,33.33000183105469,23.308992385864258,14.5600004196167,14.190999984741211,23.469999313354492,55.150001525878906,86.5999984741211
2013-10-25,42.189998626708984,15.710000038146973,33.209999084472656,23.475902557373047,14.47599983215332,14.220000267028809,23.200000762939453,55.20000076293945,85.75
2013-10-28,43.099998474121094,15.59000015258789,32.66999816894531,23.676193237304688,14.541999816894531,14.369999885559082,22.860000610351562,56.04999923706055,84.55000305175781
2013-10-29,42.77000045776367,15.380000114440918,32.68000030517578,23.567703247070312,14.54800033569336,14.279000282287598,22.959999084472656,55.56999969482422,85.0
2013-10-30,43.29999923706055,15.350000381469727,32.4900016784668,23.692886352539062,14.600000381469727,14.402999877929688,23.040000915527344,56.16999816894531,84.30000305175781
2013-10-31,42.88999938964844,15.229999542236328,32.34000015258789,23.500938415527344,14.390000343322754,14.163999557495117,22.84000015258789,55.54999923706055,83.25
2013-11-01,41.75,15.210000038146973,32.150001525878906,23.10870361328125,14.472000122070312,14.211000442504883,22.600000381469727,54.689998626708984,83.0
2013-11-04,41.79999923706055,15.210000038146973,32.04999923706055,23.025245666503906,14.631999969482422,14.196000099182129,22.709999084472656,54.27000045776367,82.75
2013-11-05,41.52000045776367,15.210000038146973,32.04999923706055,22.95013427734375,14.64799976348877,14.173999786376953,22.559999465942383,54.150001525878906,81.55000305175781
2013-11-06,41.45000076293945,15.149999618530273,31.68000030517578,23.00855255126953,14.899999618530273,14.302000045776367,22.739999771118164,54.56999969482422,81.05000305175781
2013-11-07,40.86000061035156,15.029999732971191,31.65999984741211,22.824953079223633,14.890000343322754,14.220999717712402,22.639999389648438,53.70000076293945,81.19999694824219
2013-11-08,41.349998474121094,15.0,32.209999084472656,23.025245666503906,14.831999778747559,14.098999977111816,23.15999984741211,54.720001220703125,80.9000015258789
2013-11-11,41.900001525878906,14.949999809265137,32.81999969482422,23.217191696166992,14.723999977111816,13.989999771118164,23.229999542236328,55.91999816894531,80.9000015258789
2013-11-12,41.709999084472656,15.0,32.52000045776367,23.03359031677246,14.465999603271484,13.996000289916992,23.459999084472656,55.5099983215332,80.0999984741211
2013-11-13,42.13999938964844,15.0,32.290000915527344,23.26726531982422,14.343999862670898,14.019000053405762,23.5,56.34000015258789,80.5
2013-11-14,42.709999084472656,14.729999542236328,31.920000076293945,23.434175491333008,14.430000305175781,14.135000228881836,23.469999313354492,57.58000183105469,80.0999984741211
2013-11-15,42.720001220703125,14.729999542236328,31.489999771118164,23.517629623413086,14.317999839782715,14.065999984741211,22.889999389648438,57.06999969482422,79.5
2013-11-18,42.68000030517578,14.729999542236328,30.809999465942383,23.317337036132812,14.003999710083008,13.78600025177002,22.989999771118164,56.79999923706055,79.4000015258789
2013-11-19,42.189998626708984,14.829999923706055,31.149999618530273,23.20050048828125,14.081999778747559,13.857000350952148,22.940000534057617,56.65999984741211,81.94999694824219
2013-11-20,42.52000045776367,14.850000381469727,31.040000915527344,23.36741065979004,13.904000282287598,13.616999626159668,22.969999313354492,57.119998931884766,80.0
2013-11-21,43.470001220703125,14.850000381469727,31.31999969482422,23.767995834350586,13.982000350952148,13.61299991607666,23.149999618530273,58.63999938964844,79.8499984741211
2013-11-22,43.75,14.800000190734863,31.3799991607666,23.943252563476562,13.944000244140625,13.52299976348877,23.489999771118164,58.720001220703125,80.0999984741211
2013-11-25,43.7400016784668,14.739999771118164,31.420000076293945,23.88483428955078,14.067999839782715,13.524999618530273,23.479999542236328,57.869998931884766,80.25
2013-11-26,43.66999816894531,14.739999771118164,31.030000686645508,23.926559448242188,14.008000373840332,13.425999641418457,23.450000762939453,58.13999938964844,79.75
2013-11-27,43.95000076293945,14.699999809265137,31.190000534057617,23.968284606933594,14.013999938964844,13.21399974822998,23.299999237060547,58.56999969482422,79.75
2013-11-29,43.540000915527344,14.699999809265137,31.030000686645508,23.943252563476562,14.031999588012695,13.347999572753906,23.43000030517578,58.099998474121094,80.3499984741211
2013-12-02,43.869998931884766,14.550000190734863,31.0,24.093469619750977,13.883999824523926,13.10200023651123,23.299999237060547,57.880001068115234,80.44999694824219
2013-12-03,44.34000015258789,14.3100004196167,31.420000076293945,24.302106857299805,13.977999687194824,13.27299976348877,23.3700008392334,58.970001220703125,79.94999694824219
2013-12-04,44.0099983215332,14.319999694824219,31.760000228881836,24.218652725219727,14.218000411987305,13.404999732971191,23.469999313354492,58.59000015258789,80.6500015258789
2013-12-05,43.79999923706055,14.279999732971191,31.649999618530273,24.285417556762695,14.38599967956543,13.314000129699707,23.389999389648438,58.599998474121094,79.55000305175781
2013-12-06,43.9900016784668,14.279999732971191,31.68000030517578,24.385560989379883,14.338000297546387,13.281999588012695,23.329999923706055,58.97999954223633,79.30000305175781
2013-12-09,43.119998931884766,14.1899995803833,31.959999084472656,24.060089111328125,14.37399959564209,13.4399995803833,23.719999313354492,57.66999816894531,79.5
2013-12-10,43.27000045776367,13.970000267028809,31.780000686645508,24.168581008911133,14.411999702453613,13.586999893188477,23.600000381469727,58.060001373291016,77.69999694824219
2013-12-11,43.33000183105469,13.970000267028809,31.979999542236328,24.143543243408203,14.425999641418457,13.526000022888184,23.690000534057617,57.47999954223633,78.25
2013-12-12,42.84000015258789,13.970000267028809,31.610000610351562,23.959941864013672,14.022000312805176,13.295000076293945,23.420000076293945,56.93000030517578,77.5999984741211
2013-12-13,42.81999969482422,13.970000267028809,30.989999771118164,23.84310531616211,13.996000289916992,13.293999671936035,23.420000076293945,56.720001220703125,77.30000305175781
2013-12-16,43.130001068115234,13.970000267028809,30.790000915527344,23.99332618713379,13.986000061035156,13.293999671936035,23.489999771118164,57.02000045776367,76.0
2013-12-17,42.84000015258789,13.970000267028809,31.049999237060547,23.81806755065918,13.657999992370605,13.182999610900879,23.65999984741211,57.150001525878906,75.75
2013-12-18,43.25,13.970000267028809,31.0,23.99332618713379,13.661999702453613,13.07800006866455,23.40999984741211,58.060001373291016,75.0999984741211
2013-12-19,43.560001373291016,13.75,31.270000457763672,24.168581008911133,13.595999717712402,12.880999565124512,23.520000457763672,59.040000915527344,74.9000015258789
2013-12-20,44.18000030517578,13.75,31.440000534057617,24.39390754699707,13.656000137329102,13.02400016784668,23.690000534057617,59.959999084472656,75.30000305175781
2013-12-23,44.040000915527344,13.859999656677246,31.43000030517578,24.352182388305664,13.616000175476074,12.97599983215332,23.489999771118164,59.720001220703125,75.5999984741211
2013-12-24,44.290000915527344,14.0,31.489999771118164,24.443981170654297,13.597999572753906,13.031999588012695,23.489999771118164,60.43000030517578,74.3499984741211
2013-12-26,44.29999923706055,13.760000228881836,31.049999237060547,24.510746002197266,13.684000015258789,13.244999885559082,23.190000534057617,60.540000915527344,74.5
2013-12-27,44.29999923706055,14.09000015258789,30.950000762939453,24.527435302734375,13.899999618530273,13.447999954223633,23.270000457763672,60.38999938964844,74.5
2013-12-30,43.91999816894531,14.010000228881836,30.709999084472656,24.402252197265625,13.85200023651123,13.281999588012695,23.229999542236328,59.91999816894531,73.5
2013-12-31,44.540000915527344,14.050000190734863,30.579999923706055,24.3271427154541,13.923999786376953,13.388999938964844,22.809999465942383,59.93000030517578,73.75
2014-01-02,42.58000183105469,13.899999618530273,30.530000686645508,23.793033599853516,14.185999870300293,13.70199966430664,22.670000076293945,58.040000915527344,73.44999694824219
2014-01-03,42.27000045776367,13.899999618530273,30.760000228881836,23.584396362304688,14.223999977111816,13.791000366210938,22.68000030517578,57.130001068115234,73.75
2014-01-06,42.380001068115234,13.75,31.139999389648438,23.576047897338867,14.416000366210938,13.85200023651123,22.709999084472656,57.099998474121094,74.4000015258789
2014-01-07,42.439998626708984,13.75,30.889999389648438,23.559358596801758,14.465999603271484,13.79800033569336,22.520000457763672,57.599998474121094,73.80000305175781
2014-01-08,42.380001068115234,13.699999809265137,30.209999084472656,23.40913963317871,14.36400032043457,13.829000473022461,22.43000030517578,57.22999954223633,72.5
2014-01-09,42.029998779296875,13.329999923706055,29.940000534057617,23.24222755432129,14.37600040435791,13.836000442504883,22.450000762939453,56.90999984741211,73.0
2014-01-10,42.31999969482422,13.399999618530273,31.15999984741211,23.317337036132812,14.505999565124512,14.02400016784668,22.40999984741211,57.52000045776367,70.5
2014-01-13,41.86000061035156,13.300000190734863,31.360000610351562,23.158771514892578,14.423999786376953,14.07800006866455,22.739999771118164,56.34000015258789,70.5999984741211
2014-01-14,41.79999923706055,13.699999809265137,31.239999771118164,23.20050048828125,14.37399959564209,13.937999725341797,22.709999084472656,56.22999954223633,71.94999694824219
2014-01-15,42.11000061035156,13.350000381469727,30.799999237060547,23.38409996032715,14.505999565124512,13.937999725341797,22.959999084472656,56.31999969482422,70.80000305175781
2014-01-16,41.83000183105469,13.5,30.790000915527344,23.26726531982422,14.515999794006348,13.944999694824219,23.020000457763672,55.709999084472656,71.0999984741211
2014-01-17,42.099998474121094,13.25,30.6299991607666,23.32568359375,14.59000015258789,14.168000221252441,23.040000915527344,56.29999923706055,69.5
2014-01-21,42.290000915527344,13.229999542236328,30.520000457763672,23.525976181030273,14.586000442504883,14.175000190734863,22.530000686645508,56.470001220703125,69.6500015258789
2014-01-22,42.900001525878906,13.25,30.579999923706055,23.826414108276367,14.571999549865723,14.204999923706055,22.559999465942383,57.47999954223633,69.55000305175781
2014-01-23,42.7599983215332,13.170000076293945,30.600000381469727,23.692886352539062,14.54800033569336,14.213000297546387,22.559999465942383,57.13999938964844,70.5
2014-01-24,42.77000045776367,13.170000076293945,30.760000228881836,23.767995834350586,14.326000213623047,13.92300033569336,22.5,57.209999084472656,69.8499984741211
2014-01-27,42.470001220703125,12.9399995803833,30.90999984741211,23.60942840576172,14.093999862670898,13.763999938964844,22.540000915527344,56.540000915527344,69.25
2014-01-28,42.54999923706055,13.069999694824219,30.84000015258789,23.767995834350586,14.010000228881836,13.769000053405762,22.520000457763672,56.5,68.69999694824219
2014-01-29,42.70000076293945,13.069999694824219,30.600000381469727,23.86814308166504,13.96399974822998,13.793000221252441,22.3700008392334,57.0099983215332,67.0
2014-01-30,42.689998626708984,13.079999923706055,30.829999923706055,23.84310531616211,13.800000190734863,13.47700023651123,22.540000915527344,57.279998779296875,67.0999984741211
2014-01-31,42.15999984741211,13.460000038146973,30.899999618530273,23.651159286499023,13.739999771118164,13.427000045776367,22.5,56.34000015258789,67.5
2014-02-03,42.06999969482422,13.569999694824219,31.030000686645508,23.601085662841797,13.680000305175781,13.508000373840332,22.68000030517578,55.880001068115234,67.69999694824219
2014-02-04,42.0,13.880000114440918,31.520000457763672,23.667848587036133,13.697999954223633,13.414999961853027,22.8799991607666,55.779998779296875,71.30000305175781
2014-02-05,42.08000183105469,13.960000038146973,31.510000228881836,23.7346134185791,13.862000465393066,13.482000350952148,22.8799991607666,56.47999954223633,72.0
2014-02-06,42.529998779296875,13.739999771118164,31.549999237060547,23.959941864013672,13.880000114440918,13.442999839782715,23.06999969482422,57.380001068115234,70.05000305175781
2014-02-07,43.29999923706055,13.779999732971191,31.610000610351562,24.302106857299805,13.866000175476074,13.501999855041504,23.059999465942383,58.7400016784668,70.5999984741211
2014-02-10,42.9900016784668,13.619999885559082,31.549999237060547,24.143543243408203,13.984000205993652,13.531999588012695,23.09000015258789,58.279998779296875,71.69999694824219
2014-02-11,43.04999923706055,14.5,31.25,24.31879997253418,14.039999961853027,13.534000396728516,23.170000076293945,58.849998474121094,70.5999984741211
2014-02-12,43.099998474121094,14.399999618530273,31.399999618530273,24.293764114379883,14.197999954223633,13.732999801635742,23.06999969482422,58.970001220703125,70.80000305175781
2014-02-13,43.25,13.899999618530273,31.270000457763672,24.427291870117188,14.284000396728516,13.8149995803833,23.290000915527344,59.2599983215332,71.69999694824219
2014-02-14,43.400001525878906,13.319999694824219,31.489999771118164,24.469017028808594,14.36400032043457,13.949999809265137,23.270000457763672,59.81999969482422,72.0
2014-02-18,43.97999954223633,14.449999809265137,31.979999542236328,24.802839279174805,14.345999717712402,13.883000373840332,23.610000610351562,60.599998474121094,74.30000305175781
2014-02-19,44.08000183105469,14.279999732971191,32.2599983215332,24.944711685180664,14.28600025177002,13.815999984741211,23.600000381469727,60.41999816894531,74.5
2014-02-20,43.83000183105469,14.279999732971191,32.349998474121094,24.936365127563477,14.368000030517578,13.845000267028809,23.690000534057617,61.15999984741211,74.0
2014-02-21,43.709999084472656,14.5600004196167,31.8799991607666,24.85291290283203,14.435999870300293,13.949999809265137,23.8700008392334,60.56999969482422,73.5
2014-02-24,44.08000183105469,15.199999809265137,31.90999984741211,24.88629150390625,14.489999771118164,14.031000137329102,24.010000228881836,60.61000061035156,74.25
2014-02-25,43.599998474121094,16.450000762939453,32.25,24.627580642700195,14.34000015258789,14.057999610900879,24.209999084472656,59.939998626708984,75.25
2014-02-26,43.720001220703125,14.899999618530273,31.979999542236328,24.619239807128906,14.244000434875488,13.949999809265137,24.290000915527344,60.2599983215332,73.0999984741211
2014-02-27,43.400001525878906,15.75,31.760000228881836,24.51909065246582,14.47599983215332,14.164999961853027,24.059999465942383,59.68000030517578,71.0
2014-02-28,43.380001068115234,14.720000267028809,32.47999954223633,24.610891342163086,14.5,14.10099983215332,24.59000015258789,60.02000045776367,72.44999694824219
2014-03-03,44.18000030517578,15.100000381469727,32.970001220703125,24.99478530883789,14.61400032043457,14.223999977111816,24.489999771118164,60.869998931884766,77.05000305175781
2014-03-04,43.5,14.989999771118164,33.63999938964844,24.761110305786133,14.895999908447266,14.277999877929688,24.68000030517578,60.18000030517578,76.69999694824219
2014-03-05,42.900001525878906,15.25,33.40999984741211,24.36052703857422,15.067999839782715,14.416000366210938,24.690000534057617,59.25,76.69999694824219
2014-03-06,43.16999816894531,15.199999809265137,34.119998931884766,24.54412841796875,15.255999565124512,14.46500015258789,24.790000915527344,59.41999816894531,77.9000015258789
2014-03-07,43.290000915527344,14.970000267028809,33.5099983215332,24.627580642700195,15.241999626159668,14.451000213623047,25.049999237060547,59.88999938964844,78.69999694824219
2014-03-10,42.93000030517578,15.149999618530273,32.95000076293945,24.435636520385742,15.152000427246094,14.402000427246094,24.5,59.540000915527344,76.30000305175781
2014-03-11,43.08000183105469,15.25,33.47999954223633,24.385560989379883,15.015999794006348,14.272000312805176,24.6299991607666,59.81999969482422,79.05000305175781
2014-03-12,42.95000076293945,15.0600004196167,33.689998626708984,24.21030616760254,15.152000427246094,14.390000343322754,24.200000762939453,59.599998474121094,81.9000015258789
2014-03-13,42.779998779296875,14.6899995803833,33.4900016784668,24.0767822265625,15.140000343322754,14.402999877929688,24.329999923706055,59.13999938964844,79.94999694824219
2014-03-14,43.209999084472656,14.640000343322754,33.540000915527344,24.260379791259766,15.086000442504883,14.324000358581543,24.139999389648438,59.65999984741211,81.6500015258789
2014-03-17,42.470001220703125,14.649999618530273,33.220001220703125,23.959941864013672,15.043999671936035,14.279000282287598,24.190000534057617,58.16999816894531,80.69999694824219
2014-03-18,42.630001068115234,14.710000038146973,33.77000045776367,24.06843376159668,14.946000099182129,14.23799991607666,24.489999771118164,58.52000045776367,82.6500015258789
2014-03-19,42.31999969482422,15.079999923706055,33.630001068115234,24.0100154876709,14.887999534606934,14.11400032043457,24.889999389648438,57.9900016784668,84.55000305175781
2014-03-20,42.5099983215332,14.420000076293945,33.20000076293945,24.018362045288086,15.026000022888184,13.963000297546387,24.489999771118164,58.27000045776367,83.69999694824219
2014-03-21,42.7400016784668,14.520000457763672,33.150001525878906,24.093469619750977,15.460000038146973,13.996000289916992,24.350000381469727,58.7599983215332,81.69999694824219
2014-03-24,42.560001373291016,14.130000114440918,33.68000030517578,24.018362045288086,15.505999565124512,13.904999732971191,24.459999084472656,58.290000915527344,84.30000305175781
2014-03-25,42.68000030517578,14.640000343322754,33.599998474121094,24.168581008911133,15.399999618530273,13.866999626159668,24.770000457763672,58.27000045776367,83.9000015258789
2014-03-26,42.75,14.710000038146973,33.45000076293945,24.218652725219727,15.25,13.717000007629395,24.06999969482422,58.61000061035156,82.8499984741211
2014-03-27,43.0,14.149999618530273,33.97999954223633,24.485708236694336,14.784000396728516,13.652000427246094,24.639999389648438,59.2400016784668,84.4000015258789
2014-03-28,43.15999984741211,14.199999809265137,33.650001525878906,24.552471160888672,15.086000442504883,13.722000122070312,24.6200008392334,59.2599983215332,82.3499984741211
2014-03-31,43.04999923706055,15.220000267028809,34.65999984741211,24.427291870117188,15.107999801635742,13.812000274658203,24.579999923706055,58.97999954223633,82.6500015258789
2014-04-01,42.06999969482422,14.880000114440918,35.040000915527344,23.918214797973633,15.199999809265137,13.904999732971191,25.540000915527344,57.900001525878906,81.75
2014-04-02,41.779998779296875,14.779999732971191,34.25,23.918214797973633,15.312000274658203,14.017000198364258,24.979999542236328,58.040000915527344,79.5
2014-04-03,42.41999816894531,14.859999656677246,34.63999938964844,24.21030616760254,15.345999717712402,14.069999694824219,24.979999542236328,58.77000045776367,80.4000015258789
2014-04-04,42.61000061035156,15.279999732971191,34.91999816894531,24.3271427154541,15.399999618530273,14.130000114440918,25.09000015258789,59.27000045776367,80.25
2014-04-07,42.31999969482422,14.819999694824219,34.61000061035156,24.243690490722656,14.954000473022461,13.930999755859375,25.059999465942383,59.18000030517578,81.0
2014-04-08,43.04999923706055,14.399999618530273,35.220001220703125,24.585853576660156,15.133999824523926,14.032999992370605,25.34000015258789,60.15999984741211,82.3499984741211
2014-04-09,43.060001373291016,15.039999961853027,34.689998626708984,24.694345474243164,15.215999603271484,14.074000358581543,25.56999969482422,60.59000015258789,79.5
2014-04-10,42.95000076293945,14.220000267028809,34.65999984741211,24.71103858947754,15.390000343322754,14.182000160217285,25.399999618530273,60.779998779296875,79.5999984741211
2014-04-11,42.880001068115234,14.880000114440918,34.4900016784668,24.652620315551758,15.668000221252441,14.178999900817871,25.18000030517578,60.63999938964844,79.19999694824219
2014-04-14,43.540000915527344,14.880000114440918,34.7400016784668,24.902984619140625,15.812000274658203,14.28600025177002,25.280000686645508,61.2400016784668,81.0999984741211
2014-04-15,43.709999084472656,14.819999694824219,34.720001220703125,24.919675827026367,15.47599983215332,14.055000305175781,25.56999969482422,61.439998626708984,83.9000015258789
2014-04-16,43.77000045776367,15.140000343322754,34.400001525878906,24.96974754333496,15.607999801635742,14.001999855041504,25.8700008392334,61.38999938964844,82.0
2014-04-17,43.83000183105469,14.770000457763672,34.119998931884766,25.153350830078125,15.479999542236328,13.755999565124512,25.860000610351562,61.70000076293945,82.30000305175781
2014-04-21,43.959999084472656,14.739999771118164,33.599998474121094,25.11996841430664,15.20199966430664,13.666000366210938,25.09000015258789,62.099998474121094,80.05000305175781
2014-04-22,43.72999954223633,15.260000228881836,34.15999984741211,25.019821166992188,15.317999839782715,13.666000366210938,25.329999923706055,61.97999954223633,82.30000305175781
2014-04-23,43.619998931884766,15.109999656677246,34.70000076293945,24.936365127563477,15.342000007629395,13.692000389099121,25.59000015258789,62.02000045776367,80.6500015258789
2014-04-24,44.119998931884766,14.989999771118164,34.68000030517578,25.10327911376953,15.600000381469727,13.77400016784668,25.530000686645508,62.099998474121094,83.05000305175781
2014-04-25,43.7599983215332,15.050000190734863,34.84000015258789,24.86125946044922,15.784000396728516,13.855999946594238,25.770000457763672,61.630001068115234,84.3499984741211
2014-04-28,43.290000915527344,14.859999656677246,34.970001220703125,24.752763748168945,15.64799976348877,13.829999923706055,25.790000915527344,60.939998626708984,83.5999984741211
2014-04-29,43.5,14.890000343322754,35.5,24.86125946044922,15.729999542236328,13.925999641418457,25.979999542236328,61.310001373291016,84.55000305175781
2014-04-30,43.25,15.199999809265137,35.22999954223633,24.660964965820312,15.791999816894531,13.890999794006348,26.06999969482422,60.529998779296875,85.4000015258789
2014-05-01,43.09000015258789,15.260000228881836,34.59000015258789,24.510746002197266,15.859999656677246,13.883999824523926,25.399999618530273,59.91999816894531,84.0
2014-05-02,43.380001068115234,14.850000381469727,34.060001373291016,24.585853576660156,15.805999755859375,14.006999969482422,25.479999542236328,60.06999969482422,84.75
2014-05-05,42.9900016784668,14.930000305175781,34.470001220703125,24.4189453125,15.930000305175781,14.118000030517578,25.489999771118164,59.400001525878906,86.05000305175781
2014-05-06,42.77000045776367,15.180000305175781,35.119998931884766,24.39390754699707,15.944000244140625,14.164999961853027,25.3700008392334,58.81999969482422,87.3499984741211
2014-05-07,43.22999954223633,14.920000076293945,35.029998779296875,24.64427375793457,15.543999671936035,13.947999954223633,25.190000534057617,59.70000076293945,87.1500015258789
2014-05-08,43.16999816894531,15.529999732971191,35.15999984741211,24.485708236694336,15.661999702453613,13.991999626159668,25.40999984741211,59.279998779296875,86.75
2014-05-09,43.099998474121094,14.829999923706055,34.34000015258789,24.39390754699707,15.621999740600586,13.923999786376953,25.530000686645508,59.060001373291016,85.6500015258789
2014-05-12,43.290000915527344,15.359999656677246,33.959999084472656,24.4189453125,15.704000473022461,14.00100040435791,25.25,59.529998779296875,84.69999694824219
2014-05-13,43.619998931884766,15.180000305175781,34.040000915527344,24.569164276123047,15.895999908447266,14.163999557495117,25.450000762939453,59.720001220703125,83.1500015258789
2014-05-14,43.83000183105469,15.199999809265137,33.779998779296875,24.677654266357422,16.118000030517578,14.447999954223633,25.510000228881836,60.58000183105469,81.75
2014-05-15,43.790000915527344,15.279999732971191,33.13999938964844,24.652620315551758,15.814000129699707,14.267999649047852,25.420000076293945,60.41999816894531,80.05000305175781
2014-05-16,44.06999969482422,15.220000267028809,33.189998626708984,24.761110305786133,15.878000259399414,14.255999565124512,25.459999084472656,60.66999816894531,79.75
2014-05-19,43.90999984741211,15.0,32.779998779296875,24.719383239746094,15.90999984741211,14.300000190734863,25.770000457763672,60.4900016784668,79.44999694824219
2014-05-20,44.099998474121094,15.210000038146973,32.54999923706055,24.88629150390625,16.086000442504883,14.3100004196167,25.65999984741211,60.54999923706055,78.9000015258789
2014-05-21,44.29999923706055,14.850000381469727,32.54999923706055,24.97809410095215,16.167999267578125,14.343999862670898,25.700000762939453,61.029998779296875,79.0
2014-05-22,44.349998474121094,15.109999656677246,32.619998931884766,24.936365127563477,16.29599952697754,14.510000228881836,26.280000686645508,61.380001068115234,78.25
2014-05-23,44.38999938964844,15.0,32.77000045776367,25.019821166992188,16.20400047302246,14.36400032043457,26.31999969482422,61.65999984741211,77.75
2014-05-27,44.18000030517578,14.75,32.099998474121094,25.003129959106445,16.214000701904297,14.265999794006348,25.709999084472656,61.060001373291016,76.1500015258789
2014-05-28,44.08000183105469,14.510000228881836,32.38999938964844,24.961402893066406,16.277999877929688,14.156000137329102,25.81999969482422,61.27000045776367,76.30000305175781
2014-05-29,44.18000030517578,14.979999542236328,31.93000030517578,24.97809410095215,16.261999130249023,14.197999954223633,25.739999771118164,61.459999084472656,75.80000305175781
2014-05-30,43.93000030517578,14.979999542236328,31.56999969482422,24.84456443786621,16.309999465942383,14.140000343322754,25.549999237060547,61.0,75.44999694824219
2014-06-02,43.709999084472656,14.979999542236328,31.6200008392334,24.794492721557617,16.20199966430664,13.980999946594238,25.5,60.56999969482422,74.8499984741211
2014-06-03,43.709999084472656,14.649999618530273,31.309999465942383,24.802839279174805,16.333999633789062,13.934000015258789,25.360000610351562,60.529998779296875,73.75
2014-06-04,43.5,14.5600004196167,31.34000015258789,24.736072540283203,16.281999588012695,13.998000144958496,25.309999465942383,60.189998626708984,74.05000305175781
2014-06-05,43.720001220703125,14.550000190734863,30.8799991607666,24.86960220336914,16.371999740600586,14.079999923706055,25.229999542236328,60.65999984741211,73.0999984741211
2014-06-06,43.630001068115234,14.6899995803833,31.549999237060547,24.86125946044922,16.479999542236328,14.130999565124512,25.40999984741211,60.43000030517578,75.0
2014-06-09,44.04999923706055,14.680000305175781,31.1299991607666,25.003129959106445,16.413999557495117,14.13599967956543,25.59000015258789,61.13999938964844,74.4000015258789
2014-06-10,44.060001373291016,14.619999885559082,30.709999084472656,24.961402893066406,16.642000198364258,14.413999557495117,25.530000686645508,61.099998474121094,73.1500015258789
2014-06-11,44.20000076293945,14.510000228881836,30.56999969482422,25.028167724609375,16.79599952697754,14.440999984741211,25.420000076293945,61.5,71.75
2014-06-12,45.47999954223633,14.5,30.81999969482422,25.67076873779297,16.031999588012695,14.057999610900879,25.020000457763672,63.18000030517578,71.1500015258789
2014-06-13,45.36000061035156,14.75,30.90999984741211,25.637388229370117,15.87600040435791,13.939000129699707,25.389999389648438,62.7599983215332,70.9000015258789
2014-06-16,45.599998474121094,14.800000190734863,30.600000381469727,25.754226684570312,15.765999794006348,13.96500015258789,25.260000228881836,63.04999923706055,70.1500015258789
2014-06-17,45.790000915527344,14.800000190734863,30.459999084472656,25.812644958496094,15.90999984741211,14.026000022888184,25.079999923706055,63.20000076293945,70.4000015258789
2014-06-18,46.150001525878906,14.890000343322754,30.469999313354492,25.929481506347656,16.083999633789062,14.118000030517578,25.200000762939453,63.5099983215332,70.9000015258789
2014-06-19,46.45000076293945,15.300000190734863,31.010000228881836,25.979555130004883,16.302000045776367,14.347999572753906,25.450000762939453,64.02999877929688,72.25
2014-06-20,46.27000045776367,15.390000343322754,31.350000381469727,26.00459098815918,16.016000747680664,14.175999641418457,25.510000228881836,64.12000274658203,70.5999984741211
2014-06-23,46.029998779296875,15.300000190734863,30.6299991607666,25.904443740844727,16.010000228881836,14.173999786376953,25.700000762939453,63.79999923706055,70.30000305175781
2014-06-24,46.150001525878906,15.359999656677246,30.56999969482422,25.979555130004883,16.125999450683594,14.281999588012695,25.3700008392334,64.08000183105469,69.55000305175781
2014-06-25,46.08000183105469,15.449999809265137,30.579999923706055,25.987899780273438,16.22599983215332,14.319000244140625,25.420000076293945,63.529998779296875,69.9000015258789
2014-06-26,45.650001525878906,15.239999771118164,30.670000076293945,25.720842361450195,16.257999420166016,14.291999816894531,25.65999984741211,63.36000061035156,69.5999984741211
2014-06-27,45.65999984741211,15.5,30.959999084472656,25.73753547668457,16.38800048828125,14.37600040435791,25.329999923706055,63.630001068115234,70.5999984741211
2014-06-30,45.369998931884766,15.100000381469727,29.43000030517578,25.662425994873047,16.437999725341797,14.463000297546387,23.90999984741211,63.040000915527344,68.8499984741211
2014-07-01,45.27000045776367,14.960000038146973,29.440000534057617,25.662425994873047,16.6299991607666,14.684000015258789,24.09000015258789,62.849998474121094,68.69999694824219
2014-07-02,44.7599983215332,14.899999618530273,29.15999984741211,25.403715133666992,16.65399932861328,14.67199993133545,23.899999618530273,62.470001220703125,69.0999984741211
2014-07-03,44.66999816894531,14.899999618530273,29.020000457763672,25.32860565185547,16.753999710083008,14.619999885559082,23.709999084472656,62.560001373291016,69.5999984741211
2014-07-07,44.400001525878906,14.850000381469727,28.5,25.145004272460938,16.90399932861328,14.555000305175781,23.610000610351562,61.81999969482422,67.05000305175781
2014-07-08,44.06999969482422,14.619999885559082,28.280000686645508,25.028167724609375,16.968000411987305,14.550000190734863,23.3700008392334,61.5099983215332,67.05000305175781
2014-07-09,43.810001373291016,14.5,27.790000915527344,24.86125946044922,16.996000289916992,14.666999816894531,23.059999465942383,60.88999938964844,66.30000305175781
2014-07-10,44.029998779296875,14.729999542236328,27.510000228881836,25.003129959106445,16.972000122070312,14.708999633789062,22.860000610351562,61.2599983215332,65.69999694824219
2014-07-11,43.29999923706055,14.510000228881836,26.889999389648438,24.685998916625977,17.02400016784668,14.711999893188477,22.520000457763672,60.2400016784668,63.349998474121094
2014-07-14,43.459999084472656,14.6899995803833,27.299999237060547,24.877946853637695,16.920000076293945,14.517999649047852,22.75,60.619998931884766,64.94999694824219
2014-07-15,43.029998779296875,14.510000228881836,26.850000381469727,24.577510833740234,16.860000610351562,14.42199993133545,22.739999771118164,59.939998626708984,64.80000305175781
2014-07-16,43.18000030517578,14.479999542236328,27.25,24.635927200317383,16.996000289916992,14.427000045776367,23.059999465942383,59.70000076293945,65.05000305175781
2014-07-17,43.5,14.239999771118164,27.18000030517578,24.627580642700195,17.219999313354492,14.619999885559082,22.8799991607666,59.61000061035156,66.30000305175781
2014-07-18,43.20000076293945,14.199999809265137,26.670000076293945,24.50240135192871,17.128000259399414,14.505999565124512,22.75,59.29999923706055,64.44999694824219
2014-07-21,43.45000076293945,14.449999809265137,26.209999084472656,24.652620315551758,17.082000732421875,14.486000061035156,22.540000915527344,59.90999984741211,64.4000015258789
2014-07-22,43.34000015258789,14.289999961853027,25.989999771118164,24.50240135192871,17.040000915527344,14.467000007629395,22.200000762939453,59.599998474121094,63.599998474121094
2014-07-23,43.619998931884766,14.489999771118164,26.15999984741211,24.59419822692871,16.97800064086914,14.432999610900879,22.530000686645508,59.400001525878906,64.4000015258789
2014-07-24,43.25,14.75,26.110000610351562,24.527435302734375,16.93199920654297,14.282999992370605,22.670000076293945,58.90999984741211,64.0
2014-07-25,43.66999816894531,14.850000381469727,26.209999084472656,24.64427375793457,17.13599967956543,14.362000465393066,23.020000457763672,59.36000061035156,64.75
2014-07-28,43.400001525878906,14.699999809265137,26.5,24.47736358642578,17.1200008392334,14.5,23.079999923706055,59.060001373291016,64.55000305175781
2014-07-29,43.400001525878906,14.5,26.239999771118164,24.54412841796875,17.101999282836914,14.394000053405762,22.780000686645508,59.380001068115234,63.04999923706055
2014-07-30,42.810001373291016,14.369999885559082,26.309999465942383,24.302106857299805,17.13800048828125,14.37600040435791,22.579999923706055,58.58000183105469,63.75
2014-07-31,42.70000076293945,14.199999809265137,26.010000228881836,24.218652725219727,16.923999786376953,14.201000213623047,22.670000076293945,58.2400016784668,63.54999923706055
2014-08-01,42.209999084472656,14.199999809265137,25.600000381469727,24.00166893005371,16.827999114990234,14.227999687194824,22.18000030517578,57.220001220703125,63.79999923706055
2014-08-04,42.52000045776367,14.399999618530273,26.18000030517578,24.110158920288086,16.666000366210938,14.244999885559082,22.600000381469727,57.0,64.80000305175781
2014-08-05,42.2599983215332,14.399999618530273,25.989999771118164,24.0100154876709,16.445999145507812,14.133999824523926,22.209999084472656,56.75,65.9000015258789
2014-08-06,42.25,14.279999732971191,26.43000030517578,24.13519859313965,16.520000457763672,14.223999977111816,22.43000030517578,57.279998779296875,67.0999984741211
2014-08-07,42.63999938964844,14.170000076293945,26.200000762939453,24.285417556762695,16.6560001373291,14.36299991607666,22.469999313354492,57.959999084472656,66.4000015258789
2014-08-08,42.29999923706055,14.15999984741211,25.790000915527344,24.168581008911133,16.788000106811523,14.354999542236328,22.540000915527344,57.36000061035156,64.6500015258789
2014-08-11,42.18000030517578,14.279999732971191,25.940000534057617,24.226999282836914,17.027999877929688,14.312000274658203,22.350000381469727,57.5,64.3499984741211
2014-08-12,41.619998931884766,14.199999809265137,26.010000228881836,24.02670669555664,17.07200050354004,14.291999816894531,22.100000381469727,57.08000183105469,63.5
2014-08-13,42.040000915527344,14.270000457763672,26.079999923706055,24.093469619750977,17.158000946044922,14.26200008392334,21.90999984741211,57.400001525878906,62.79999923706055
2014-08-14,41.02000045776367,14.09000015258789,26.3799991607666,23.60942840576172,17.18199920654297,14.246000289916992,22.0,55.880001068115234,63.349998474121094
2014-08-15,41.34000015258789,14.039999961853027,26.600000381469727,23.726266860961914,17.392000198364258,14.168999671936035,21.950000762939453,56.25,64.55000305175781
2014-08-18,40.810001373291016,14.130000114440918,26.18000030517578,23.492595672607422,17.38800048828125,14.050000190734863,21.989999771118164,55.720001220703125,63.650001525878906
2014-08-19,40.75,13.609999656677246,26.200000762939453,23.525976181030273,17.15999984741211,13.991999626159668,21.8700008392334,56.099998474121094,64.0
2014-08-20,41.02000045776367,13.949999809265137,25.959999084472656,23.592741012573242,16.854000091552734,13.869000434875488,21.700000762939453,56.400001525878906,63.20000076293945
2014-08-21,41.18000030517578,14.119999885559082,26.030000686645508,23.717924118041992,17.06999969482422,13.812000274658203,21.729999542236328,57.0,63.20000076293945
2014-08-22,41.02000045776367,14.050000190734863,26.209999084472656,23.63446807861328,17.275999069213867,13.835000038146973,21.770000457763672,56.689998626708984,64.0
2014-08-25,41.189998626708984,14.0,25.889999389648438,23.717924118041992,17.27199935913086,13.78499984741211,21.5,56.79999923706055,63.400001525878906
2014-08-26,41.09000015258789,13.9399995803833,25.780000686645508,23.74295997619629,17.219999313354492,13.786999702453613,21.540000915527344,56.869998931884766,63.599998474121094
2014-08-27,41.150001525878906,13.960000038146973,25.780000686645508,23.801376342773438,17.341999053955078,13.78600025177002,21.40999984741211,56.70000076293945,64.0999984741211
2014-08-28,41.130001068115234,14.180000305175781,25.989999771118164,23.793033599853516,17.420000076293945,13.869999885559082,21.520000457763672,56.81999969482422,64.8499984741211
2014-08-29,41.34000015258789,14.09000015258789,25.75,23.926559448242188,17.6200008392334,13.850000381469727,21.43000030517578,57.41999816894531,64.30000305175781
2014-09-02,40.29999923706055,14.069999694824219,25.6299991607666,23.334028244018555,17.172000885009766,13.718000411987305,21.59000015258789,55.709999084472656,63.349998474121094
2014-09-03,41.040000915527344,14.0,24.81999969482422,23.684539794921875,17.00200080871582,13.739999771118164,21.34000015258789,57.22999954223633,61.29999923706055
2014-09-04,40.83000183105469,13.890000343322754,24.510000228881836,23.55101203918457,17.257999420166016,13.663999557495117,21.010000228881836,56.90999984741211,60.70000076293945
2014-09-05,40.470001220703125,13.880000114440918,25.149999618530273,23.38409996032715,17.29800033569336,13.718000411987305,21.290000915527344,56.38999938964844,61.150001525878906
2014-09-08,40.2400016784668,13.90999984741211,24.610000610351562,23.334028244018555,17.191999435424805,13.604999542236328,21.09000015258789,56.029998779296875,60.849998474121094
2014-09-09,39.900001525878906,13.880000114440918,24.389999389648438,23.208847045898438,16.722000122070312,13.5,20.75,55.650001525878906,60.400001525878906
2014-09-10,39.43000030517578,13.510000228881836,24.479999542236328,23.050283432006836,16.56399917602539,13.440999984741211,20.780000686645508,55.459999084472656,59.5
2014-09-11,39.41999816894531,13.489999771118164,24.190000534057617,23.025245666503906,16.18600082397461,13.336999893188477,20.489999771118164,55.380001068115234,58.29999923706055
2014-09-12,38.959999084472656,13.199999809265137,23.969999313354492,22.824953079223633,16.242000579833984,13.317999839782715,20.5,54.91999816894531,57.650001525878906
2014-09-15,39.029998779296875,13.119999885559082,24.299999237060547,22.925098419189453,16.22599983215332,13.246999740600586,20.56999969482422,55.45000076293945,57.54999923706055
2014-09-16,39.40999984741211,13.649999618530273,24.350000381469727,23.192155838012695,16.378000259399414,13.293999671936035,20.559999465942383,55.939998626708984,57.099998474121094
2014-09-17,39.380001068115234,13.180000305175781,24.149999618530273,23.13373565673828,16.20199966430664,13.14900016784668,20.559999465942383,56.02000045776367,57.25
2014-09-18,38.93000030517578,13.979999542236328,23.979999542236328,22.8917179107666,16.091999053955078,13.104999542236328,20.389999389648438,55.810001373291016,56.20000076293945
2014-09-19,39.18000030517578,12.800000190734863,23.540000915527344,22.95013427734375,15.77400016784668,13.003999710083008,20.049999237060547,56.220001220703125,54.599998474121094
2014-09-22,38.63999938964844,12.649999618530273,23.350000381469727,22.733152389526367,15.579999923706055,12.909000396728516,19.59000015258789,55.599998474121094,54.29999923706055
2014-09-23,38.61000061035156,12.640000343322754,23.079999923706055,22.733152389526367,15.84000015258789,12.947999954223633,19.670000076293945,55.9900016784668,54.04999923706055
2014-09-24,38.709999084472656,12.84000015258789,23.420000076293945,22.8917179107666,15.854000091552734,12.8149995803833,19.6200008392334,56.209999084472656,54.599998474121094
2014-09-25,38.709999084472656,12.989999771118164,23.219999313354492,22.88336944580078,15.569999694824219,12.784000396728516,19.420000076293945,56.599998474121094,54.04999923706055
2014-09-26,38.65999984741211,13.079999923706055,22.989999771118164,22.84998893737793,15.130000114440918,12.654999732971191,19.170000076293945,55.540000915527344,53.900001525878906
2014-09-29,38.70000076293945,13.180000305175781,23.139999389648438,22.966829299926758,15.39799976348877,12.722999572753906,19.43000030517578,56.11000061035156,54.599998474121094
2014-09-30,37.79999923706055,13.149999618530273,22.780000686645508,22.466096878051758,15.03600025177002,12.628999710083008,19.139999389648438,54.560001373291016,54.150001525878906
2014-10-01,37.560001373291016,12.9399995803833,22.8799991607666,22.307533264160156,15.119999885559082,12.477999687194824,19.229999542236328,54.599998474121094,54.599998474121094
2014-10-02,37.279998779296875,12.899999618530273,23.020000457763672,22.19904136657715,14.90999984741211,12.3149995803833,19.479999542236328,54.0099983215332,54.95000076293945
2014-10-03,36.70000076293945,13.0,23.100000381469727,21.856874465942383,14.718000411987305,11.91100025177002,19.079999923706055,53.09000015258789,55.099998474121094
2014-10-06,37.02000045776367,13.930000305175781,23.700000762939453,22.040475845336914,14.85200023651123,12.08899974822998,19.739999771118164,53.97999954223633,55.79999923706055
2014-10-07,36.63999938964844,13.510000228881836,24.200000762939453,21.76507568359375,15.241999626159668,12.234999656677246,19.770000457763672,52.70000076293945,57.25
2014-10-08,36.47999954223633,13.329999923706055,24.299999237060547,21.556438446044922,15.520000457763672,12.45300006866455,19.649999618530273,51.869998931884766,57.25
2014-10-09,35.619998931884766,13.449999809265137,24.329999923706055,21.10577964782715,15.470000267028809,12.371000289916992,19.790000915527344,50.349998474121094,55.5
2014-10-10,35.75,13.699999809265137,23.780000686645508,21.172544479370117,15.241999626159668,12.262999534606934,19.3700008392334,50.31999969482422,55.900001525878906
2014-10-13,35.119998931884766,13.369999885559082,24.520000457763672,20.972251892089844,15.253999710083008,12.270999908447266,19.760000228881836,50.0099983215332,56.75
2014-10-14,33.7599983215332,13.350000381469727,25.09000015258789,20.26288604736328,15.390000343322754,12.312000274658203,20.200000762939453,48.63999938964844,57.25
2014-10-15,33.310001373291016,13.350000381469727,24.639999389648438,20.045902252197266,14.859999656677246,12.246000289916992,19.8799991607666,48.04999923706055,56.900001525878906
2014-10-16,33.93000030517578,13.199999809265137,24.81999969482422,20.337995529174805,14.432000160217285,12.152000427246094,20.219999313354492,49.220001220703125,58.0
2014-10-17,34.16999816894531,13.140000343322754,24.549999237060547,20.48821258544922,14.656000137329102,12.230999946594238,19.8799991607666,49.9900016784668,57.599998474121094
2014-10-20,33.779998779296875,13.229999542236328,24.59000015258789,20.25453758239746,14.843999862670898,12.324000358581543,19.770000457763672,49.33000183105469,57.349998474121094
2014-10-21,34.16999816894531,13.140000343322754,25.149999618530273,20.413103103637695,15.071999549865723,12.444000244140625,20.15999984741211,49.66999816894531,58.25
2014-10-22,33.529998779296875,13.140000343322754,24.940000534057617,20.01251792907715,14.9399995803833,12.277000427246094,20.079999923706055,48.47999954223633,58.650001525878906
2014-10-23,34.369998931884766,13.1899995803833,25.34000015258789,20.413103103637695,15.149999618530273,12.210000038146973,20.649999618530273,49.810001373291016,59.20000076293945
2014-10-24,34.16999816894531,13.100000381469727,24.899999618530273,20.26288604736328,15.182000160217285,12.154000282287598,20.280000686645508,49.439998626708984,58.29999923706055
2014-10-27,33.810001373291016,13.050000190734863,25.469999313354492,20.079282760620117,15.239999771118164,12.197999954223633,20.809999465942383,48.869998931884766,58.75
2014-10-28,34.029998779296875,12.9399995803833,25.549999237060547,20.287919998168945,15.434000015258789,12.300999641418457,20.780000686645508,49.4900016784668,59.45000076293945
2014-10-29,34.54999923706055,12.9399995803833,26.25,20.58835792541504,15.442000389099121,12.244999885559082,21.510000228881836,50.29999923706055,60.099998474121094
2014-10-30,34.06999969482422,12.859999656677246,26.100000381469727,20.363027572631836,15.142000198364258,12.081999778747559,21.110000610351562,49.619998931884766,59.900001525878906
2014-10-31,34.06999969482422,12.819999694824219,26.270000457763672,20.329648971557617,15.418000221252441,12.012999534606934,21.3700008392334,49.52000045776367,59.45000076293945
2014-11-03,33.349998474121094,13.180000305175781,26.06999969482422,20.020864486694336,15.618000030517578,12.027999877929688,21.1200008392334,48.56999969482422,59.900001525878906
2014-11-04,32.720001220703125,12.800000190734863,25.549999237060547,19.720426559448242,15.267999649047852,11.87399959564209,20.709999084472656,47.70000076293945,59.099998474121094
2014-11-05,33.0099983215332,12.600000381469727,25.8700008392334,19.937406539916992,14.684000015258789,11.696000099182129,20.920000076293945,48.29999923706055,58.400001525878906
2014-11-06,32.79999923706055,12.609999656677246,25.969999313354492,19.954099655151367,14.581999778747559,11.609999656677246,21.049999237060547,49.060001373291016,58.25
2014-11-07,32.90999984741211,12.670000076293945,25.729999542236328,20.037555694580078,15.050000190734863,11.824999809265137,21.290000915527344,49.029998779296875,57.400001525878906
2014-11-10,32.56999969482422,12.699999809265137,25.850000381469727,19.787189483642578,14.812000274658203,11.626999855041504,20.969999313354492,48.33000183105469,57.5
2014-11-11,32.20000076293945,13.069999694824219,26.149999618530273,19.712080001831055,15.001999855041504,11.713000297546387,21.739999771118164,48.349998474121094,57.75
2014-11-12,31.739999771118164,13.210000038146973,26.43000030517578,19.56186294555664,15.0600004196167,11.66100025177002,21.459999084472656,48.15999984741211,59.70000076293945
2014-11-13,30.639999389648438,12.970000267028809,26.860000610351562,18.860837936401367,14.928000450134277,11.609000205993652,21.639999389648438,46.09000015258789,60.29999923706055
2014-11-14,31.34000015258789,12.899999618530273,26.610000610351562,19.244731903076172,14.871999740600586,11.781000137329102,21.030000686645508,47.209999084472656,61.20000076293945
2014-11-17,31.149999618530273,12.739999771118164,26.40999984741211,19.152929306030273,14.899999618530273,11.661999702453613,21.229999542236328,46.689998626708984,60.400001525878906
2014-11-18,30.860000610351562,12.789999961853027,26.049999237060547,19.019405364990234,15.010000228881836,11.720000267028809,20.969999313354492,46.93000030517578,60.0
2014-11-19,30.729999542236328,12.970000267028809,25.43000030517578,18.97767448425293,14.85200023651123,11.569000244140625,20.600000381469727,46.939998626708984,58.95000076293945
2014-11-20,31.18000030517578,13.0,26.020000457763672,19.08616828918457,14.984000205993652,11.774999618530273,20.950000762939453,46.84000015258789,60.04999923706055
2014-11-21,31.690000534057617,13.119999885559082,25.860000610351562,19.36991310119629,15.350000381469727,11.920000076293945,21.239999771118164,47.58000183105469,60.25
2014-11-24,31.329999923706055,12.850000381469727,25.709999084472656,19.16127586364746,15.342000007629395,11.70300006866455,21.139999389648438,46.90999984741211,59.650001525878906
2014-11-25,30.719999313354492,12.989999771118164,26.1200008392334,18.91925621032715,15.447999954223633,11.901000022888184,21.360000610351562,46.63999938964844,60.75
2014-11-26,30.5,13.09000015258789,26.329999923706055,18.810766220092773,15.600000381469727,11.913999557495117,21.329999923706055,46.529998779296875,60.900001525878906
2014-11-28,27.969999313354492,12.600000381469727,26.200000762939453,17.492176055908203,15.684000015258789,11.647000312805176,20.729999542236328,43.13999938964844,62.75
2014-12-01,28.610000610351562,12.579999923706055,26.229999542236328,17.792612075805664,15.654000282287598,12.031000137329102,20.81999969482422,43.81999969482422,65.4000015258789
2014-12-02,27.8799991607666,12.4399995803833,25.739999771118164,17.3336124420166,15.5600004196167,11.810999870300293,20.360000610351562,42.20000076293945,65.0999984741211
2014-12-03,27.510000228881836,12.149999618530273,25.729999542236328,17.216773986816406,15.494000434875488,11.901000022888184,20.469999313354492,42.0,63.650001525878906
2014-12-04,27.350000381469727,12.229999542236328,26.15999984741211,16.983102798461914,15.479999542236328,12.01200008392334,20.610000610351562,41.63999938964844,63.54999923706055
2014-12-05,27.079999923706055,12.260000228881836,26.549999237060547,16.86626434326172,15.569999694824219,11.880000114440918,21.149999618530273,40.970001220703125,63.95000076293945
2014-12-08,26.049999237060547,12.3100004196167,26.290000915527344,16.26538848876953,15.541999816894531,11.994000434875488,21.209999084472656,39.58000183105469,64.0
2014-12-09,26.270000457763672,12.479999542236328,26.549999237060547,16.373878479003906,15.723999977111816,12.095000267028809,21.31999969482422,39.91999816894531,63.099998474121094
2014-12-10,25.40999984741211,12.5,26.43000030517578,15.914875984191895,15.859999656677246,12.055999755859375,21.049999237060547,38.45000076293945,62.599998474121094
2014-12-11,24.979999542236328,12.15999984741211,26.68000030517578,15.681203842163086,15.90999984741211,12.022000312805176,21.190000534057617,37.689998626708984,63.95000076293945
2014-12-12,24.200000762939453,12.0,27.25,15.3640718460083,15.8100004196167,11.928999900817871,21.270000457763672,37.040000915527344,64.8499984741211
2014-12-15,23.68000030517578,12.050000190734863,27.34000015258789,14.955142974853516,15.461999893188477,11.722000122070312,21.06999969482422,36.2400016784668,66.05000305175781
2014-12-16,23.479999542236328,11.949999809265137,27.15999984741211,14.854995727539062,15.161999702453613,11.618000030517578,20.8700008392334,35.720001220703125,66.4000015258789
2014-12-17,23.760000228881836,11.819999694824219,27.270000457763672,14.96349048614502,15.121999740600586,11.574999809265137,21.0,36.13999938964844,68.80000305175781
2014-12-18,23.270000457763672,11.960000038146973,27.5,14.721467018127441,15.402000427246094,11.63599967956543,21.139999389648438,35.59000015258789,69.5
2014-12-19,24.309999465942383,12.350000381469727,27.549999237060547,15.26392650604248,15.619999885559082,11.609999656677246,21.110000610351562,36.83000183105469,67.6500015258789
2014-12-22,23.469999313354492,12.149999618530273,27.5,14.729813575744629,15.746000289916992,11.4350004196167,21.200000762939453,35.5099983215332,66.9000015258789
2014-12-23,24.110000610351562,12.199999809265137,27.610000610351562,15.122054100036621,15.763999938964844,11.572999954223633,21.170000076293945,36.52000045776367,68.0
2014-12-24,23.579999923706055,12.0,27.280000686645508,14.846651077270508,15.673999786376953,11.557999610900879,21.010000228881836,35.61000061035156,65.5
2014-12-26,23.270000457763672,11.789999961853027,27.709999084472656,14.704776763916016,15.871999740600586,11.789999961853027,21.399999618530273,35.08000183105469,65.55000305175781
2014-12-29,22.649999618530273,12.0,27.559999465942383,14.421030044555664,15.711999893188477,11.645000457763672,21.290000915527344,33.810001373291016,65.9000015258789
2014-12-30,22.469999313354492,11.800000190734863,27.149999618530273,14.379302978515625,15.600000381469727,11.789999961853027,21.15999984741211,33.630001068115234,64.8499984741211
2014-12-31,22.700000762939453,11.880000114440918,26.639999389648438,14.579594612121582,15.498000144958496,11.704999923706055,20.760000228881836,34.150001525878906,63.70000076293945
2015-01-02,22.020000457763672,11.59000015258789,26.479999542236328,14.128938674926758,15.42199993133545,11.656999588012695,20.450000762939453,33.220001220703125,62.70000076293945
2015-01-05,20.700000762939453,11.449999809265137,27.1200008392334,13.55309772491455,15.418000221252441,11.760000228881836,21.170000076293945,31.760000228881836,63.25
2015-01-06,19.920000076293945,11.859999656677246,27.049999237060547,13.135823249816895,15.564000129699707,11.854000091552734,21.3700008392334,31.1200008392334,63.650001525878906
2015-01-07,19.969999313354492,11.710000038146973,26.520000457763672,13.127477645874023,15.359999656677246,11.831999778747559,21.299999237060547,30.690000534057617,62.400001525878906
2015-01-08,20.010000228881836,12.069999694824219,26.3799991607666,13.261006355285645,15.35200023651123,11.810999870300293,21.139999389648438,30.889999389648438,61.150001525878906
2015-01-09,19.65999984741211,11.960000038146973,26.649999618530273,13.19424057006836,15.565999984741211,11.930000305175781,21.190000534057617,30.399999618530273,60.70000076293945
2015-01-12,18.68000030517578,11.760000228881836,26.829999923706055,12.643438339233398,15.732000350952148,12.039999961853027,20.549999237060547,29.479999542236328,60.04999923706055
2015-01-13,18.520000457763672,11.890000343322754,25.860000610351562,12.710201263427734,15.831999778747559,12.010000228881836,20.399999618530273,29.450000762939453,59.150001525878906
2015-01-14,19.06999969482422,12.069999694824219,25.6200008392334,13.127477645874023,15.055999755859375,11.935999870300293,20.489999771118164,31.020000457763672,58.099998474121094
2015-01-15,18.459999084472656,12.220000267028809,25.510000228881836,12.668476104736328,14.87399959564209,12.194999694824219,20.09000015258789,29.969999313354492,57.45000076293945
2015-01-16,19.170000076293945,12.220000267028809,25.8700008392334,13.018987655639648,14.678000450134277,12.279999732971191,20.06999969482422,31.360000610351562,57.349998474121094
2015-01-20,18.489999771118164,12.539999961853027,26.100000381469727,12.52660083770752,15.09000015258789,12.435999870300293,19.899999618530273,30.360000610351562,57.900001525878906
2015-01-21,18.75,12.6899995803833,25.979999542236328,12.66012954711914,14.881999969482422,12.355999946594238,19.90999984741211,30.489999771118164,57.70000076293945
2015-01-22,18.729999542236328,12.819999694824219,25.84000015258789,12.568328857421875,15.022000312805176,12.470000267028809,19.799999237060547,30.649999618530273,57.5
2015-01-23,18.690000534057617,12.109999656677246,26.0,12.593365669250488,15.001999855041504,12.277999877929688,19.719999313354492,30.90999984741211,57.04999923706055
2015-01-26,18.459999084472656,12.449999809265137,25.829999923706055,12.48487377166748,15.100000381469727,12.130999565124512,19.8799991607666,30.25,56.29999923706055
2015-01-27,18.8799991607666,12.210000038146973,25.6200008392334,12.718547821044922,15.142000198364258,12.269000053405762,19.770000457763672,31.1299991607666,56.20000076293945
2015-01-28,18.559999465942383,12.180000305175781,25.190000534057617,12.48487377166748,15.378000259399414,12.187999725341797,19.68000030517578,31.110000610351562,55.0
2015-01-29,18.84000015258789,11.989999771118164,25.139999389648438,12.509910583496094,14.982000350952148,11.848999977111816,19.6299991607666,31.459999084472656,55.349998474121094
2015-01-30,20.030000686645508,12.050000190734863,24.979999542236328,13.094095230102539,14.970000267028809,12.039999961853027,19.489999771118164,32.95000076293945,54.75
2015-02-02,21.010000228881836,11.569999694824219,24.950000762939453,13.611515998840332,15.232000350952148,11.913000106811523,19.489999771118164,34.86000061035156,53.599998474121094
2015-02-03,22.06999969482422,11.770000457763672,25.799999237060547,14.262467384338379,15.288000106811523,11.979999542236328,19.920000076293945,35.779998779296875,55.54999923706055
2015-02-04,21.010000228881836,11.699999809265137,25.75,13.578134536743164,15.371999740600586,12.034000396728516,19.690000534057617,33.689998626708984,55.349998474121094
2015-02-05,21.719999313354492,11.520000457763672,25.84000015258789,13.878571510314941,15.425999641418457,12.178000450134277,19.920000076293945,34.540000915527344,56.54999923706055
2015-02-06,22.170000076293945,12.020000457763672,25.90999984741211,14.112247467041016,15.22599983215332,11.878999710083008,19.719999313354492,35.16999816894531,56.79999923706055
2015-02-09,22.280000686645508,11.510000228881836,26.25,14.312538146972656,15.11400032043457,11.821000099182129,19.809999465942383,35.560001373291016,56.849998474121094
2015-02-10,21.84000015258789,11.5,26.040000915527344,14.137284278869629,14.942000389099121,11.711000442504883,19.600000381469727,35.2599983215332,56.099998474121094
2015-02-11,21.209999084472656,11.5,25.860000610351562,13.970373153686523,14.890000343322754,11.576000213623047,19.739999771118164,34.810001373291016,56.099998474121094
2015-02-12,22.270000457763672,11.699999809265137,25.690000534057617,14.295849800109863,15.04800033569336,11.630999565124512,19.829999923706055,35.939998626708984,55.599998474121094
2015-02-13,23.049999237060547,11.699999809265137,26.020000457763672,14.546213150024414,15.357999801635742,11.701000213623047,20.030000686645508,36.560001373291016,56.650001525878906
2015-02-17,23.389999389648438,11.75,26.149999618530273,14.554559707641602,15.182000160217285,11.423999786376953,20.360000610351562,36.06999969482422,56.849998474121094
2015-02-18,22.59000015258789,11.75,25.780000686645508,14.262467384338379,15.10200023651123,11.39900016784668,20.09000015258789,35.630001068115234,56.099998474121094
2015-02-19,22.639999389648438,11.600000381469727,26.139999389648438,14.237427711486816,15.244000434875488,11.359000205993652,20.280000686645508,36.209999084472656,55.599998474121094
2015-02-20,22.600000381469727,11.5,25.8700008392334,14.270812034606934,15.100000381469727,11.293999671936035,20.139999389648438,36.189998626708984,54.150001525878906
2015-02-23,22.15999984741211,11.510000228881836,25.440000534057617,14.128938674926758,15.272000312805176,11.293999671936035,20.149999618530273,36.150001525878906,54.099998474121094
2015-02-24,22.059999465942383,11.510000228881836,25.389999389648438,14.112247467041016,15.428000450134277,11.298999786376953,20.489999771118164,35.810001373291016,54.150001525878906
2015-02-25,23.18000030517578,11.319999694824219,25.329999923706055,14.571249008178711,15.630000114440918,11.357999801635742,20.239999771118164,37.709999084472656,53.29999923706055
2015-02-26,22.799999237060547,11.25,25.600000381469727,14.270812034606934,15.718000411987305,11.40999984741211,20.59000015258789,37.709999084472656,53.849998474121094
2015-02-27,23.34000015258789,11.15999984741211,25.799999237060547,14.546213150024414,15.87399959564209,11.520000457763672,20.649999618530273,38.83000183105469,54.849998474121094
2015-03-02,22.530000686645508,11.020000457763672,25.579999923706055,14.254120826721191,16.1200008392334,11.51099967956543,20.3799991607666,37.66999816894531,53.70000076293945
2015-03-03,22.940000534057617,10.84000015258789,25.719999313354492,14.49614143371582,16.104000091552734,11.49899959564209,20.389999389648438,38.45000076293945,54.150001525878906
2015-03-04,22.690000534057617,10.789999961853027,25.610000610351562,14.337575912475586,16.031999588012695,11.456999778747559,20.010000228881836,37.83000183105469,53.54999923706055
2015-03-05,22.739999771118164,10.789999961853027,25.6200008392334,14.304193496704102,16.00200080871582,11.432999610900879,19.809999465942383,37.22999954223633,52.0
2015-03-06,22.399999618530273,10.770000457763672,25.3700008392334,14.128938674926758,15.855999946594238,11.234999656677246,19.790000915527344,36.939998626708984,51.79999923706055
2015-03-09,22.010000228881836,10.670000076293945,25.56999969482422,13.911954879760742,15.965999603271484,11.138999938964844,19.969999313354492,36.84000015258789,52.75
2015-03-10,21.229999542236328,10.399999618530273,25.489999771118164,13.611515998840332,15.555999755859375,10.954000473022461,19.790000915527344,35.779998779296875,53.099998474121094
2015-03-11,21.639999389648438,10.449999809265137,25.68000030517578,13.761736869812012,15.312000274658203,10.84000015258789,19.950000762939453,35.86000061035156,53.400001525878906
2015-03-12,21.329999923706055,10.40999984741211,25.540000915527344,13.61986255645752,15.312000274658203,10.821000099182129,19.889999389648438,35.5099983215332,54.25
2015-03-13,20.389999389648438,10.40999984741211,25.0,13.160861015319824,15.380000114440918,10.824999809265137,19.59000015258789,34.459999084472656,53.45000076293945
2015-03-16,20.110000610351562,10.40999984741211,24.959999084472656,13.0857515335083,15.14799976348877,10.736000061035156,19.540000915527344,33.970001220703125,55.20000076293945
2015-03-17,19.8799991607666,10.149999618530273,24.459999084472656,12.960567474365234,14.770000457763672,10.612000465393066,19.290000915527344,33.91999816894531,53.849998474121094
2015-03-18,21.06999969482422,10.199999809265137,24.739999771118164,13.611515998840332,15.118000030517578,10.829999923706055,19.5,35.810001373291016,54.900001525878906
2015-03-19,20.15999984741211,10.100000381469727,24.670000076293945,13.152515411376953,14.833999633789062,10.885000228881836,19.389999389648438,34.81999969482422,54.849998474121094
2015-03-20,20.469999313354492,10.1899995803833,25.270000457763672,13.294387817382812,15.057999610900879,11.029000282287598,19.559999465942383,35.09000015258789,56.70000076293945
2015-03-23,20.770000457763672,10.180000305175781,25.610000610351562,13.344460487365723,15.07800006866455,11.12600040435791,19.780000686645508,35.470001220703125,57.150001525878906
2015-03-24,20.510000228881836,10.1899995803833,25.84000015258789,13.269351959228516,14.831999778747559,11.045000076293945,19.700000762939453,35.33000183105469,56.099998474121094
2015-03-25,20.889999389648438,10.199999809265137,25.8700008392334,13.369497299194336,14.855999946594238,11.086000442504883,19.639999389648438,35.959999084472656,55.650001525878906
2015-03-26,21.950000762939453,10.149999618530273,25.649999618530273,13.79511833190918,14.930000305175781,11.175000190734863,19.56999969482422,36.91999816894531,53.599998474121094
2015-03-27,20.8700008392334,9.90999984741211,25.639999389648438,13.27769660949707,14.359999656677246,11.043000221252441,19.440000534057617,35.2400016784668,54.45000076293945
2015-03-30,20.93000030517578,9.789999961853027,25.90999984741211,13.386190414428711,14.145999908447266,10.86400032043457,19.5,35.16999816894531,56.75
2015-03-31,20.5,9.600000381469727,24.739999771118164,13.252660751342773,14.26200008392334,11.071000099182129,19.6299991607666,34.84000015258789,54.650001525878906
2015-04-01,21.1200008392334,9.800000190734863,25.049999237060547,13.486332893371582,14.508000373840332,11.276000022888184,19.920000076293945,35.939998626708984,56.099998474121094
2015-04-02,20.540000915527344,9.9399995803833,25.3700008392334,13.27769660949707,14.482000350952148,11.178999900817871,20.040000915527344,34.900001525878906,56.79999923706055
2015-04-06,21.459999084472656,10.0,25.25,13.66993522644043,14.902000427246094,11.41100025177002,19.899999618530273,36.18000030517578,55.900001525878906
2015-04-07,21.889999389648438,10.029999732971191,25.139999389648438,13.828499794006348,14.930000305175781,11.383000373840332,19.709999084472656,36.58000183105469,55.79999923706055
2015-04-08,20.8700008392334,10.100000381469727,24.889999389648438,13.31942367553711,14.680000305175781,11.307999610900879,19.639999389648438,34.540000915527344,55.25
2015-04-09,21.079999923706055,10.0,24.84000015258789,13.427915573120117,14.765999794006348,11.20300006866455,19.350000381469727,34.650001525878906,55.04999923706055
2015-04-10,21.5,10.100000381469727,24.75,13.611515998840332,15.071999549865723,11.380000114440918,19.299999237060547,35.720001220703125,55.650001525878906
2015-04-13,21.540000915527344,10.210000038146973,24.31999969482422,13.636553764343262,14.911999702453613,11.166000366210938,19.200000762939453,35.540000915527344,53.20000076293945
2015-04-14,21.799999237060547,10.210000038146973,24.479999542236328,13.778426170349121,14.763999938964844,11.168999671936035,19.440000534057617,36.15999984741211,52.849998474121094
2015-04-15,22.8700008392334,10.449999809265137,24.59000015258789,14.295849800109863,14.925999641418457,11.262999534606934,19.5,37.95000076293945,51.95000076293945
2015-04-16,23.260000228881836,10.4399995803833,24.610000610351562,14.537867546081543,15.079999923706055,11.232000350952148,19.510000228881836,38.22999954223633,52.25
2015-04-17,23.219999313354492,10.430000305175781,24.809999465942383,14.46275806427002,15.22599983215332,11.359000205993652,19.579999923706055,38.11000061035156,51.900001525878906
2015-04-20,23.110000610351562,10.029999732971191,24.68000030517578,14.395994186401367,14.982000350952148,11.128000259399414,19.639999389648438,38.119998931884766,52.95000076293945
2015-04-21,22.600000381469727,9.90999984741211,24.479999542236328,14.24577522277832,14.970000267028809,11.133000373840332,19.610000610351562,37.31999969482422,53.04999923706055
2015-04-22,22.889999389648438,9.90999984741211,24.440000534057617,14.379302978515625,14.64799976348877,10.944000244140625,19.530000686645508,37.90999984741211,52.900001525878906
2015-04-23,23.600000381469727,9.90999984741211,24.25,14.62132453918457,14.887999534606934,11.019000053405762,19.700000762939453,39.189998626708984,53.349998474121094
2015-04-24,23.770000457763672,9.949999809265137,23.84000015258789,14.679741859436035,14.911999702453613,10.88700008392334,19.510000228881836,39.43000030517578,51.900001525878906
2015-04-27,23.540000915527344,10.40999984741211,23.5,14.579594612121582,15.079999923706055,11.135000228881836,19.56999969482422,39.33000183105469,50.5
2015-04-28,23.520000457763672,10.40999984741211,23.5,14.579594612121582,15.041999816894531,11.213000297546387,19.530000686645508,39.25,50.79999923706055
2015-04-29,23.860000610351562,10.199999809265137,23.68000030517578,14.721467018127441,15.163999557495117,11.175000190734863,19.719999313354492,39.34000015258789,51.400001525878906
2015-04-30,24.299999237060547,10.319999694824219,23.520000457763672,14.980180740356445,15.053999900817871,11.055999755859375,19.56999969482422,40.25,50.75
2015-05-01,24.280000686645508,9.949999809265137,23.360000610351562,15.046944618225098,14.96399974822998,10.96399974822998,19.280000686645508,40.25,50.5
2015-05-04,24.219999313354492,10.100000381469727,23.219999313354492,15.046944618225098,15.142000198364258,11.111000061035156,19.540000915527344,39.93000030517578,50.349998474121094
2015-05-05,24.56999969482422,10.300000190734863,23.25,15.21385383605957,15.362000465393066,11.086999893188477,19.6299991607666,40.4900016784668,49.599998474121094
2015-05-06,24.579999923706055,9.989999771118164,23.479999542236328,15.18881607055664,15.357999801635742,11.071000099182129,19.56999969482422,39.84000015258789,51.0
2015-05-07,23.780000686645508,10.300000190734863,23.18000030517578,14.78823184967041,15.118000030517578,10.9399995803833,19.520000457763672,39.02000045776367,50.29999923706055
2015-05-08,23.84000015258789,10.300000190734863,23.34000015258789,14.88838005065918,15.470000267028809,11.050000190734863,19.489999771118164,39.16999816894531,51.29999923706055
2015-05-11,23.600000381469727,10.399999618530273,23.09000015258789,14.796577453613281,15.157999992370605,10.918000221252441,19.489999771118164,39.060001373291016,51.099998474121094
2015-05-12,24.100000381469727,10.399999618530273,23.06999969482422,15.030252456665039,15.194000244140625,10.956999778747559,19.139999389648438,39.79999923706055,51.04999923706055
2015-05-13,24.100000381469727,10.880000114440918,23.209999084472656,15.055291175842285,15.220000267028809,11.114999771118164,19.18000030517578,39.880001068115234,51.04999923706055
2015-05-14,24.030000686645508,10.020000457763672,23.6200008392334,15.122054100036621,15.133999824523926,11.229000091552734,19.270000457763672,40.439998626708984,53.849998474121094
2015-05-15,24.06999969482422,10.100000381469727,23.469999313354492,15.097017288208008,15.343999862670898,11.305999755859375,19.18000030517578,40.349998474121094,53.650001525878906
2015-05-18,23.889999389648438,9.970000267028809,23.6299991607666,15.021906852722168,15.17199993133545,11.378999710083008,19.25,40.189998626708984,54.599998474121094
2015-05-19,23.1200008392334,10.140000343322754,23.290000915527344,14.612977981567383,15.022000312805176,11.138999938964844,18.959999084472656,39.27000045776367,53.70000076293945
2015-05-20,23.309999465942383,9.880000114440918,23.09000015258789,14.679741859436035,15.039999961853027,11.190999984741211,18.920000076293945,39.790000915527344,53.5
2015-05-21,23.940000534057617,9.800000190734863,23.389999389648438,14.988524436950684,15.142000198364258,11.166999816894531,18.799999237060547,40.790000915527344,54.04999923706055
2015-05-22,23.59000015258789,9.609999656677246,23.18000030517578,14.81326961517334,15.187999725341797,11.083999633789062,18.670000076293945,40.45000076293945,53.849998474121094
2015-05-26,22.979999542236328,9.510000228881836,22.850000381469727,14.404340744018555,15.14799976348877,10.907999992370605,18.540000915527344,39.22999954223633,51.599998474121094
2015-05-27,22.420000076293945,9.40999984741211,22.549999237060547,14.137284278869629,15.204000473022461,10.838000297546387,18.6299991607666,38.310001373291016,50.75
2015-05-28,22.579999923706055,9.5,22.760000228881836,14.17066478729248,15.244000434875488,10.800999641418457,18.489999771118164,38.93000030517578,51.0
2015-05-29,23.549999237060547,9.399999618530273,22.6299991607666,14.629670143127441,15.039999961853027,10.765999794006348,18.56999969482422,40.630001068115234,49.900001525878906
2015-06-01,23.399999618530273,9.489999771118164,22.670000076293945,14.529521942138672,14.961999893188477,10.690999984741211,18.510000228881836,40.40999984741211,51.54999923706055
2015-06-02,23.600000381469727,9.550000190734863,23.049999237060547,14.713123321533203,14.862000465393066,10.795999526977539,18.75,40.90999984741211,52.849998474121094
2015-06-03,22.979999542236328,9.569999694824219,23.100000381469727,14.421030044555664,14.696000099182129,10.692000389099121,18.760000228881836,40.369998931884766,52.54999923706055
2015-06-04,22.43000030517578,9.600000381469727,23.34000015258789,14.12059211730957,14.63599967956543,10.65999984741211,18.90999984741211,39.189998626708984,54.0
2015-06-05,22.739999771118164,9.479999542236328,23.18000030517578,14.279158592224121,14.607999801635742,10.609000205993652,18.780000686645508,39.970001220703125,52.95000076293945
2015-06-08,22.579999923706055,9.600000381469727,23.459999084472656,14.229084968566895,14.418000221252441,10.677000045776367,18.889999389648438,39.599998474121094,54.25
2015-06-09,23.200000762939453,9.470000267028809,23.489999771118164,14.629670143127441,14.359999656677246,10.72599983215332,18.889999389648438,40.93000030517578,54.849998474121094
2015-06-10,23.56999969482422,9.420000076293945,23.059999465942383,14.880035400390625,14.428000450134277,10.800000190734863,18.889999389648438,42.25,53.25
2015-06-11,23.360000610351562,9.34000015258789,22.989999771118164,14.76319694519043,14.442000389099121,10.732999801635742,18.6299991607666,41.959999084472656,52.400001525878906
2015-06-12,22.959999084472656,9.289999961853027,22.770000457763672,14.537867546081543,14.272000312805176,10.595999717712402,18.510000228881836,41.720001220703125,52.25
2015-06-15,22.770000457763672,9.149999618530273,22.40999984741211,14.512832641601562,14.211999893188477,10.531000137329102,18.520000457763672,41.31999969482422,50.70000076293945
2015-06-16,22.719999313354492,9.050000190734863,22.700000762939453,14.612977981567383,14.192000389099121,10.451000213623047,18.8700008392334,41.970001220703125,50.5
2015-06-17,22.68000030517578,9.489999771118164,23.06999969482422,14.58794116973877,14.003999710083008,10.484000205993652,19.059999465942383,41.41999816894531,51.150001525878906
2015-06-18,22.790000915527344,9.199999809265137,23.0,14.58794116973877,13.9399995803833,10.47599983215332,19.110000610351562,41.529998779296875,50.75
2015-06-19,22.3799991607666,9.199999809265137,22.700000762939453,14.37095832824707,13.6899995803833,10.51200008392334,19.079999923706055,40.65999984741211,50.75
2015-06-22,22.520000457763672,9.350000381469727,23.030000686645508,14.395994186401367,13.498000144958496,10.288000106811523,19.479999542236328,40.22999954223633,51.95000076293945
2015-06-23,22.959999084472656,9.239999771118164,23.450000762939453,14.646356582641602,13.477999687194824,10.331000328063965,19.469999313354492,41.380001068115234,53.70000076293945
2015-06-24,22.600000381469727,9.399999618530273,23.360000610351562,14.46275806427002,13.45199966430664,10.401000022888184,19.40999984741211,40.83000183105469,53.29999923706055
2015-06-25,22.479999542236328,9.300000190734863,24.049999237060547,14.362610816955566,13.119999885559082,10.482000350952148,19.670000076293945,40.38999938964844,54.400001525878906
2015-06-26,22.479999542236328,9.260000228881836,24.399999618530273,14.320884704589844,13.119999885559082,10.456000328063965,19.75,40.66999816894531,56.95000076293945
2015-06-29,22.049999237060547,9.380000114440918,24.34000015258789,14.12059211730957,12.899999618530273,10.4399995803833,19.729999542236328,40.220001220703125,58.400001525878906
2015-06-30,22.56999969482422,9.489999771118164,25.850000381469727,14.387648582458496,13.029999732971191,10.420000076293945,20.489999771118164,41.209999084472656,61.29999923706055
2015-07-01,22.110000610351562,9.430000305175781,26.030000686645508,14.05383014678955,13.491999626159668,10.470000267028809,20.540000915527344,40.529998779296875,58.70000076293945
2015-07-02,22.020000457763672,9.420000076293945,26.209999084472656,14.028790473937988,13.40999984741211,10.473999977111816,20.530000686645508,40.91999816894531,58.54999923706055
2015-07-06,20.229999542236328,9.510000228881836,26.209999084472656,13.160861015319824,13.131999969482422,10.270000457763672,20.34000015258789,38.970001220703125,59.400001525878906
2015-07-07,20.420000076293945,9.399999618530273,26.010000228881836,13.252660751342773,12.5600004196167,10.0600004196167,19.81999969482422,39.529998779296875,58.20000076293945
2015-07-08,20.3799991607666,9.3100004196167,26.059999465942383,13.185895919799805,12.652000427246094,9.970999717712402,19.760000228881836,40.41999816894531,57.45000076293945
2015-07-09,20.780000686645508,9.170000076293945,26.290000915527344,13.361151695251465,12.333999633789062,9.899999618530273,20.280000686645508,41.04999923706055,57.650001525878906
2015-07-10,20.809999465942383,9.5,26.579999923706055,13.411224365234375,12.592000007629395,9.968999862670898,20.350000381469727,40.810001373291016,57.25
2015-07-13,20.549999237060547,9.430000305175781,26.989999771118164,13.302733421325684,12.751999855041504,10.005000114440918,20.440000534057617,39.119998931884766,56.849998474121094
2015-07-14,20.649999618530273,9.579999923706055,26.229999542236328,13.31942367553711,12.631999969482422,9.928999900817871,20.3799991607666,38.869998931884766,56.400001525878906
2015-07-15,20.200000762939453,9.579999923706055,26.31999969482422,13.077404022216797,12.411999702453613,9.895000457763672,20.219999313354492,37.47999954223633,56.45000076293945
2015-07-16,20.139999389648438,9.350000381469727,26.200000762939453,13.027331352233887,12.182000160217285,9.784000396728516,20.1200008392334,38.25,56.150001525878906
2015-07-17,20.139999389648438,9.239999771118164,25.729999542236328,13.060713768005371,11.947999954223633,9.666000366210938,20.049999237060547,38.869998931884766,55.400001525878906
2015-07-20,19.93000030517578,9.029999732971191,24.969999313354492,12.935532569885254,11.711999893188477,9.4350004196167,19.899999618530273,38.77000045776367,53.75
2015-07-21,20.1200008392334,9.039999961853027,25.020000457763672,13.094095230102539,12.09000015258789,9.449000358581543,19.969999313354492,38.619998931884766,52.54999923706055
2015-07-22,19.760000228881836,8.9399995803833,24.770000457763672,12.835384368896484,12.131999969482422,9.461000442504883,19.81999969482422,37.52000045776367,51.70000076293945
2015-07-23,19.489999771118164,8.850000381469727,24.760000228881836,12.676819801330566,11.887999534606934,9.434000015258789,19.540000915527344,37.279998779296875,52.29999923706055
2015-07-24,19.299999237060547,8.760000228881836,24.15999984741211,12.551639556884766,12.083999633789062,9.53499984741211,19.219999313354492,36.939998626708984,51.25
2015-07-27,18.690000534057617,8.779999732971191,23.170000076293945,12.309619903564453,11.86400032043457,9.52400016784668,18.670000076293945,36.2599983215332,50.45000076293945
2015-07-28,18.729999542236328,8.699999809265137,23.34000015258789,12.368036270141602,12.02400016784668,9.534000396728516,18.90999984741211,36.0,51.54999923706055
2015-07-29,18.899999618530273,8.770000457763672,22.8799991607666,12.52660083770752,12.001999855041504,9.550999641418457,18.899999618530273,36.41999816894531,50.25
2015-07-30,18.81999969482422,8.699999809265137,23.309999465942383,12.459837913513184,11.991999626159668,9.538000106811523,19.030000686645508,36.52000045776367,49.95000076293945
2015-07-31,18.280000686645508,8.670000076293945,23.139999389648438,12.201126098632812,11.821999549865723,9.515000343322754,18.809999465942383,36.56999969482422,49.849998474121094
2015-08-03,17.530000686645508,8.369999885559082,22.90999984741211,11.850616455078125,11.595999717712402,9.319000244140625,18.809999465942383,34.779998779296875,49.95000076293945
2015-08-04,17.700000762939453,8.489999771118164,22.989999771118164,11.967453956604004,11.593999862670898,9.237000465393066,18.920000076293945,35.0,49.650001525878906
2015-08-05,17.559999465942383,8.369999885559082,23.229999542236328,11.850616455078125,11.491999626159668,9.175000190734863,18.989999771118164,34.630001068115234,50.349998474121094
2015-08-06,17.489999771118164,8.199999809265137,23.079999923706055,11.833924293518066,11.609999656677246,9.204000473022461,18.84000015258789,34.060001373291016,50.70000076293945
2015-08-07,17.149999618530273,8.220000267028809,23.239999771118164,11.700397491455078,11.618000030517578,9.28600025177002,19.219999313354492,33.709999084472656,51.0
2015-08-10,17.709999084472656,8.260000228881836,24.170000076293945,11.992488861083984,11.791999816894531,9.538000106811523,19.790000915527344,34.939998626708984,52.349998474121094
2015-08-11,17.399999618530273,8.3100004196167,23.469999313354492,11.850616455078125,11.64799976348877,9.557000160217285,19.3700008392334,35.13999938964844,50.79999923706055
2015-08-12,17.530000686645508,8.289999961853027,22.56999969482422,11.975799560546875,12.112000465393066,9.659000396728516,18.350000381469727,36.400001525878906,49.349998474121094
2015-08-13,17.299999237060547,8.279999732971191,22.940000534057617,11.825579643249512,11.887999534606934,9.581000328063965,18.649999618530273,35.43000030517578,50.400001525878906
2015-08-14,16.950000762939453,8.210000038146973,22.940000534057617,11.68370532989502,11.95199966430664,9.586000442504883,18.389999389648438,34.70000076293945,50.5
2015-08-17,16.950000762939453,8.229999542236328,22.899999618530273,11.625287055969238,11.87600040435791,9.649999618530273,18.459999084472656,34.2400016784668,50.0
2015-08-18,16.90999984741211,8.3100004196167,23.010000228881836,11.56686782836914,11.541999816894531,9.633000373840332,18.209999084472656,33.77000045776367,49.45000076293945
2015-08-19,16.34000015258789,8.300000190734863,23.030000686645508,11.224702835083008,11.831999778747559,9.812999725341797,18.030000686645508,32.31999969482422,49.25
2015-08-20,16.06999969482422,8.279999732971191,23.25,11.099520683288574,12.022000312805176,9.958999633789062,18.280000686645508,31.809999465942383,50.099998474121094
2015-08-21,15.819999694824219,8.100000381469727,22.989999771118164,10.932609558105469,11.687999725341797,9.88700008392334,17.989999771118164,31.719999313354492,49.45000076293945
2015-08-24,14.819999694824219,8.09000015258789,23.219999313354492,10.423535346984863,11.095999717712402,9.559000015258789,17.65999984741211,29.8700008392334,50.0
2015-08-25,14.970000267028809,8.149999618530273,22.940000534057617,10.481952667236328,10.36400032043457,9.444000244140625,17.65999984741211,29.549999237060547,49.45000076293945
2015-08-26,15.199999809265137,8.050000190734863,22.75,10.498644828796387,10.267999649047852,9.477999687194824,17.43000030517578,28.530000686645508,48.95000076293945
2015-08-27,16.520000457763672,8.199999809265137,22.90999984741211,11.199666023254395,10.935999870300293,9.673999786376953,17.68000030517578,30.360000610351562,48.54999923706055
2015-08-28,17.459999084472656,8.279999732971191,22.84000015258789,11.717087745666504,11.36400032043457,9.86400032043457,17.799999237060547,31.84000015258789,48.099998474121094
2015-08-31,18.610000610351562,8.140000343322754,22.90999984741211,12.342999458312988,11.604000091552734,9.765000343322754,17.899999618530273,33.939998626708984,48.150001525878906
2015-09-01,17.15999984741211,8.180000305175781,22.450000762939453,11.600250244140625,11.020000457763672,9.666999816894531,17.649999618530273,31.850000381469727,47.79999923706055
2015-09-02,17.559999465942383,8.180000305175781,22.389999389648438,11.783851623535156,11.291999816894531,9.803999900817871,17.6200008392334,32.66999816894531,47.45000076293945
2015-09-03,17.709999084472656,8.510000228881836,22.149999618530273,11.93407154083252,11.081999778747559,9.710000038146973,17.530000686645508,32.880001068115234,46.20000076293945
2015-09-04,17.25,8.5,22.15999984741211,11.70874309539795,11.279999732971191,9.600000381469727,17.420000076293945,32.47999954223633,46.599998474121094
2015-09-08,17.239999771118164,8.300000190734863,22.469999313354492,11.717087745666504,11.40999984741211,9.706000328063965,17.6200008392334,32.08000183105469,47.0
2015-09-09,16.670000076293945,8.539999961853027,22.479999542236328,11.424994468688965,11.182000160217285,9.465999603271484,17.520000457763672,31.280000686645508,46.79999923706055
2015-09-10,16.989999771118164,8.40999984741211,22.809999465942383,11.641977310180664,11.406000137329102,9.454999923706055,17.579999923706055,31.959999084472656,47.29999923706055
2015-09-11,16.780000686645508,8.449999809265137,23.510000228881836,11.525141716003418,11.432000160217285,9.381999969482422,17.600000381469727,31.40999984741211,48.150001525878906
2015-09-14,16.229999542236328,8.460000038146973,23.799999237060547,11.199666023254395,11.331999778747559,9.23799991607666,17.760000228881836,29.959999084472656,49.599998474121094
2015-09-15,16.40999984741211,8.460000038146973,23.649999618530273,11.308157920837402,11.61400032043457,9.309000015258789,17.860000610351562,30.600000381469727,48.900001525878906
2015-09-16,17.059999465942383,8.380000114440918,23.440000534057617,11.650323867797852,11.817999839782715,9.388999938964844,17.850000381469727,31.739999771118164,48.25
2015-09-17,16.850000381469727,8.470000267028809,23.149999618530273,11.541831016540527,11.815999984741211,9.489999771118164,17.8799991607666,31.709999084472656,47.650001525878906
2015-09-18,16.350000381469727,8.029999732971191,23.010000228881836,11.266430854797363,11.751999855041504,9.468999862670898,17.540000915527344,31.100000381469727,47.95000076293945
2015-09-21,16.700000762939453,8.039999961853027,23.399999618530273,11.525141716003418,11.868000030517578,9.355999946594238,17.700000762939453,32.040000915527344,48.95000076293945
2015-09-22,16.780000686645508,7.940000057220459,23.170000076293945,11.550178527832031,11.765999794006348,9.053000450134277,17.510000228881836,32.2599983215332,48.79999923706055
2015-09-23,16.3799991607666,7.929999828338623,23.290000915527344,11.358230590820312,12.522000312805176,9.010000228881836,17.510000228881836,31.709999084472656,49.900001525878906
2015-09-24,16.530000686645508,7.929999828338623,23.209999084472656,11.374922752380371,12.67199993133545,9.21500015258789,17.530000686645508,31.3700008392334,49.0
2015-09-25,16.59000015258789,8.390000343322754,23.600000381469727,11.424994468688965,12.838000297546387,9.140000343322754,17.979999542236328,31.860000610351562,50.20000076293945
2015-09-28,16.219999313354492,8.399999618530273,23.459999084472656,11.166284561157227,12.51200008392334,8.869000434875488,17.739999771118164,30.799999237060547,49.900001525878906
2015-09-29,16.489999771118164,8.399999618530273,23.540000915527344,11.316503524780273,12.708000183105469,8.852999687194824,17.829999923706055,31.329999923706055,49.54999923706055
2015-09-30,16.639999389648438,8.75,23.559999465942383,11.383267402648926,12.592000007629395,8.78600025177002,18.0,31.649999618530273,50.400001525878906
2015-10-01,16.40999984741211,8.829999923706055,23.559999465942383,11.216357231140137,13.041999816894531,8.736000061035156,17.780000686645508,31.719999313354492,50.70000076293945
2015-10-02,16.489999771118164,9.039999961853027,23.540000915527344,11.299812316894531,13.491999626159668,8.793999671936035,17.75,31.1299991607666,50.20000076293945
2015-10-05,16.90999984741211,9.109999656677246,23.760000228881836,11.550178527832031,13.39799976348877,8.824999809265137,17.889999389648438,32.16999816894531,50.5
2015-10-06,17.790000915527344,9.100000381469727,23.989999771118164,11.984142303466797,13.612000465393066,9.017999649047852,17.979999542236328,33.189998626708984,51.75
2015-10-07,17.610000610351562,9.199999809265137,23.8700008392334,11.833924293518066,13.447999954223633,9.13599967956543,18.059999465942383,32.470001220703125,50.70000076293945
2015-10-08,18.079999923706055,9.289999961853027,23.670000076293945,12.067599296569824,13.54800033569336,9.180999755859375,17.84000015258789,32.709999084472656,50.29999923706055
2015-10-09,17.81999969482422,9.369999885559082,23.209999084472656,11.967453956604004,13.708000183105469,9.470000267028809,17.940000534057617,32.650001525878906,50.20000076293945
2015-10-12,17.09000015258789,9.4399995803833,23.1299991607666,11.56686782836914,13.371999740600586,9.60099983215332,17.93000030517578,31.299999237060547,50.150001525878906
2015-10-13,16.729999542236328,9.3100004196167,23.299999237060547,11.358230590820312,13.163999557495117,9.541000366210938,18.40999984741211,30.389999389648438,51.099998474121094
2015-10-14,16.790000915527344,9.399999618530273,23.049999237060547,11.424994468688965,13.520000457763672,9.652999877929688,18.329999923706055,30.31999969482422,50.099998474121094
2015-10-15,16.920000076293945,9.449999809265137,22.8700008392334,11.41664981842041,13.571999549865723,9.696000099182129,18.25,30.420000076293945,49.5
2015-10-16,17.020000457763672,9.470000267028809,22.93000030517578,11.50844955444336,13.446000099182129,9.810999870300293,18.15999984741211,30.950000762939453,48.75
2015-10-19,16.450000762939453,9.470000267028809,22.690000534057617,11.157938003540039,13.223999977111816,9.767999649047852,18.020000457763672,29.440000534057617,47.95000076293945
2015-10-20,16.420000076293945,9.380000114440918,22.899999618530273,11.19132137298584,13.402000427246094,9.847999572753906,18.110000610351562,29.600000381469727,48.29999923706055
2015-10-21,16.15999984741211,9.520000457763672,22.940000534057617,11.06613826751709,13.031999588012695,9.690999984741211,18.280000686645508,29.700000762939453,48.75
2015-10-22,16.299999237060547,9.579999923706055,22.850000381469727,11.149592399597168,13.260000228881836,9.751999855041504,18.1299991607666,30.200000762939453,48.349998474121094
2015-10-23,16.209999084472656,9.369999885559082,22.899999618530273,11.032755851745605,13.369999885559082,9.664999961853027,17.959999084472656,29.799999237060547,48.29999923706055
2015-10-26,16.010000228881836,9.579999923706055,23.190000534057617,10.89088249206543,13.17199993133545,9.628999710083008,17.799999237060547,29.5,49.95000076293945
2015-10-27,15.819999694824219,9.430000305175781,22.989999771118164,10.81577205657959,13.076000213623047,9.519000053405762,17.889999389648438,29.469999313354492,49.54999923706055
2015-10-28,16.549999237060547,9.430000305175781,22.790000915527344,11.224702835083008,13.131999969482422,9.651000022888184,17.780000686645508,30.719999313354492,49.650001525878906
2015-10-29,16.43000030517578,9.520000457763672,22.969999313354492,11.174630165100098,12.932000160217285,9.572999954223633,17.709999084472656,30.799999237060547,50.25
2015-10-30,16.700000762939453,9.520000457763672,23.079999923706055,11.374922752380371,13.039999961853027,9.496000289916992,17.829999923706055,31.420000076293945,50.650001525878906
2015-11-02,16.469999313354492,9.880000114440918,22.719999313354492,11.333194732666016,12.538000106811523,9.435999870300293,17.709999084472656,31.65999984741211,49.400001525878906
2015-11-03,17.059999465942383,9.979999542236328,22.8799991607666,11.70874309539795,12.444000244140625,9.312999725341797,17.700000762939453,33.22999954223633,50.0
2015-11-04,16.459999084472656,9.649999618530273,22.899999618530273,11.391611099243164,12.168000221252441,9.21500015258789,17.770000457763672,32.13999938964844,50.95000076293945
2015-11-05,16.239999771118164,9.600000381469727,22.600000381469727,11.233048439025879,11.720000267028809,9.170999526977539,17.440000534057617,31.510000228881836,50.5
2015-11-06,16.09000015258789,9.520000457763672,22.579999923706055,11.19132137298584,11.979999542236328,9.074999809265137,17.479999542236328,31.700000762939453,50.54999923706055
2015-11-09,15.9399995803833,9.239999771118164,22.270000457763672,11.132903099060059,11.565999984741211,8.82699966430664,17.450000762939453,31.510000228881836,48.79999923706055
2015-11-10,15.960000038146973,9.680000305175781,21.899999618530273,11.132903099060059,11.552000045776367,8.689000129699707,17.270000457763672,31.299999237060547,48.150001525878906
2015-11-11,15.539999961853027,9.619999885559082,21.90999984741211,10.874192237854004,11.095999717712402,8.508000373840332,17.280000686645508,30.65999984741211,48.150001525878906
2015-11-12,15.020000457763672,9.75,21.8700008392334,10.632171630859375,10.847999572753906,8.479000091552734,17.420000076293945,29.309999465942383,48.25
2015-11-13,14.789999961853027,9.90999984741211,21.690000534057617,10.498644828796387,10.420000076293945,8.298999786376953,17.260000228881836,28.540000915527344,48.0
2015-11-16,14.890000343322754,9.979999542236328,21.719999313354492,10.632171630859375,10.654000282287598,8.36299991607666,17.350000381469727,28.700000762939453,47.79999923706055
2015-11-17,14.529999732971191,9.699999809265137,21.770000457763672,10.415189743041992,10.508000373840332,8.230999946594238,17.420000076293945,28.40999984741211,47.04999923706055
2015-11-18,14.6899995803833,9.40999984741211,21.770000457763672,10.515335083007812,10.38599967956543,8.180999755859375,17.280000686645508,29.049999237060547,47.150001525878906
2015-11-19,14.65999984741211,9.90999984741211,21.8799991607666,10.4902982711792,10.434000015258789,8.26099967956543,17.389999389648438,29.139999389648438,47.54999923706055
2015-11-20,14.760000228881836,10.039999961853027,21.90999984741211,10.473607063293457,10.82800006866455,8.244999885559082,17.299999237060547,29.280000686645508,47.04999923706055
2015-11-23,14.930000305175781,10.010000228881836,22.020000457763672,10.598788261413574,10.404000282287598,8.163999557495117,17.459999084472656,29.790000915527344,48.150001525878906
2015-11-24,15.289999961853027,9.899999618530273,21.889999389648438,10.89088249206543,10.416000366210938,8.116000175476074,17.469999313354492,31.270000457763672,47.349998474121094
2015-11-25,15.350000381469727,9.720000267028809,21.989999771118164,10.89088249206543,10.720000267028809,8.119999885559082,17.65999984741211,31.239999771118164,47.29999923706055
2015-11-27,14.970000267028809,9.859999656677246,21.75,10.648863792419434,10.618000030517578,8.074000358581543,17.600000381469727,30.899999618530273,46.5
2015-11-30,14.8100004196167,9.770000457763672,22.030000686645508,10.4902982711792,10.489999771118164,8.01200008392334,17.729999542236328,30.389999389648438,46.599998474121094
2015-12-01,14.720000267028809,10.140000343322754,22.1299991607666,10.598788261413574,10.42199993133545,8.090999603271484,17.950000762939453,31.31999969482422,46.099998474121094
2015-12-02,14.170000076293945,9.899999618530273,21.8700008392334,10.290007591247559,10.17199993133545,8.024999618530273,17.950000762939453,29.950000762939453,45.70000076293945
2015-12-03,14.5600004196167,10.079999923706055,22.229999542236328,10.448570251464844,10.380000114440918,8.17300033569336,18.09000015258789,29.940000534057617,46.75
2015-12-04,14.319999694824219,10.079999923706055,22.520000457763672,10.290007591247559,10.989999771118164,8.50100040435791,18.260000228881836,29.530000686645508,47.0
2015-12-07,13.5,9.899999618530273,22.059999465942383,9.864384651184082,10.621999740600586,8.220999717712402,17.8799991607666,28.010000228881836,47.0
2015-12-08,13.34000015258789,9.779999732971191,22.040000915527344,9.789275169372559,10.562000274658203,8.16100025177002,17.68000030517578,27.719999313354492,46.849998474121094
2015-12-09,13.300000190734863,9.869999885559082,22.079999923706055,9.82265853881836,10.656000137329102,8.284000396728516,17.65999984741211,28.649999618530273,47.400001525878906
2015-12-10,13.09000015258789,9.520000457763672,22.309999465942383,9.764239311218262,10.456000328063965,8.251999855041504,17.75,29.399999618530273,47.95000076293945
2015-12-11,12.539999961853027,9.5600004196167,22.170000076293945,9.547256469726562,10.46399974822998,8.12399959564209,17.56999969482422,29.5,47.5
2015-12-14,12.489999771118164,9.460000038146973,22.290000915527344,9.430418968200684,10.531999588012695,8.192000389099121,17.559999465942383,28.690000534057617,47.849998474121094
2015-12-15,12.649999618530273,9.569999694824219,22.200000762939453,9.488837242126465,10.892000198364258,8.258999824523926,17.440000534057617,28.700000762939453,47.599998474121094
2015-12-16,12.270000457763672,9.699999809265137,21.860000610351562,9.33027458190918,11.001999855041504,8.425999641418457,17.309999465942383,28.549999237060547,47.150001525878906
2015-12-17,12.079999923706055,9.699999809265137,22.079999923706055,9.221782684326172,10.70199966430664,8.128999710083008,17.579999923706055,29.079999923706055,47.0
2015-12-18,12.039999961853027,9.850000381469727,22.1299991607666,9.138325691223145,10.741999626159668,8.293000221252441,17.920000076293945,29.18000030517578,47.25
2015-12-21,11.899999618530273,9.770000457763672,22.0,9.038180351257324,10.654000282287598,8.41100025177002,17.829999923706055,27.920000076293945,46.70000076293945
2015-12-22,11.890000343322754,9.720000267028809,21.700000762939453,8.996453285217285,10.706000328063965,8.394000053405762,17.780000686645508,27.450000762939453,46.150001525878906
2015-12-23,12.420000076293945,9.720000267028809,21.639999389648438,9.33027458190918,10.654000282287598,8.378999710083008,17.670000076293945,29.229999542236328,45.75
2015-12-24,12.380000114440918,9.720000267028809,21.59000015258789,9.380346298217773,10.760000228881836,8.512999534606934,17.520000457763672,29.260000228881836,45.599998474121094
2015-12-28,12.020000457763672,9.710000038146973,21.43000030517578,9.180054664611816,10.621999740600586,8.51099967956543,17.31999969482422,28.670000076293945,45.45000076293945
2015-12-29,12.399999618530273,9.710000038146973,21.479999542236328,9.405383110046387,10.732000350952148,8.562000274658203,17.389999389648438,29.540000915527344,46.349998474121094
2015-12-30,11.979999542236328,9.899999618530273,21.280000686645508,9.188399314880371,10.420000076293945,8.37600040435791,17.440000534057617,28.829999923706055,45.70000076293945
2015-12-31,12.239999771118164,10.0600004196167,21.219999313354492,9.346963882446289,10.833999633789062,8.583000183105469,17.329999923706055,29.260000228881836,45.70000076293945
2016-01-04,12.260000228881836,9.869999885559082,20.8799991607666,9.30523681640625,10.411999702453613,8.529000282287598,17.229999542236328,29.719999313354492,44.75
2016-01-05,11.920000076293945,9.619999885559082,20.90999984741211,9.188399314880371,10.3100004196167,8.571000099182129,17.190000534057617,28.989999771118164,44.70000076293945
2016-01-06,11.289999961853027,9.619999885559082,20.8700008392334,8.812851905822754,9.803999900817871,8.484999656677246,17.260000228881836,27.020000457763672,44.95000076293945
2016-01-07,11.069999694824219,9.630000114440918,20.920000076293945,8.73774242401123,9.501999855041504,8.482000350952148,17.31999969482422,26.549999237060547,45.400001525878906
2016-01-08,10.949999809265137,9.539999961853027,21.139999389648438,8.670979499816895,9.51200008392334,8.5,17.329999923706055,25.950000762939453,46.150001525878906
2016-01-11,10.260000228881836,9.369999885559082,20.829999923706055,8.312122344970703,9.241999626159668,8.159000396728516,17.25,25.59000015258789,45.349998474121094
2016-01-12,10.130000114440918,9.329999923706055,21.030000686645508,8.186939239501953,9.092000007629395,8.062999725341797,17.489999771118164,25.18000030517578,46.25
2016-01-13,9.850000381469727,9.479999542236328,21.149999618530273,8.028375625610352,9.378000259399414,8.189000129699707,17.530000686645508,24.31999969482422,46.099998474121094
2016-01-14,10.029999732971191,9.619999885559082,21.079999923706055,8.086793899536133,9.505999565124512,8.055999755859375,17.520000457763672,24.780000686645508,45.29999923706055
2016-01-15,9.470000267028809,9.619999885559082,21.299999237060547,7.70289945602417,9.42199993133545,7.997000217437744,17.450000762939453,23.690000534057617,45.599998474121094
2016-01-19,9.359999656677246,9.670000076293945,21.6200008392334,7.519299507141113,9.550000190734863,7.999000072479248,17.510000228881836,23.84000015258789,45.54999923706055
2016-01-20,9.149999618530273,9.329999923706055,21.649999618530273,7.427497863769531,9.567999839782715,7.940999984741211,17.440000534057617,23.559999465942383,45.349998474121094
2016-01-21,9.489999771118164,9.550000190734863,21.5,7.61944580078125,9.609999656677246,7.913000106811523,17.510000228881836,23.799999237060547,45.54999923706055
2016-01-22,10.390000343322754,9.479999542236328,21.65999984741211,8.103484153747559,9.583999633789062,8.020000457763672,17.459999084472656,24.899999618530273,45.849998474121094
2016-01-25,9.770000457763672,9.40999984741211,21.68000030517578,7.70289945602417,9.430000305175781,8.270999908447266,17.540000915527344,23.450000762939453,46.25
2016-01-26,10.229999542236328,9.359999656677246,21.6200008392334,7.9699554443359375,9.543999671936035,8.461000442504883,17.510000228881836,24.049999237060547,46.650001525878906
2016-01-27,10.609999656677246,9.130000114440918,21.6200008392334,8.136865615844727,9.61400032043457,8.494000434875488,17.649999618530273,23.889999389648438,46.150001525878906
2016-01-28,11.1899995803833,9.0,21.420000076293945,8.453996658325195,9.465999603271484,8.347999572753906,17.3799991607666,25.18000030517578,45.54999923706055
2016-01-29,11.34000015258789,8.960000038146973,21.719999313354492,8.545796394348145,9.609999656677246,8.397000312805176,17.43000030517578,25.489999771118164,46.150001525878906
2016-02-01,10.739999771118164,8.829999923706055,21.690000534057617,8.178593635559082,9.711999893188477,8.392000198364258,17.510000228881836,24.31999969482422,45.900001525878906
2016-02-02,10.319999694824219,8.819999694824219,21.780000686645508,7.886500835418701,9.515999794006348,8.253999710083008,17.68000030517578,22.510000228881836,45.849998474121094
2016-02-03,11.15999984741211,8.779999732971191,21.729999542236328,8.270395278930664,9.826000213623047,8.494000434875488,17.559999465942383,23.170000076293945,46.0
2016-02-04,10.899999618530273,8.739999771118164,21.639999389648438,8.211976051330566,9.880000114440918,8.72599983215332,17.520000457763672,23.059999465942383,45.5
2016-02-05,10.800000190734863,8.829999923706055,21.440000534057617,8.128521919250488,9.666000366210938,8.791999816894531,17.350000381469727,22.260000228881836,44.79999923706055
2016-02-08,10.4399995803833,9.100000381469727,21.239999771118164,7.9699554443359375,9.92199993133545,8.920000076293945,17.229999542236328,21.510000228881836,44.20000076293945
2016-02-09,9.779999732971191,9.09000015258789,21.190000534057617,7.611100196838379,9.92199993133545,8.984999656677246,17.200000762939453,20.670000076293945,43.95000076293945
2016-02-10,9.789999961853027,9.069999694824219,21.139999389648438,7.636135578155518,10.071999549865723,9.019000053405762,17.260000228881836,21.290000915527344,44.25
2016-02-11,9.899999618530273,8.949999809265137,21.139999389648438,7.769665718078613,10.097999572753906,9.253999710083008,17.479999542236328,21.959999084472656,44.25
2016-02-12,10.369999885559082,8.949999809265137,21.030000686645508,7.994993209838867,10.062000274658203,9.21500015258789,17.450000762939453,23.270000457763672,44.25
2016-02-16,10.199999809265137,9.0,21.200000762939453,7.811391353607178,9.791999816894531,8.975000381469727,17.5,21.899999618530273,44.5
2016-02-17,10.850000381469727,8.90999984741211,21.450000762939453,8.145212173461914,9.892000198364258,9.086000442504883,17.59000015258789,22.670000076293945,45.04999923706055
2016-02-18,10.699999809265137,8.90999984741211,21.329999923706055,8.01168441772461,9.715999603271484,9.112000465393066,17.56999969482422,22.260000228881836,44.79999923706055
2016-02-19,10.529999732971191,8.6899995803833,21.34000015258789,7.8781561851501465,9.62399959564209,9.083999633789062,17.540000915527344,22.040000915527344,44.70000076293945
2016-02-22,10.970000267028809,8.84000015258789,21.479999542236328,8.086793899536133,9.565999984741211,8.932000160217285,17.600000381469727,22.770000457763672,44.400001525878906
2016-02-23,10.59000015258789,9.3100004196167,21.170000076293945,7.869811058044434,9.654000282287598,9.088000297546387,17.3700008392334,22.139999389648438,43.849998474121094
2016-02-24,10.90999984741211,9.399999618530273,21.059999465942383,8.07010269165039,9.402000427246094,9.059000015258789,17.350000381469727,23.31999969482422,43.45000076293945
2016-02-25,11.020000457763672,9.5600004196167,20.8799991607666,8.095138549804688,9.342000007629395,8.934000015258789,17.219999313354492,23.639999389648438,43.349998474121094
2016-02-26,11.050000190734863,9.470000267028809,20.829999923706055,8.061756134033203,9.329999923706055,8.802000045776367,17.139999389648438,23.579999923706055,43.29999923706055
2016-02-29,11.369999885559082,9.539999961853027,20.6299991607666,8.211976051330566,9.501999855041504,9.029000282287598,17.149999618530273,23.989999771118164,43.349998474121094
2016-03-01,11.430000305175781,9.539999961853027,20.56999969482422,8.24535846710205,9.942000389099121,9.048999786376953,17.059999465942383,23.700000762939453,42.79999923706055
2016-03-02,11.539999961853027,9.880000114440918,20.540000915527344,8.278740882873535,10.013999938964844,9.034000396728516,17.1200008392334,23.829999923706055,43.04999923706055
2016-03-03,11.539999961853027,9.90999984741211,20.600000381469727,8.295431137084961,10.387999534606934,9.14900016784668,17.18000030517578,23.6299991607666,43.79999923706055
2016-03-04,12.079999923706055,10.010000228881836,20.780000686645508,8.537450790405273,10.706000328063965,9.449999809265137,17.479999542236328,24.239999771118164,44.04999923706055
2016-03-07,12.640000343322754,10.039999961853027,20.799999237060547,8.846234321594238,11.13599967956543,9.638999938964844,17.510000228881836,25.270000457763672,44.099998474121094
2016-03-08,12.239999771118164,10.079999923706055,20.850000381469727,8.65428638458252,10.755999565124512,9.473999977111816,17.510000228881836,25.139999389648438,44.400001525878906
2016-03-09,12.6899995803833,9.979999542236328,20.760000228881836,8.912999153137207,10.85200023651123,9.395999908447266,17.520000457763672,26.65999984741211,44.599998474121094
2016-03-10,12.449999809265137,10.079999923706055,20.920000076293945,8.85457992553711,10.935999870300293,9.42199993133545,17.6299991607666,26.18000030517578,45.349998474121094
2016-03-11,12.539999961853027,10.359999656677246,21.020000457763672,8.879616737365723,11.064000129699707,9.270999908447266,17.739999771118164,26.290000915527344,45.45000076293945
2016-03-14,12.289999961853027,10.4399995803833,21.25,8.712706565856934,10.946000099182129,9.215999603271484,17.790000915527344,25.8700008392334,45.650001525878906
2016-03-15,12.029999732971191,10.34000015258789,21.260000228881836,8.629251480102539,10.925999641418457,9.215999603271484,17.690000534057617,25.610000610351562,45.599998474121094
2016-03-16,12.489999771118164,10.539999961853027,21.239999771118164,8.85457992553711,11.241999626159668,9.418999671936035,17.760000228881836,25.760000228881836,45.099998474121094
2016-03-17,12.819999694824219,10.710000038146973,21.219999313354492,9.004798889160156,11.381999969482422,9.48900032043457,17.799999237060547,26.06999969482422,44.20000076293945
2016-03-18,12.84000015258789,10.859999656677246,21.149999618530273,8.98810863494873,11.350000381469727,9.359000205993652,17.809999465942383,26.030000686645508,44.349998474121094
2016-03-21,12.920000076293945,11.0,21.290000915527344,8.996453285217285,11.579999923706055,9.468999862670898,17.899999618530273,26.459999084472656,44.5
2016-03-22,12.989999771118164,11.010000228881836,21.299999237060547,9.104944229125977,11.649999618530273,9.569000244140625,18.010000228881836,27.1299991607666,44.599998474121094
2016-03-23,12.5600004196167,11.3100004196167,21.200000762939453,8.829544067382812,11.197999954223633,9.22599983215332,17.8799991607666,26.290000915527344,44.349998474121094
2016-03-24,12.520000457763672,10.789999961853027,21.260000228881836,8.837889671325684,11.067999839782715,9.145999908447266,18.040000915527344,26.5,44.29999923706055
2016-03-28,12.479999542236328,10.930000305175781,21.31999969482422,8.796160697937012,10.925999641418457,9.107999801635742,18.020000457763672,26.530000686645508,44.849998474121094
2016-03-29,12.229999542236328,10.84000015258789,21.420000076293945,8.73774242401123,11.142000198364258,9.329000473022461,18.1299991607666,26.25,45.349998474121094
2016-03-30,12.210000038146973,10.949999809265137,21.100000381469727,8.72939682006836,10.87600040435791,9.289999961853027,17.969999313354492,25.8700008392334,44.25
2016-03-31,12.260000228881836,10.550000190734863,20.1200008392334,8.712706565856934,10.857999801635742,9.404000282287598,18.020000457763672,25.559999465942383,45.0
2016-04-01,11.789999961853027,10.390000343322754,20.25,8.412266731262207,10.869999885559082,9.22599983215332,18.219999313354492,24.889999389648438,45.150001525878906
2016-04-04,11.5,10.130000114440918,20.209999084472656,8.24535846710205,10.595999717712402,9.069000244140625,18.1299991607666,24.420000076293945,45.0
2016-04-05,11.579999923706055,10.140000343322754,20.350000381469727,8.170248031616211,10.508000373840332,9.149999618530273,17.959999084472656,24.43000030517578,45.04999923706055
2016-04-06,12.149999618530273,10.140000343322754,20.3700008392334,8.470685958862305,10.435999870300293,9.119000434875488,18.040000915527344,24.850000381469727,44.099998474121094
2016-04-07,12.09000015258789,9.949999809265137,20.56999969482422,8.428958892822266,10.333999633789062,9.204000473022461,17.979999542236328,24.639999389648438,43.75
2016-04-08,12.75,10.279999732971191,20.59000015258789,8.796160697937012,10.37399959564209,9.314000129699707,18.149999618530273,25.889999389648438,43.849998474121094
2016-04-11,13.079999923706055,9.930000305175781,20.290000915527344,8.98810863494873,10.5600004196167,9.513999938964844,18.389999389648438,26.6299991607666,42.70000076293945
2016-04-12,13.569999694824219,9.949999809265137,20.579999923706055,9.25516414642334,10.527999877929688,9.638999938964844,18.510000228881836,27.110000610351562,43.0
2016-04-13,13.420000076293945,9.84000015258789,21.200000762939453,9.230128288269043,10.486000061035156,9.623000144958496,18.84000015258789,27.020000457763672,43.95000076293945
2016-04-14,13.390000343322754,9.9399995803833,21.200000762939453,9.163362503051758,10.791999816894531,9.527999877929688,18.68000030517578,26.68000030517578,43.75
2016-04-15,13.140000343322754,10.359999656677246,21.360000610351562,8.98810863494873,10.935999870300293,9.470999717712402,18.829999923706055,26.0,43.95000076293945
2016-04-18,13.130000114440918,10.619999885559082,21.579999923706055,8.946379661560059,10.937999725341797,9.406000137329102,18.790000915527344,25.510000228881836,45.25
2016-04-19,13.420000076293945,10.449999809265137,21.8700008392334,9.2134370803833,11.204000473022461,9.760000228881836,19.25,26.350000381469727,46.25
2016-04-20,13.850000381469727,10.829999923706055,22.3799991607666,9.447111129760742,11.420000076293945,9.819000244140625,19.389999389648438,26.6200008392334,47.95000076293945
2016-04-21,13.670000076293945,10.640000343322754,21.700000762939453,9.413728713989258,11.633999824523926,9.862000465393066,19.420000076293945,26.969999313354492,46.75
2016-04-22,13.800000190734863,10.529999732971191,20.989999771118164,9.497182846069336,11.649999618530273,9.73900032043457,19.100000381469727,27.209999084472656,44.45000076293945
2016-04-25,13.600000381469727,10.8100004196167,21.479999542236328,9.380346298217773,11.652000427246094,9.777999877929688,19.360000610351562,26.940000534057617,44.900001525878906
2016-04-26,13.960000038146973,10.930000305175781,21.739999771118164,9.555601119995117,11.595999717712402,9.72599983215332,19.579999923706055,27.719999313354492,45.650001525878906
2016-04-27,14.380000114440918,10.899999618530273,21.530000686645508,9.772584915161133,11.76200008392334,9.878999710083008,19.440000534057617,27.93000030517578,45.45000076293945
2016-04-28,14.479999542236328,10.779999732971191,21.84000015258789,9.805967330932617,11.979999542236328,10.125,19.5,28.09000015258789,45.599998474121094
2016-04-29,14.5,11.119999885559082,21.940000534057617,9.83100414276123,12.029999732971191,10.364999771118164,19.520000457763672,28.040000915527344,45.95000076293945
2016-05-02,14.039999961853027,11.09000015258789,21.93000030517578,9.605674743652344,11.9399995803833,10.39799976348877,19.770000457763672,27.290000915527344,45.79999923706055
2016-05-03,13.779999732971191,10.989999771118164,21.25,9.48049259185791,11.62399959564209,10.230999946594238,19.469999313354492,26.5,44.25
2016-05-04,13.6899995803833,11.25,21.1200008392334,9.455455780029297,11.508000373840332,10.166000366210938,19.6200008392334,26.200000762939453,44.20000076293945
2016-05-05,13.789999961853027,10.829999923706055,20.959999084472656,9.422074317932129,11.54800033569336,10.220999717712402,19.360000610351562,26.1200008392334,43.5
2016-05-06,13.859999656677246,10.90999984741211,21.190000534057617,9.472146987915039,11.697999954223633,10.394000053405762,19.739999771118164,26.290000915527344,43.70000076293945
2016-05-09,13.329999923706055,10.960000038146973,20.68000030517578,9.2134370803833,11.22599983215332,10.041000366210938,19.559999465942383,25.299999237060547,42.95000076293945
2016-05-10,13.960000038146973,11.0,21.309999465942383,9.563947677612305,11.461999893188477,10.128999710083008,20.360000610351562,26.1200008392334,43.45000076293945
2016-05-11,14.510000228881836,11.34000015258789,21.25,9.864384651184082,11.70199966430664,10.267000198364258,20.299999237060547,27.56999969482422,43.20000076293945
2016-05-12,14.670000076293945,11.319999694824219,21.790000915527344,9.906113624572754,11.446000099182129,10.10200023651123,20.1200008392334,27.610000610351562,43.75
2016-05-13,14.630000114440918,11.300000190734863,21.850000381469727,9.87273120880127,11.40999984741211,10.119000434875488,20.010000228881836,27.829999923706055,44.0
2016-05-16,15.010000228881836,11.329999923706055,21.959999084472656,10.064678192138672,11.371999740600586,10.109999656677246,20.020000457763672,28.190000534057617,43.95000076293945
2016-05-17,15.149999618530273,11.289999961853027,22.18000030517578,10.189861297607422,11.270000457763672,10.13700008392334,20.260000228881836,28.75,44.54999923706055
2016-05-18,14.84000015258789,11.40999984741211,22.059999465942383,10.073023796081543,11.065999984741211,9.87600040435791,20.06999969482422,28.690000534057617,44.29999923706055
2016-05-19,14.920000076293945,11.289999961853027,21.700000762939453,10.139786720275879,10.779999732971191,9.746000289916992,19.989999771118164,28.579999923706055,43.70000076293945
2016-05-20,14.960000038146973,11.449999809265137,21.829999923706055,10.13144302368164,10.744000434875488,9.843999862670898,19.889999389648438,28.670000076293945,43.650001525878906
2016-05-23,14.829999923706055,11.270000457763672,22.020000457763672,10.139786720275879,10.612000465393066,9.753999710083008,19.639999389648438,28.790000915527344,43.349998474121094
2016-05-24,14.970000267028809,11.3100004196167,21.899999618530273,10.189861297607422,10.303999900817871,9.642999649047852,19.56999969482422,28.950000762939453,43.54999923706055
2016-05-25,15.25,11.460000038146973,22.239999771118164,10.298352241516113,10.236000061035156,9.545999526977539,19.90999984741211,28.829999923706055,43.599998474121094
2016-05-26,15.130000114440918,11.600000381469727,22.360000610351562,10.264970779418945,10.461999893188477,9.555000305175781,19.940000534057617,28.329999923706055,44.79999923706055
2016-05-27,15.140000343322754,11.600000381469727,22.540000915527344,10.281661033630371,10.331999778747559,9.399999618530273,20.1299991607666,28.600000381469727,44.650001525878906
2016-05-31,15.039999961853027,11.5,22.139999389648438,10.231587409973145,10.531999588012695,9.409000396728516,20.06999969482422,27.979999542236328,43.650001525878906
2016-06-01,15.130000114440918,11.5600004196167,22.610000610351562,10.356770515441895,10.517999649047852,9.347000122070312,20.209999084472656,28.3700008392334,44.150001525878906
2016-06-02,15.079999923706055,11.850000381469727,22.549999237060547,10.348424911499023,10.281999588012695,9.210000038146973,20.360000610351562,28.329999923706055,45.04999923706055
2016-06-03,15.069999694824219,12.130000114440918,22.760000228881836,10.298352241516113,10.630000114440918,9.45199966430664,20.530000686645508,28.1299991607666,46.04999923706055
2016-06-06,15.289999961853027,12.170000076293945,23.149999618530273,10.448570251464844,10.72599983215332,9.583999633789062,20.850000381469727,27.75,47.099998474121094
2016-06-07,15.600000381469727,12.329999923706055,23.229999542236328,10.607135772705078,10.67199993133545,9.63700008392334,21.010000228881836,27.850000381469727,47.29999923706055
2016-06-08,15.920000076293945,12.600000381469727,23.260000228881836,10.757355690002441,10.788000106811523,9.734000205993652,21.559999465942383,28.389999389648438,47.95000076293945
2016-06-09,15.739999771118164,12.729999542236328,23.110000610351562,10.757355690002441,10.78600025177002,9.668000221252441,21.469999313354492,28.280000686645508,47.349998474121094
2016-06-10,15.270000457763672,12.649999618530273,22.940000534057617,10.4902982711792,10.47599983215332,9.552000045776367,21.610000610351562,27.139999389648438,46.20000076293945
2016-06-13,15.119999885559082,12.65999984741211,23.290000915527344,10.423535346984863,10.432000160217285,9.529000282287598,21.6200008392334,26.649999618530273,46.04999923706055
2016-06-14,15.069999694824219,12.449999809265137,23.540000915527344,10.365116119384766,10.288000106811523,9.385000228881836,21.40999984741211,26.399999618530273,45.79999923706055
2016-06-15,14.699999809265137,12.6899995803833,23.15999984741211,10.189861297607422,10.260000228881836,9.407999992370605,21.200000762939453,26.110000610351562,45.04999923706055
2016-06-16,14.239999771118164,12.65999984741211,23.030000686645508,9.981222152709961,10.248000144958496,9.333000183105469,20.889999389648438,25.59000015258789,44.599998474121094
2016-06-17,14.920000076293945,12.65999984741211,23.600000381469727,10.340080261230469,10.211999893188477,9.33899974822998,21.350000381469727,26.389999389648438,45.29999923706055
2016-06-20,15.260000228881836,12.670000076293945,22.8799991607666,10.582099914550781,10.54800033569336,9.493000030517578,21.100000381469727,27.459999084472656,44.95000076293945
2016-06-21,15.270000457763672,12.649999618530273,21.959999084472656,10.623826026916504,10.57800006866455,9.404999732971191,20.690000534057617,27.65999984741211,43.70000076293945
2016-06-22,15.859999656677246,12.319999694824219,21.670000076293945,10.515335083007812,10.772000312805176,9.404000282287598,20.729999542236328,27.479999542236328,43.54999923706055
2016-06-23,15.390000343322754,12.520000457763672,21.479999542236328,10.690589904785156,10.880000114440918,9.277999877929688,20.540000915527344,27.850000381469727,43.04999923706055
2016-06-24,14.649999618530273,12.420000076293945,21.329999923706055,10.256624221801758,10.555999755859375,9.45300006866455,20.3700008392334,26.579999923706055,42.900001525878906
2016-06-27,14.399999618530273,12.619999885559082,21.360000610351562,10.139786720275879,10.720000267028809,9.411999702453613,20.709999084472656,25.940000534057617,42.150001525878906
2016-06-28,14.729999542236328,12.75,21.270000457763672,10.398497581481934,11.005999565124512,9.402999877929688,20.940000534057617,26.31999969482422,42.04999923706055
2016-06-29,15.130000114440918,13.329999923706055,20.780000686645508,10.607135772705078,11.305999755859375,9.6899995803833,20.790000915527344,26.43000030517578,41.25
2016-06-30,14.880000114440918,12.960000038146973,20.5,10.4902982711792,11.522000312805176,9.892000198364258,21.34000015258789,25.979999542236328,41.25
2016-07-01,15.140000343322754,13.069999694824219,20.149999618530273,10.723973274230957,11.62399959564209,10.194000244140625,21.139999389648438,26.329999923706055,39.900001525878906
2016-07-05,14.390000343322754,13.149999618530273,19.700000762939453,10.189861297607422,11.593999862670898,10.333000183105469,20.170000076293945,24.649999618530273,40.150001525878906
2016-07-06,14.5600004196167,13.0600004196167,19.350000381469727,10.331732749938965,11.684000015258789,10.451000213623047,20.149999618530273,24.920000076293945,39.75
2016-07-07,13.899999618530273,12.65999984741211,19.299999237060547,9.94784164428711,11.710000038146973,10.482999801635742,19.360000610351562,23.65999984741211,39.54999923706055
2016-07-08,13.930000305175781,12.90999984741211,19.940000534057617,9.989568710327148,11.89799976348877,10.579999923706055,19.90999984741211,23.799999237060547,40.54999923706055
2016-07-11,13.739999771118164,13.210000038146973,19.65999984741211,9.897768020629883,11.972000122070312,10.595999717712402,19.969999313354492,23.850000381469727,39.95000076293945
2016-07-12,14.460000038146973,12.8100004196167,19.829999923706055,10.248278617858887,12.09000015258789,10.470999717712402,20.3799991607666,24.510000228881836,40.599998474121094
2016-07-13,13.890000343322754,12.670000076293945,20.309999465942383,9.922805786132812,12.387999534606934,10.543999671936035,20.649999618530273,23.899999618530273,40.900001525878906
2016-07-14,14.09000015258789,12.920000076293945,19.950000762939453,10.031295776367188,12.5,10.588000297546387,20.0,24.280000686645508,40.75
2016-07-15,14.229999542236328,12.779999732971191,19.709999084472656,10.081368446350098,12.442000389099121,10.449999809265137,19.860000610351562,24.540000915527344,40.29999923706055
2016-07-18,14.050000190734863,12.720000267028809,20.010000228881836,9.94784164428711,12.444000244140625,10.550999641418457,20.06999969482422,23.959999084472656,40.400001525878906
2016-07-19,13.949999809265137,12.729999542236328,19.34000015258789,9.93114948272705,12.630000114440918,10.498000144958496,19.510000228881836,23.739999771118164,39.650001525878906
2016-07-20,14.039999961853027,12.720000267028809,19.06999969482422,9.897768020629883,12.902000427246094,10.41100025177002,19.209999084472656,23.510000228881836,39.04999923706055
2016-07-21,13.739999771118164,12.890000343322754,18.920000076293945,9.747549057006836,13.168000221252441,10.600000381469727,19.260000228881836,23.31999969482422,39.400001525878906
2016-07-22,13.619999885559082,12.699999809265137,19.030000686645508,9.705821990966797,13.178000450134277,10.395999908447266,18.93000030517578,23.350000381469727,40.099998474121094
2016-07-25,13.319999694824219,13.0,18.950000762939453,9.538911819458008,13.194000244140625,10.399999618530273,18.510000228881836,22.8799991607666,40.54999923706055
2016-07-26,13.319999694824219,12.720000267028809,18.829999923706055,9.505529403686523,13.23799991607666,10.498000144958496,18.68000030517578,23.06999969482422,39.70000076293945
2016-07-27,12.989999771118164,12.600000381469727,18.940000534057617,9.321928024291992,13.472000122070312,10.928000450134277,18.84000015258789,22.639999389648438,39.5
2016-07-28,12.770000457763672,12.520000457763672,18.770000457763672,9.271854400634766,13.418000221252441,10.923999786376953,18.709999084472656,22.329999923706055,39.150001525878906
2016-07-29,12.829999923706055,12.630000114440918,18.940000534057617,9.363656044006348,13.642000198364258,11.01200008392334,19.079999923706055,22.59000015258789,39.0
2016-08-01,12.460000038146973,12.529999732971191,18.59000015258789,9.121636390686035,13.776000022888184,11.123000144958496,18.450000762939453,22.510000228881836,38.79999923706055
2016-08-02,12.390000343322754,12.619999885559082,18.639999389648438,9.063217163085938,13.755999565124512,11.222999572753906,18.31999969482422,22.479999542236328,38.5
2016-08-03,12.84000015258789,12.609999656677246,18.75,9.321928024291992,13.708000183105469,11.1899995803833,18.3799991607666,23.25,39.099998474121094
2016-08-04,13.069999694824219,12.989999771118164,18.520000457763672,9.422074317932129,13.555999755859375,11.142999649047852,18.3799991607666,23.459999084472656,38.79999923706055
2016-08-05,13.130000114440918,13.399999618530273,18.639999389648438,9.422074317932129,13.387999534606934,11.008999824523926,18.690000534057617,23.610000610351562,39.25
2016-08-08,13.359999656677246,13.449999809265137,18.719999313354492,9.547256469726562,13.331999778747559,11.057999610900879,18.81999969482422,23.31999969482422,39.20000076293945
2016-08-09,13.300000190734863,13.609999656677246,18.639999389648438,9.505529403686523,13.329999923706055,11.104999542236328,18.860000610351562,23.15999984741211,39.0
2016-08-10,12.960000038146973,13.020000457763672,18.6299991607666,9.313581466674805,13.928000450134277,11.329999923706055,18.760000228881836,22.280000686645508,39.25
2016-08-11,13.569999694824219,13.079999923706055,18.610000610351562,9.622365951538086,13.253999710083008,10.942999839782715,18.799999237060547,23.280000686645508,39.04999923706055
2016-08-12,13.949999809265137,13.130000114440918,18.690000534057617,9.805967330932617,13.192000389099121,10.800999641418457,18.799999237060547,23.649999618530273,39.25
2016-08-15,14.329999923706055,13.270000457763672,18.860000610351562,10.014603614807129,13.329999923706055,10.689000129699707,19.209999084472656,24.09000015258789,38.79999923706055
2016-08-16,14.539999961853027,13.470000267028809,18.81999969482422,10.13144302368164,13.498000144958496,10.744000434875488,19.170000076293945,24.389999389648438,39.0
2016-08-17,14.720000267028809,13.170000076293945,18.940000534057617,10.281661033630371,13.368000030517578,10.730999946594238,19.309999465942383,24.989999771118164,39.04999923706055
2016-08-18,15.010000228881836,13.350000381469727,19.139999389648438,10.440225601196289,13.692000389099121,10.869999885559082,19.290000915527344,25.440000534057617,39.349998474121094
2016-08-19,15.0,13.1899995803833,19.170000076293945,10.440225601196289,13.642000198364258,10.715999603271484,19.110000610351562,25.670000076293945,39.349998474121094
2016-08-22,14.5600004196167,13.59000015258789,19.1200008392334,10.198205947875977,13.28600025177002,10.590999603271484,19.350000381469727,25.190000534057617,38.95000076293945
2016-08-23,14.729999542236328,13.720000267028809,18.84000015258789,10.315043449401855,13.430000305175781,10.61400032043457,19.280000686645508,25.520000457763672,38.349998474121094
2016-08-24,14.460000038146973,13.529999732971191,18.770000457763672,10.198205947875977,13.142000198364258,10.366000175476074,19.1200008392334,25.149999618530273,38.099998474121094
2016-08-25,14.65999984741211,13.550000190734863,18.559999465942383,10.306696891784668,13.239999771118164,10.305999755859375,18.649999618530273,25.540000915527344,37.849998474121094
2016-08-26,14.649999618530273,13.699999809265137,18.219999313354492,10.298352241516113,13.220000267028809,10.309000015258789,18.559999465942383,25.510000228881836,36.54999923706055
2016-08-29,14.510000228881836,13.720000267028809,18.010000228881836,10.214897155761719,13.387999534606934,10.343999862670898,18.530000686645508,25.049999237060547,35.75
2016-08-30,14.34000015258789,13.619999885559082,17.739999771118164,10.106404304504395,13.0600004196167,10.116000175476074,18.31999969482422,24.65999984741211,35.349998474121094
2016-08-31,13.789999961853027,13.300000190734863,17.709999084472656,9.82265853881836,12.944000244140625,10.071000099182129,18.15999984741211,24.010000228881836,35.25
2016-09-01,13.430000305175781,13.119999885559082,18.1200008392334,9.563947677612305,12.833999633789062,10.062000274658203,18.200000762939453,22.93000030517578,35.650001525878906
2016-09-02,13.680000305175781,13.470000267028809,18.360000610351562,9.672439575195312,12.972000122070312,10.222999572753906,18.389999389648438,23.139999389648438,36.0
2016-09-06,13.899999618530273,13.479999542236328,18.270000457763672,9.78093147277832,13.428000450134277,10.557000160217285,18.489999771118164,23.59000015258789,35.75
2016-09-07,14.069999694824219,13.479999542236328,18.610000610351562,9.889422416687012,13.258000373840332,10.463000297546387,18.780000686645508,24.1200008392334,36.0
2016-09-08,14.609999656677246,13.550000190734863,18.850000381469727,10.281661033630371,13.1899995803833,10.39900016784668,18.780000686645508,25.219999313354492,36.400001525878906
2016-09-09,14.100000381469727,13.5,18.959999084472656,9.981222152709961,12.989999771118164,10.220000267028809,18.81999969482422,24.469999313354492,36.150001525878906
2016-09-12,14.140000343322754,13.600000381469727,18.950000762939453,10.014603614807129,12.758000373840332,10.131999969482422,18.6299991607666,24.81999969482422,36.5
2016-09-13,13.8100004196167,13.579999923706055,18.450000762939453,9.889422416687012,12.59000015258789,9.946000099182129,18.280000686645508,24.600000381469727,35.849998474121094
2016-09-14,13.5,13.529999732971191,18.549999237060547,9.689129829406738,12.595999717712402,9.944000244140625,18.270000457763672,24.459999084472656,36.150001525878906
2016-09-15,13.640000343322754,13.529999732971191,18.3799991607666,9.814313888549805,12.678000450134277,9.925000190734863,18.399999618530273,25.489999771118164,36.0
2016-09-16,13.5,14.229999542236328,18.719999313354492,9.705821990966797,12.916000366210938,9.755000114440918,18.649999618530273,26.299999237060547,36.150001525878906
2016-09-19,13.479999542236328,14.369999885559082,18.75,9.680785179138184,13.168000221252441,9.824999809265137,18.809999465942383,25.59000015258789,36.099998474121094
2016-09-20,13.479999542236328,14.470000267028809,18.8700008392334,9.714166641235352,13.116000175476074,9.899999618530273,19.049999237060547,25.170000076293945,36.150001525878906
2016-09-21,13.819999694824219,14.430000305175781,18.8700008392334,9.906113624572754,13.218000411987305,10.14900016784668,18.90999984741211,25.940000534057617,36.150001525878906
2016-09-22,13.989999771118164,14.390000343322754,18.690000534057617,9.997913360595703,13.347999572753906,10.14900016784668,18.850000381469727,26.049999237060547,36.20000076293945
2016-09-23,13.5600004196167,14.550000190734863,18.6200008392334,9.739203453063965,13.52400016784668,10.116999626159668,18.510000228881836,25.709999084472656,36.099998474121094
2016-09-26,13.850000381469727,14.819999694824219,18.31999969482422,9.981222152709961,13.312000274658203,9.958999633789062,18.440000534057617,26.100000381469727,35.599998474121094
2016-09-27,13.479999542236328,14.949999809265137,18.469999313354492,9.714166641235352,13.435999870300293,9.840999603271484,18.510000228881836,25.850000381469727,36.0
2016-09-28,14.199999809265137,15.039999961853027,18.34000015258789,10.106404304504395,13.76200008392334,9.87600040435791,18.489999771118164,27.079999923706055,36.04999923706055
2016-09-29,14.40999984741211,14.960000038146973,18.329999923706055,10.2733154296875,13.72599983215332,9.862000465393066,18.440000534057617,27.3799991607666,35.75
2016-09-30,14.5,14.479999542236328,18.68000030517578,10.32338809967041,13.880000114440918,9.880000114440918,18.479999542236328,27.600000381469727,35.95000076293945
2016-10-03,14.75,14.5,19.18000030517578,10.473607063293457,13.663999557495117,9.663000106811523,18.8799991607666,27.8799991607666,35.45000076293945
2016-10-04,14.75,14.8100004196167,19.290000915527344,10.54871654510498,13.404000282287598,9.479000091552734,18.719999313354492,28.420000076293945,35.400001525878906
2016-10-05,15.050000190734863,15.020000457763672,19.299999237060547,10.673898696899414,12.986000061035156,9.364999771118164,18.639999389648438,28.18000030517578,36.20000076293945
2016-10-06,15.279999732971191,14.720000267028809,18.90999984741211,10.774045944213867,12.862000465393066,9.25,18.610000610351562,28.469999313354492,35.5
2016-10-07,15.029999732971191,14.920000076293945,18.889999389648438,10.698935508728027,12.85200023651123,9.272000312805176,18.579999923706055,28.049999237060547,35.29999923706055
2016-10-10,15.380000114440918,14.84000015258789,19.049999237060547,10.882537841796875,12.802000045776367,9.22599983215332,18.579999923706055,28.25,35.95000076293945
2016-10-11,15.239999771118164,14.890000343322754,19.1299991607666,10.824119567871094,12.432000160217285,9.10099983215332,18.549999237060547,28.15999984741211,35.95000076293945
2016-10-12,15.039999961853027,14.979999542236328,18.75,10.732317924499512,12.454000473022461,9.053000450134277,18.469999313354492,27.450000762939453,35.349998474121094
2016-10-13,15.109999656677246,14.899999618530273,19.329999923706055,10.807427406311035,12.272000312805176,8.996000289916992,18.639999389648438,28.020000457763672,36.849998474121094
2016-10-14,15.100000381469727,14.989999771118164,19.520000457763672,10.832464218139648,12.456000328063965,8.98799991607666,18.770000457763672,28.389999389648438,37.099998474121094
2016-10-17,14.970000267028809,14.829999923706055,19.559999465942383,10.782390594482422,12.270000457763672,8.987000465393066,19.059999465942383,28.329999923706055,37.349998474121094
2016-10-18,15.039999961853027,14.800000190734863,19.549999237060547,10.849154472351074,12.288000106811523,9.081000328063965,18.969999313354492,28.40999984741211,37.20000076293945
2016-10-19,15.260000228881836,14.739999771118164,19.709999084472656,10.94095516204834,12.220000267028809,9.074000358581543,19.1299991607666,28.510000228881836,37.349998474121094
2016-10-20,14.9399995803833,14.600000381469727,19.3700008392334,10.79908275604248,12.128000259399414,8.96399974822998,18.969999313354492,28.260000228881836,37.0
2016-10-21,15.069999694824219,14.640000343322754,19.420000076293945,10.899229049682617,11.944000244140625,8.958000183105469,19.1200008392334,28.850000381469727,36.849998474121094
2016-10-24,15.020000457763672,14.90999984741211,19.25,10.849154472351074,12.173999786376953,9.029999732971191,19.239999771118164,28.440000534057617,36.04999923706055
2016-10-25,14.770000457763672,14.729999542236328,19.299999237060547,10.732317924499512,12.166000366210938,9.26200008392334,19.270000457763672,28.299999237060547,36.25
2016-10-26,14.579999923706055,14.649999618530273,19.489999771118164,10.573753356933594,11.887999534606934,9.255000114440918,19.559999465942383,28.139999389648438,36.650001525878906
2016-10-27,14.729999542236328,14.619999885559082,19.6299991607666,10.648863792419434,11.760000228881836,9.274999618530273,19.610000610351562,28.239999771118164,36.900001525878906
2016-10-28,14.520000457763672,14.369999885559082,19.530000686645508,10.532027244567871,11.883999824523926,9.420999526977539,19.40999984741211,27.700000762939453,36.5
2016-10-31,13.869999885559082,14.069999694824219,19.440000534057617,10.206551551818848,11.88599967956543,9.406000137329102,19.420000076293945,27.040000915527344,36.70000076293945
2016-11-01,13.859999656677246,13.979999542236328,19.209999084472656,10.32338809967041,12.161999702453613,9.534000396728516,19.049999237060547,28.260000228881836,36.650001525878906
2016-11-02,13.489999771118164,14.130000114440918,19.15999984741211,10.09805965423584,12.07800006866455,9.531999588012695,18.969999313354492,27.670000076293945,36.79999923706055
2016-11-03,13.279999732971191,13.960000038146973,19.190000534057617,9.981222152709961,11.859999656677246,9.555000305175781,19.020000457763672,27.1299991607666,36.650001525878906
2016-11-04,13.069999694824219,14.130000114440918,19.170000076293945,9.856040000915527,12.0,9.586000442504883,19.040000915527344,26.530000686645508,36.599998474121094
2016-11-07,13.270000457763672,14.359999656677246,19.100000381469727,9.922805786132812,12.543999671936035,9.609000205993652,19.200000762939453,26.18000030517578,36.400001525878906
2016-11-08,13.100000381469727,14.119999885559082,19.450000762939453,9.88107681274414,12.718000411987305,9.62399959564209,19.360000610351562,26.139999389648438,36.70000076293945
2016-11-09,13.390000343322754,14.319999694824219,18.81999969482422,9.989568710327148,13.026000022888184,9.598999977111816,19.110000610351562,25.959999084472656,36.20000076293945
2016-11-10,13.079999923706055,14.050000190734863,18.850000381469727,9.83100414276123,13.251999855041504,9.340999603271484,19.270000457763672,25.459999084472656,35.849998474121094
2016-11-11,12.770000457763672,13.770000457763672,18.760000228881836,9.597330093383789,12.95199966430664,9.041000366210938,19.059999465942383,24.709999084472656,35.849998474121094
2016-11-14,12.819999694824219,13.75,18.600000381469727,9.588985443115234,13.350000381469727,8.918000221252441,18.950000762939453,24.469999313354492,35.099998474121094
2016-11-15,13.460000038146973,13.59000015258789,18.780000686645508,9.914459228515625,13.552000045776367,9.003000259399414,19.06999969482422,25.489999771118164,35.599998474121094
2016-11-16,13.300000190734863,13.279999732971191,18.65999984741211,9.82265853881836,13.776000022888184,9.062999725341797,19.010000228881836,25.059999465942383,35.20000076293945
2016-11-17,13.180000305175781,13.180000305175781,18.760000228881836,9.82265853881836,13.989999771118164,8.975000381469727,19.0,25.40999984741211,35.75
2016-11-18,13.40999984741211,13.09000015258789,18.959999084472656,9.956186294555664,13.937999725341797,8.824999809265137,19.15999984741211,25.489999771118164,35.900001525878906
2016-11-21,14.039999961853027,13.170000076293945,19.190000534057617,10.373461723327637,13.998000144958496,8.984000205993652,19.610000610351562,26.719999313354492,36.099998474121094
2016-11-22,13.979999542236328,13.170000076293945,19.239999771118164,10.331732749938965,14.26200008392334,9.02299976348877,19.75,26.770000457763672,36.25
2016-11-23,14.0,12.800000190734863,19.260000228881836,10.415189743041992,14.180000305175781,8.92300033569336,19.809999465942383,27.139999389648438,35.849998474121094
2016-11-25,13.59000015258789,12.819999694824219,19.229999542236328,10.189861297607422,14.241999626159668,8.70300006866455,19.90999984741211,26.3799991607666,35.650001525878906
2016-11-28,13.710000038146973,12.930000305175781,19.209999084472656,10.290007591247559,14.522000312805176,8.873000144958496,20.1200008392334,26.739999771118164,35.349998474121094
2016-11-29,13.239999771118164,12.829999923706055,18.719999313354492,10.056333541870117,14.637999534606934,8.82800006866455,19.950000762939453,26.25,34.650001525878906
2016-11-30,14.4399995803833,12.920000076293945,18.739999771118164,10.640517234802246,14.751999855041504,8.744000434875488,19.739999771118164,28.06999969482422,34.25
2016-12-01,15.010000228881836,12.720000267028809,18.450000762939453,11.01606559753418,14.428000450134277,8.786999702453613,19.719999313354492,29.329999923706055,33.650001525878906
2016-12-02,15.180000305175781,12.699999809265137,18.649999618530273,11.116211891174316,14.244000434875488,8.930000305175781,19.719999313354492,29.510000228881836,34.29999923706055
2016-12-05,15.170000076293945,12.460000038146973,19.200000762939453,11.141247749328613,14.336000442504883,8.982999801635742,19.93000030517578,29.420000076293945,34.45000076293945
2016-12-06,15.010000228881836,12.720000267028809,19.229999542236328,11.049447059631348,14.10200023651123,8.965999603271484,20.020000457763672,29.040000915527344,34.349998474121094
2016-12-07,14.819999694824219,12.739999771118164,19.18000030517578,10.932609558105469,14.07800006866455,9.038999557495117,20.1200008392334,28.6200008392334,33.900001525878906
2016-12-08,15.069999694824219,12.8100004196167,18.989999771118164,11.01606559753418,14.178000450134277,9.01099967956543,19.649999618530273,28.549999237060547,34.400001525878906
2016-12-09,15.210000038146973,12.579999923706055,19.170000076293945,11.057791709899902,14.097999572753906,8.777000427246094,19.90999984741211,28.719999313354492,34.75
2016-12-12,15.460000038146973,12.649999618530273,19.260000228881836,11.174630165100098,13.869999885559082,8.9399995803833,19.790000915527344,29.229999542236328,34.95000076293945
2016-12-13,15.550000190734863,12.510000228881836,19.329999923706055,11.24139404296875,13.994000434875488,8.984000205993652,19.799999237060547,29.350000381469727,35.0
2016-12-14,15.050000190734863,12.229999542236328,19.31999969482422,11.091175079345703,13.869999885559082,8.86299991607666,19.649999618530273,29.149999618530273,35.04999923706055
2016-12-15,15.15999984741211,12.239999771118164,19.059999465942383,11.091175079345703,13.45199966430664,8.602999687194824,19.709999084472656,29.350000381469727,34.349998474121094
2016-12-16,15.460000038146973,12.420000076293945,19.1299991607666,11.199666023254395,13.295999526977539,8.873000144958496,19.809999465942383,29.6200008392334,34.54999923706055
2016-12-19,15.300000190734863,12.319999694824219,18.940000534057617,11.174630165100098,13.043999671936035,8.800999641418457,19.600000381469727,29.600000381469727,34.45000076293945
2016-12-20,15.479999542236328,12.369999885559082,18.780000686645508,11.274775505065918,12.803999900817871,8.815999984741211,19.290000915527344,30.25,34.099998474121094
2016-12-21,15.270000457763672,12.229999542236328,18.639999389648438,11.182973861694336,12.581999778747559,8.776000022888184,19.350000381469727,30.3799991607666,33.900001525878906
2016-12-22,15.329999923706055,12.270000457763672,18.6299991607666,11.166284561157227,12.567999839782715,8.690999984741211,19.06999969482422,30.309999465942383,33.75
2016-12-23,15.449999809265137,12.260000228881836,18.56999969482422,11.299812316894531,12.621999740600586,8.5600004196167,18.969999313354492,30.610000610351562,33.54999923706055
2016-12-27,15.680000305175781,12.460000038146973,18.940000534057617,11.450031280517578,12.925999641418457,8.666999816894531,19.3700008392334,31.229999542236328,34.400001525878906
2016-12-28,15.729999542236328,12.760000228881836,18.649999618530273,11.51679515838623,12.781999588012695,8.640000343322754,19.260000228881836,31.510000228881836,34.0
2016-12-29,15.6899995803833,12.960000038146973,18.719999313354492,11.50844955444336,12.956000328063965,8.626999855041504,19.190000534057617,31.40999984741211,34.20000076293945
2016-12-30,15.680000305175781,13.0,18.709999084472656,11.525141716003418,13.041999816894531,8.640999794006348,19.100000381469727,31.31999969482422,34.400001525878906
2017-01-03,15.390000343322754,13.5,18.93000030517578,11.283122062683105,13.666000366210938,8.99899959564209,18.93000030517578,30.6299991607666,34.29999923706055
2017-01-04,15.539999961853027,13.630000114440918,19.170000076293945,11.316503524780273,14.133999824523926,9.055000305175781,19.219999313354492,30.780000686645508,34.900001525878906
2017-01-05,15.6899995803833,13.550000190734863,19.219999313354492,11.374922752380371,14.128000259399414,9.298999786376953,19.239999771118164,30.739999771118164,35.400001525878906
2017-01-06,15.6899995803833,13.550000190734863,19.1200008392334,11.366576194763184,14.510000228881836,9.293999671936035,18.940000534057617,30.510000228881836,35.5
2017-01-09,15.149999618530273,13.550000190734863,19.190000534057617,10.999374389648438,14.531999588012695,9.385000228881836,19.110000610351562,29.479999542236328,35.900001525878906
2017-01-10,14.819999694824219,13.619999885559082,19.1200008392334,10.874192237854004,14.675999641418457,9.369999885559082,19.280000686645508,28.989999771118164,35.849998474121094
2017-01-11,15.239999771118164,13.609999656677246,19.059999465942383,11.091175079345703,14.484000205993652,9.336999893188477,19.170000076293945,29.989999771118164,35.29999923706055
2017-01-12,15.479999542236328,13.6899995803833,19.110000610351562,11.249739646911621,14.567999839782715,9.368000030517578,19.649999618530273,30.299999237060547,35.849998474121094
2017-01-13,15.359999656677246,13.770000457763672,19.139999389648438,11.174630165100098,14.402000427246094,9.444000244140625,19.780000686645508,30.280000686645508,35.95000076293945
2017-01-17,15.3100004196167,13.770000457763672,19.450000762939453,11.166284561157227,14.368000030517578,9.331000328063965,20.059999465942383,30.020000457763672,36.79999923706055
2017-01-18,14.970000267028809,13.859999656677246,19.43000030517578,10.957647323608398,14.366000175476074,9.220999717712402,20.190000534057617,29.190000534057617,36.400001525878906
2017-01-19,14.989999771118164,13.510000228881836,19.479999542236328,10.982683181762695,14.4399995803833,9.178000450134277,20.1200008392334,28.8700008392334,36.0
2017-01-20,15.319999694824219,13.630000114440918,19.649999618530273,11.116211891174316,15.105999946594238,9.371999740600586,20.06999969482422,29.43000030517578,36.400001525878906
2017-01-23,15.260000228881836,13.890000343322754,19.649999618530273,11.091175079345703,14.85200023651123,9.404999732971191,20.010000228881836,29.520000457763672,36.599998474121094
2017-01-24,15.25,13.949999809265137,19.3700008392334,11.116211891174316,15.083999633789062,9.560999870300293,19.989999771118164,29.34000015258789,36.20000076293945
2017-01-25,15.199999809265137,13.850000381469727,19.489999771118164,11.06613826751709,14.079999923706055,9.416000366210938,19.950000762939453,28.709999084472656,35.95000076293945
2017-01-26,15.470000267028809,13.850000381469727,19.3700008392334,11.199666023254395,13.88599967956543,9.375,19.850000381469727,28.920000076293945,35.95000076293945
2017-01-27,15.229999542236328,13.800000190734863,19.290000915527344,11.01606559753418,14.11400032043457,9.442000389099121,19.850000381469727,28.549999237060547,35.54999923706055
2017-01-30,15.15999984741211,13.829999923706055,19.06999969482422,10.96599292755127,14.204000473022461,9.480999946594238,19.3799991607666,28.280000686645508,35.04999923706055
2017-01-31,15.239999771118164,13.829999923706055,19.139999389648438,10.96599292755127,14.449999809265137,9.548999786376953,19.389999389648438,28.6299991607666,35.45000076293945
2017-02-01,15.479999542236328,13.979999542236328,19.540000915527344,11.116211891174316,14.640000343322754,9.593000411987305,19.649999618530273,29.15999984741211,36.45000076293945
2017-02-02,15.550000190734863,13.789999961853027,19.489999771118164,11.132903099060059,14.545999526977539,9.592000007629395,19.68000030517578,28.420000076293945,36.400001525878906
2017-02-03,15.5600004196167,14.199999809265137,19.420000076293945,11.132903099060059,14.371999740600586,9.619000434875488,19.5,28.770000457763672,36.0
2017-02-06,15.289999961853027,14.100000381469727,19.3700008392334,11.01606559753418,14.817999839782715,9.71500015258789,19.690000534057617,27.920000076293945,35.599998474121094
2017-02-07,15.100000381469727,13.970000267028809,19.59000015258789,10.924264907836914,14.600000381469727,9.644000053405762,19.75,27.469999313354492,36.0
2017-02-08,15.09000015258789,14.079999923706055,19.649999618530273,10.949301719665527,14.781999588012695,9.74899959564209,20.010000228881836,28.670000076293945,36.0
2017-02-09,15.229999542236328,14.039999961853027,19.610000610351562,11.01606559753418,14.795999526977539,9.736000061035156,19.899999618530273,28.989999771118164,36.79999923706055
2017-02-10,15.510000228881836,13.859999656677246,19.850000381469727,11.132903099060059,15.031999588012695,9.689000129699707,20.010000228881836,29.34000015258789,37.5
2017-02-13,15.210000038146973,13.630000114440918,19.8799991607666,10.924264907836914,14.883999824523926,9.571999549865723,19.969999313354492,28.489999771118164,37.70000076293945
2017-02-14,15.289999961853027,13.890000343322754,19.850000381469727,10.957647323608398,15.008000373840332,9.593999862670898,19.790000915527344,28.479999542236328,37.599998474121094
2017-02-15,15.239999771118164,13.989999771118164,20.040000915527344,10.932609558105469,15.152000427246094,9.678000450134277,20.049999237060547,28.549999237060547,37.900001525878906
2017-02-16,15.239999771118164,13.90999984741211,19.790000915527344,10.874192237854004,15.182000160217285,9.708999633789062,19.760000228881836,28.229999542236328,37.25
2017-02-17,15.260000228881836,13.770000457763672,19.549999237060547,10.874192237854004,14.958000183105469,9.630000114440918,19.6299991607666,28.149999618530273,37.150001525878906
2017-02-21,15.4399995803833,14.119999885559082,19.6200008392334,10.81577205657959,14.9399995803833,9.609999656677246,19.479999542236328,27.8799991607666,36.75
2017-02-22,15.229999542236328,14.079999923706055,19.68000030517578,10.757355690002441,14.753999710083008,9.621000289916992,19.420000076293945,28.079999923706055,37.150001525878906
2017-02-23,15.420000076293945,13.729999542236328,19.40999984741211,10.857500076293945,14.8100004196167,9.666000366210938,19.270000457763672,28.200000762939453,36.95000076293945
2017-02-24,15.329999923706055,13.529999732971191,19.350000381469727,10.832464218139648,14.789999961853027,9.824999809265137,19.239999771118164,28.0,36.5
2017-02-27,15.350000381469727,13.119999885559082,19.219999313354492,10.849154472351074,14.973999977111816,9.817000389099121,19.299999237060547,28.149999618530273,35.900001525878906
2017-02-28,15.380000114440918,13.15999984741211,19.40999984741211,10.865846633911133,14.77400016784668,9.824999809265137,19.549999237060547,27.940000534057617,36.29999923706055
2017-03-01,15.319999694824219,13.390000343322754,19.889999389648438,10.832464218139648,14.880000114440918,9.720000267028809,19.809999465942383,27.0,37.150001525878906
2017-03-02,14.989999771118164,13.34000015258789,19.68000030517578,10.66555404663086,14.727999687194824,9.456999778747559,19.549999237060547,26.690000534057617,36.79999923706055
2017-03-03,15.1899995803833,13.34000015258789,19.760000228881836,10.723973274230957,14.843999862670898,9.545999526977539,19.5,26.700000762939453,36.79999923706055
2017-03-06,15.239999771118164,13.09000015258789,19.65999984741211,10.774045944213867,14.789999961853027,9.36400032043457,19.510000228881836,27.170000076293945,37.349998474121094
2017-03-07,15.199999809265137,12.770000457763672,19.549999237060547,10.774045944213867,14.803999900817871,9.196000099182129,19.350000381469727,27.18000030517578,37.20000076293945
2017-03-08,14.460000038146973,12.84000015258789,19.389999389648438,10.415189743041992,14.755999565124512,9.076000213623047,19.229999542236328,26.68000030517578,36.400001525878906
2017-03-09,14.300000190734863,12.550000190734863,19.1299991607666,10.315043449401855,14.343999862670898,8.965999603271484,19.06999969482422,26.360000610351562,36.29999923706055
2017-03-10,13.979999542236328,12.670000076293945,19.020000457763672,10.139786720275879,14.302000045776367,9.020000457763672,19.0,25.799999237060547,36.0
2017-03-13,13.979999542236328,12.579999923706055,18.84000015258789,10.09805965423584,14.46399974822998,9.01099967956543,19.020000457763672,25.56999969482422,35.099998474121094
2017-03-14,13.920000076293945,12.489999771118164,18.8799991607666,10.056333541870117,14.215999603271484,8.98900032043457,18.899999618530273,25.719999313354492,35.099998474121094
2017-03-15,14.119999885559082,12.510000228881836,18.950000762939453,10.123096466064453,14.67199993133545,9.145000457763672,18.90999984741211,25.6299991607666,35.54999923706055
2017-03-16,14.09000015258789,12.529999732971191,19.040000915527344,10.089713096618652,14.696000099182129,9.182000160217285,18.920000076293945,25.75,35.5
2017-03-17,14.069999694824219,12.630000114440918,19.15999984741211,10.106404304504395,14.895999908447266,9.22700023651123,18.93000030517578,25.829999923706055,35.54999923706055
2017-03-20,14.039999961853027,12.300000190734863,18.940000534057617,10.156477928161621,14.98799991607666,9.29699993133545,18.920000076293945,26.030000686645508,35.04999923706055
2017-03-21,13.859999656677246,11.920000076293945,18.850000381469727,10.081368446350098,15.065999984741211,9.295000076293945,19.0,25.829999923706055,34.95000076293945
2017-03-22,13.8100004196167,11.970000267028809,18.729999542236328,10.064678192138672,15.095999717712402,9.215999603271484,18.920000076293945,25.799999237060547,34.54999923706055
2017-03-23,13.720000267028809,12.109999656677246,18.6200008392334,10.039641380310059,15.402000427246094,9.213000297546387,18.850000381469727,25.649999618530273,34.5
2017-03-24,13.819999694824219,12.210000038146973,18.610000610351562,10.089713096618652,15.498000144958496,9.241999626159668,18.559999465942383,25.899999618530273,34.70000076293945
2017-03-27,13.800000190734863,12.3100004196167,18.6200008392334,10.089713096618652,15.23799991607666,9.281999588012695,18.450000762939453,26.049999237060547,34.349998474121094
2017-03-28,13.90999984741211,12.3100004196167,18.68000030517578,10.14813232421875,15.14799976348877,9.128000259399414,18.469999313354492,26.209999084472656,34.5
2017-03-29,14.199999809265137,11.960000038146973,18.709999084472656,10.306696891784668,15.157999992370605,9.142000198364258,18.450000762939453,26.75,34.650001525878906
2017-03-30,14.380000114440918,11.899999618530273,18.690000534057617,10.423535346984863,15.21399974822998,9.100000381469727,18.329999923706055,27.0,34.29999923706055
2017-03-31,14.520000457763672,11.869999885559082,19.030000686645508,10.506991386413574,15.28600025177002,9.090999603271484,18.1200008392334,27.280000686645508,34.70000076293945
2017-04-03,14.380000114440918,11.670000076293945,19.170000076293945,10.448570251464844,15.383999824523926,9.159000396728516,18.030000686645508,27.15999984741211,34.650001525878906
2017-04-04,14.65999984741211,11.550000190734863,18.940000534057617,10.648863792419434,15.4399995803833,9.206000328063965,18.049999237060547,27.56999969482422,34.70000076293945
2017-04-05,14.649999618530273,11.600000381469727,18.989999771118164,10.640517234802246,15.470000267028809,9.199000358581543,18.1299991607666,27.350000381469727,34.75
2017-04-06,14.850000381469727,11.630000114440918,18.860000610351562,10.749009132385254,15.446000099182129,9.159000396728516,18.030000686645508,27.68000030517578,34.400001525878906
2017-04-07,14.9399995803833,11.670000076293945,18.799999237060547,10.807427406311035,15.305999755859375,9.133000373840332,18.059999465942383,27.850000381469727,34.400001525878906
2017-04-10,15.149999618530273,11.640000343322754,19.059999465942383,10.94095516204834,15.107999801635742,9.01200008392334,18.079999923706055,28.139999389648438,34.650001525878906
2017-04-11,15.170000076293945,11.75,19.049999237060547,10.974337577819824,15.390000343322754,9.262999534606934,18.079999923706055,28.049999237060547,35.150001525878906
2017-04-12,15.069999694824219,11.649999618530273,19.200000762939453,10.949301719665527,15.345999717712402,9.29699993133545,18.18000030517578,27.799999237060547,35.20000076293945
2017-04-13,15.09000015258789,11.699999809265137,19.25,10.991028785705566,15.23799991607666,9.319999694824219,18.309999465942383,27.709999084472656,34.849998474121094
2017-04-17,14.989999771118164,11.579999923706055,19.030000686645508,10.932609558105469,15.11400032043457,9.423999786376953,18.229999542236328,27.559999465942383,34.349998474121094
2017-04-18,14.90999984741211,11.829999923706055,18.829999923706055,10.882537841796875,14.814000129699707,9.348999977111816,18.139999389648438,27.399999618530273,34.400001525878906
2017-04-19,14.359999656677246,11.550000190734863,18.81999969482422,10.573753356933594,14.88599967956543,9.239999771118164,18.149999618530273,26.549999237060547,34.349998474121094
2017-04-20,14.319999694824219,11.489999771118164,18.59000015258789,10.540371894836426,15.383999824523926,9.364999771118164,18.079999923706055,26.610000610351562,33.400001525878906
2017-04-21,14.050000190734863,11.5,18.59000015258789,10.373461723327637,15.208000183105469,9.312000274658203,18.15999984741211,26.209999084472656,33.400001525878906
2017-04-24,13.970000267028809,11.399999618530273,18.68000030517578,10.298352241516113,15.289999961853027,9.206000328063965,18.280000686645508,25.93000030517578,33.20000076293945
2017-04-25,14.15999984741211,11.380000114440918,18.950000762939453,10.348424911499023,15.302000045776367,9.151000022888184,18.190000534057617,25.969999313354492,33.75
2017-04-26,13.979999542236328,10.979999542236328,18.709999084472656,10.264970779418945,15.54800033569336,9.09000015258789,18.100000381469727,25.280000686645508,33.5
2017-04-27,13.960000038146973,10.779999732971191,18.790000915527344,10.223241806030273,15.605999946594238,9.041000366210938,18.06999969482422,24.969999313354492,34.04999923706055
2017-04-28,13.899999618530273,11.220000267028809,18.709999084472656,10.164824485778809,15.833999633789062,9.071000099182129,18.06999969482422,24.610000610351562,34.0
2017-05-01,13.8100004196167,11.289999961853027,19.209999084472656,10.089713096618652,15.631999969482422,8.91100025177002,18.299999237060547,24.3700008392334,35.599998474121094
2017-05-02,13.529999732971191,11.119999885559082,19.010000228881836,9.922805786132812,15.708000183105469,8.887999534606934,18.290000915527344,24.18000030517578,35.75
2017-05-03,13.600000381469727,11.140000343322754,19.09000015258789,9.964531898498535,15.295999526977539,8.621000289916992,18.3700008392334,24.420000076293945,35.599998474121094
2017-05-04,12.960000038146973,10.760000228881836,18.739999771118164,9.614020347595215,15.355999946594238,8.642000198364258,18.270000457763672,23.579999923706055,34.400001525878906
2017-05-05,13.220000267028809,10.850000381469727,18.950000762939453,9.79762077331543,15.593999862670898,8.741000175476074,18.280000686645508,24.09000015258789,34.79999923706055
2017-05-08,13.25,10.899999618530273,18.700000762939453,9.805967330932617,15.510000228881836,8.809000015258789,18.200000762939453,24.270000457763672,34.29999923706055
2017-05-09,13.09000015258789,10.920000076293945,18.719999313354492,9.730857849121094,15.260000228881836,8.673999786376953,18.350000381469727,23.770000457763672,34.099998474121094
2017-05-10,13.489999771118164,11.119999885559082,19.0,9.94784164428711,15.281999588012695,8.718000411987305,18.260000228881836,24.649999618530273,34.25
2017-05-11,13.609999656677246,11.0600004196167,18.84000015258789,10.039641380310059,15.354000091552734,8.788999557495117,18.229999542236328,24.940000534057617,34.25
2017-05-12,13.649999618530273,10.90999984741211,18.90999984741211,10.047987937927246,15.411999702453613,8.803000450134277,18.170000076293945,25.170000076293945,34.20000076293945
2017-05-15,13.930000305175781,10.90999984741211,18.770000457763672,10.14813232421875,15.25,8.90999984741211,18.18000030517578,25.459999084472656,33.650001525878906
2017-05-16,13.829999923706055,11.170000076293945,18.790000915527344,10.123096466064453,15.196000099182129,9.013999938964844,18.280000686645508,25.59000015258789,33.650001525878906
2017-05-17,13.989999771118164,11.329999923706055,18.940000534057617,10.206551551818848,14.968000411987305,9.041000366210938,18.290000915527344,25.489999771118164,33.95000076293945
2017-05-18,14.079999923706055,10.979999542236328,18.65999984741211,10.231587409973145,14.593999862670898,8.92300033569336,17.93000030517578,25.600000381469727,33.79999923706055
2017-05-19,14.359999656677246,11.180000305175781,18.979999542236328,10.431879997253418,14.541999816894531,8.989999771118164,18.020000457763672,26.260000228881836,34.45000076293945
2017-05-22,14.430000305175781,11.199999809265137,19.100000381469727,10.523679733276367,14.777999877929688,9.074000358581543,18.110000610351562,26.440000534057617,34.45000076293945
2017-05-23,14.550000190734863,10.930000305175781,18.8799991607666,10.540371894836426,14.833999633789062,9.03499984741211,17.989999771118164,26.420000076293945,34.25
2017-05-24,14.489999771118164,10.880000114440918,18.90999984741211,10.4902982711792,14.640000343322754,9.07699966430664,17.989999771118164,26.309999465942383,34.25
2017-05-25,13.770000457763672,10.869999885559082,18.860000610351562,10.114750862121582,14.755999565124512,9.072999954223633,17.799999237060547,25.5,34.150001525878906
2017-05-26,14.029999732971191,10.600000381469727,19.040000915527344,10.264970779418945,15.15999984741211,9.180999755859375,17.649999618530273,25.959999084472656,34.599998474121094
2017-05-30,13.9399995803833,10.5,18.75,10.17317008972168,15.47599983215332,8.996000289916992,17.530000686645508,25.850000381469727,34.099998474121094
2017-05-31,13.539999961853027,10.399999618530273,18.969999313354492,9.956186294555664,15.670000076293945,9.086999893188477,17.510000228881836,25.479999542236328,34.0
2017-06-01,13.430000305175781,10.039999961853027,18.899999618530273,9.897768020629883,15.82800006866455,8.918999671936035,17.530000686645508,25.5,33.900001525878906
2017-06-02,13.369999885559082,9.75,18.979999542236328,9.83100414276123,16.083999633789062,9.116000175476074,17.65999984741211,25.200000762939453,33.95000076293945
2017-06-05,13.220000267028809,9.800000190734863,19.010000228881836,9.730857849121094,16.194000244140625,9.128000259399414,17.6200008392334,24.56999969482422,33.849998474121094
2017-06-06,13.399999618530273,9.8100004196167,19.25,9.83100414276123,16.360000610351562,9.180000305175781,17.739999771118164,24.809999465942383,34.29999923706055
2017-06-07,12.869999885559082,9.899999618530273,19.5,9.547256469726562,15.989999771118164,9.039999961853027,17.75,23.920000076293945,34.95000076293945
2017-06-08,12.789999961853027,10.09000015258789,19.459999084472656,9.538911819458008,16.38800048828125,8.970999717712402,17.889999389648438,23.770000457763672,35.04999923706055
2017-06-09,12.899999618530273,10.0,19.6299991607666,9.597330093383789,16.875999450683594,8.989999771118164,17.969999313354492,24.040000915527344,35.0
2017-06-12,12.899999618530273,9.90999984741211,19.200000762939453,9.563947677612305,17.190000534057617,9.03499984741211,17.829999923706055,23.739999771118164,34.29999923706055
2017-06-13,13.020000457763672,9.760000228881836,19.389999389648438,9.614020347595215,17.062000274658203,8.883999824523926,17.809999465942383,23.989999771118164,34.95000076293945
2017-06-14,12.5600004196167,9.729999542236328,19.209999084472656,9.363656044006348,16.54599952697754,8.930999755859375,17.829999923706055,22.90999984741211,35.0
2017-06-15,12.529999732971191,9.630000114440918,19.229999542236328,9.380346298217773,16.625999450683594,8.824000358581543,17.93000030517578,23.0,35.75
2017-06-16,12.649999618530273,9.579999923706055,19.520000457763672,9.430418968200684,16.652000427246094,8.878000259399414,18.020000457763672,23.200000762939453,36.5
2017-06-19,12.539999961853027,9.640000343322754,19.1299991607666,9.321928024291992,16.43000030517578,8.848999977111816,17.989999771118164,23.149999618530273,36.25
2017-06-20,12.289999961853027,9.630000114440918,18.850000381469727,9.188399314880371,16.691999435424805,8.812000274658203,17.8700008392334,22.670000076293945,36.75
2017-06-21,11.930000305175781,9.319999694824219,18.84000015258789,9.004798889160156,16.988000869750977,8.871999740600586,17.65999984741211,22.450000762939453,36.25
2017-06-22,12.069999694824219,9.210000038146973,18.549999237060547,9.079909324645996,16.937999725341797,8.840999603271484,17.399999618530273,22.790000915527344,36.04999923706055
2017-06-23,12.199999809265137,9.329999923706055,18.3700008392334,9.121636390686035,16.42799949645996,8.87600040435791,17.34000015258789,22.799999237060547,35.70000076293945
2017-06-26,12.279999732971191,9.079999923706055,18.450000762939453,9.221782684326172,16.59000015258789,8.781000137329102,17.389999389648438,22.959999084472656,35.349998474121094
2017-06-27,12.489999771118164,9.109999656677246,18.420000076293945,9.355310440063477,16.422000885009766,8.800000190734863,17.43000030517578,23.329999923706055,35.54999923706055
2017-06-28,12.65999984741211,9.0,18.420000076293945,9.472146987915039,16.41200065612793,8.803000450134277,17.510000228881836,23.639999389648438,35.70000076293945
2017-06-29,12.649999618530273,9.449999809265137,18.520000457763672,9.472146987915039,16.229999542236328,8.800999641418457,17.559999465942383,23.6299991607666,37.150001525878906
2017-06-30,13.0,9.630000114440918,19.049999237060547,9.689129829406738,16.13800048828125,8.835000038146973,18.049999237060547,24.25,39.150001525878906
2017-07-03,13.130000114440918,9.6899995803833,19.329999923706055,9.772584915161133,16.238000869750977,8.677000045776367,18.540000915527344,24.459999084472656,41.20000076293945
2017-07-05,12.670000076293945,9.579999923706055,19.59000015258789,9.488837242126465,16.0939998626709,8.708999633789062,18.790000915527344,23.940000534057617,41.45000076293945
2017-07-06,12.720000267028809,9.680000305175781,19.530000686645508,9.52221965789795,15.944000244140625,8.704999923706055,18.790000915527344,24.350000381469727,40.25
2017-07-07,12.4399995803833,9.869999885559082,19.559999465942383,9.338619232177734,16.027999877929688,8.659000396728516,19.049999237060547,24.020000457763672,39.70000076293945
2017-07-10,12.460000038146973,9.479999542236328,19.989999771118164,9.388691902160645,16.11199951171875,8.62399959564209,19.450000762939453,24.020000457763672,41.04999923706055
2017-07-11,12.65999984741211,9.470000267028809,19.989999771118164,9.52221965789795,16.31800079345703,8.61400032043457,19.549999237060547,24.31999969482422,41.04999923706055
2017-07-12,12.670000076293945,9.470000267028809,19.329999923706055,9.505529403686523,16.496000289916992,8.769000053405762,19.5,24.290000915527344,40.04999923706055
2017-07-13,12.880000114440918,9.8100004196167,18.739999771118164,9.597330093383789,16.408000946044922,8.663999557495117,18.670000076293945,24.459999084472656,38.70000076293945
2017-07-14,13.020000457763672,9.899999618530273,18.969999313354492,9.714166641235352,16.416000366210938,8.815999984741211,18.950000762939453,24.989999771118164,38.650001525878906
2017-07-17,12.859999656677246,9.890000343322754,18.989999771118164,9.647401809692383,16.56399917602539,8.86400032043457,18.809999465942383,24.940000534057617,38.29999923706055
2017-07-18,13.0,9.899999618530273,19.059999465942383,9.72251033782959,16.554000854492188,8.869000434875488,18.860000610351562,25.190000534057617,38.20000076293945
2017-07-19,13.199999809265137,10.140000343322754,19.299999237060547,9.88107681274414,16.422000885009766,8.8100004196167,19.079999923706055,25.780000686645508,38.150001525878906
2017-07-20,13.079999923706055,10.069999694824219,19.6200008392334,9.814313888549805,16.191999435424805,8.855999946594238,19.329999923706055,25.690000534057617,38.400001525878906
2017-07-21,12.760000228881836,10.079999923706055,19.200000762939453,9.58063793182373,16.172000885009766,8.942999839782715,19.280000686645508,25.010000228881836,37.95000076293945
2017-07-24,12.930000305175781,10.130000114440918,19.040000915527344,9.65574836730957,16.275999069213867,8.902999877929688,19.020000457763672,25.06999969482422,37.349998474121094
2017-07-25,13.319999694824219,9.920000076293945,18.719999313354492,9.87273120880127,16.4060001373291,8.868000030517578,18.739999771118164,25.690000534057617,36.45000076293945
2017-07-26,13.5,10.029999732971191,18.860000610351562,9.97287654876709,16.61400032043457,8.901000022888184,18.84000015258789,26.030000686645508,36.650001525878906
2017-07-27,13.640000343322754,10.119999885559082,18.899999618530273,10.064678192138672,16.788000106811523,8.859000205993652,18.959999084472656,26.450000762939453,36.79999923706055
2017-07-28,13.800000190734863,10.100000381469727,19.020000457763672,10.164824485778809,16.850000381469727,8.944999694824219,19.030000686645508,26.8700008392334,36.849998474121094
2017-07-31,13.949999809265137,10.399999618530273,18.8799991607666,10.248278617858887,16.95599937438965,8.99899959564209,18.93000030517578,27.3799991607666,36.54999923706055
2017-08-01,13.720000267028809,10.350000381469727,18.5,10.13144302368164,17.091999053955078,9.017999649047852,18.329999923706055,27.18000030517578,35.70000076293945
2017-08-02,13.84000015258789,10.350000381469727,18.59000015258789,10.156477928161621,17.118000030517578,9.052000045776367,18.420000076293945,26.84000015258789,35.849998474121094
2017-08-03,13.75,10.100000381469727,18.59000015258789,10.09805965423584,16.93199920654297,9.211999893188477,18.209999084472656,26.719999313354492,35.54999923706055
2017-08-04,13.84000015258789,9.949999809265137,18.709999084472656,10.14813232421875,16.77199935913086,9.232999801635742,18.1200008392334,26.81999969482422,35.45000076293945
2017-08-07,13.819999694824219,9.869999885559082,18.889999389648438,10.139786720275879,16.941999435424805,9.25100040435791,18.34000015258789,26.579999923706055,36.0
2017-08-08,13.75,9.859999656677246,18.790000915527344,10.09805965423584,17.197999954223633,9.28499984741211,18.40999984741211,26.329999923706055,35.45000076293945
2017-08-09,13.9399995803833,9.760000228881836,18.84000015258789,10.181513786315918,17.058000564575195,9.295999526977539,18.420000076293945,26.479999542236328,35.75
2017-08-10,13.680000305175781,9.640000343322754,18.31999969482422,10.006258964538574,17.224000930786133,9.369999885559082,17.850000381469727,26.040000915527344,34.54999923706055
2017-08-11,13.760000228881836,9.640000343322754,18.420000076293945,10.056333541870117,17.145999908447266,9.425000190734863,17.940000534057617,26.350000381469727,34.400001525878906
2017-08-14,13.390000343322754,9.710000038146973,18.459999084472656,9.864384651184082,17.145999908447266,9.253000259399414,17.780000686645508,25.729999542236328,34.349998474121094
2017-08-15,13.449999809265137,9.460000038146973,18.15999984741211,9.864384651184082,16.993999481201172,9.192999839782715,17.56999969482422,25.84000015258789,33.650001525878906
2017-08-16,13.3100004196167,9.3100004196167,18.059999465942383,9.764239311218262,17.51799964904785,9.34000015258789,17.579999923706055,25.540000915527344,33.20000076293945
2017-08-17,13.479999542236328,9.520000457763672,17.920000076293945,9.814313888549805,17.625999450683594,9.305999755859375,17.729999542236328,26.0,32.95000076293945
2017-08-18,13.970000267028809,9.529999732971191,17.989999771118164,10.106404304504395,17.68000030517578,9.355999946594238,17.770000457763672,26.6200008392334,33.04999923706055
2017-08-21,13.65999984741211,9.630000114440918,17.8700008392334,9.88107681274414,17.926000595092773,9.375,17.75,25.940000534057617,32.54999923706055
2017-08-22,13.739999771118164,9.649999618530273,17.780000686645508,9.94784164428711,17.75200080871582,9.32699966430664,17.809999465942383,26.15999984741211,32.099998474121094
2017-08-23,13.899999618530273,9.739999771118164,17.600000381469727,10.064678192138672,17.88800048828125,9.329999923706055,17.809999465942383,26.530000686645508,32.099998474121094
2017-08-24,13.800000190734863,9.890000343322754,17.6299991607666,10.022951126098633,17.833999633789062,9.333000183105469,17.940000534057617,27.049999237060547,32.400001525878906
2017-08-25,13.800000190734863,9.859999656677246,17.479999542236328,10.006258964538574,17.777999877929688,9.300000190734863,17.899999618530273,26.829999923706055,32.400001525878906
2017-08-28,13.720000267028809,9.979999542236328,17.40999984741211,9.97287654876709,17.947999954223633,9.432999610900879,17.889999389648438,27.5,32.0
2017-08-29,13.739999771118164,9.75,17.309999465942383,10.006258964538574,18.059999465942383,9.491999626159668,17.799999237060547,28.059999465942383,32.150001525878906
2017-08-30,13.460000038146973,9.8100004196167,17.1299991607666,9.88107681274414,17.868000030517578,9.45300006866455,17.719999313354492,28.399999618530273,32.0
2017-08-31,14.050000190734863,9.989999771118164,17.690000534057617,10.239933967590332,17.922000885009766,9.536999702453613,18.0,30.65999984741211,32.29999923706055
2017-09-01,14.039999961853027,9.729999542236328,17.559999465942383,10.256624221801758,18.75200080871582,9.619000434875488,18.030000686645508,30.270000457763672,32.54999923706055
2017-09-05,14.140000343322754,9.880000114440918,17.709999084472656,10.290007591247559,18.43000030517578,9.623000144958496,18.3799991607666,29.209999084472656,32.599998474121094
2017-09-06,14.4399995803833,9.979999542236328,17.84000015258789,10.406843185424805,18.007999420166016,9.57699966430664,18.389999389648438,29.1299991607666,33.0
2017-09-07,14.510000228881836,9.859999656677246,17.600000381469727,10.440225601196289,18.31999969482422,9.697999954223633,18.399999618530273,28.799999237060547,32.349998474121094
2017-09-08,14.300000190734863,9.779999732971191,17.65999984741211,10.32338809967041,17.889999389648438,9.637999534606934,18.260000228881836,28.6200008392334,32.45000076293945
2017-09-11,14.300000190734863,9.899999618530273,17.670000076293945,10.340080261230469,17.898000717163086,9.449999809265137,18.260000228881836,28.350000381469727,32.150001525878906
2017-09-12,14.460000038146973,9.720000267028809,17.399999618530273,10.415189743041992,18.281999588012695,9.447999954223633,18.06999969482422,28.799999237060547,32.70000076293945
2017-09-13,14.6899995803833,9.930000305175781,17.43000030517578,10.515335083007812,17.93400001525879,9.350000381469727,18.149999618530273,28.56999969482422,32.70000076293945
2017-09-14,14.6899995803833,9.899999618530273,17.540000915527344,10.523679733276367,17.724000930786133,9.375,18.450000762939453,28.239999771118164,32.54999923706055
2017-09-15,14.779999732971191,10.050000190734863,17.56999969482422,10.640517234802246,17.618000030517578,9.244999885559082,18.3700008392334,28.799999237060547,32.900001525878906
2017-09-18,14.75,9.84000015258789,17.40999984741211,10.590444564819336,17.93600082397461,9.170000076293945,18.360000610351562,28.719999313354492,32.70000076293945
2017-09-19,14.699999809265137,9.670000076293945,17.280000686645508,10.557061195373535,17.398000717163086,9.085000038146973,18.34000015258789,28.649999618530273,32.70000076293945
2017-09-20,14.949999809265137,9.789999961853027,17.3700008392334,10.66555404663086,17.437999725341797,8.996000289916992,18.40999984741211,28.719999313354492,33.150001525878906
2017-09-21,15.020000457763672,9.920000076293945,17.3700008392334,10.698935508728027,17.45599937438965,8.95199966430664,18.389999389648438,28.6299991607666,33.20000076293945
2017-09-22,15.069999694824219,9.789999961853027,17.479999542236328,10.715627670288086,17.607999801635742,8.902999877929688,18.6200008392334,28.950000762939453,33.099998474121094
2017-09-25,15.65999984741211,9.710000038146973,17.520000457763672,10.999374389648438,17.426000595092773,8.982999801635742,18.3799991607666,29.799999237060547,33.20000076293945
2017-09-26,15.489999771118164,9.40999984741211,17.469999313354492,10.907573699951172,17.513999938964844,8.850000381469727,18.260000228881836,29.350000381469727,33.29999923706055
2017-09-27,15.34000015258789,9.329999923706055,17.559999465942383,10.832464218139648,17.757999420166016,8.803000450134277,18.299999237060547,28.75,33.70000076293945
2017-09-28,15.3100004196167,9.380000114440918,17.479999542236328,10.79908275604248,17.808000564575195,8.822999954223633,18.209999084472656,28.809999465942383,33.349998474121094
2017-09-29,15.15999984741211,9.479999542236328,17.639999389648438,10.707281112670898,17.93000030517578,8.723999977111816,18.360000610351562,28.149999618530273,32.900001525878906
2017-10-02,14.989999771118164,9.529999732971191,17.469999313354492,10.590444564819336,17.426000595092773,8.722000122070312,18.139999389648438,27.670000076293945,32.70000076293945
2017-10-03,14.970000267028809,9.420000076293945,17.360000610351562,10.582099914550781,17.56399917602539,8.704999923706055,18.149999618530273,27.809999465942383,32.75
2017-10-04,14.90999984741211,9.479999542236328,17.299999237060547,10.607135772705078,17.691999435424805,8.743000030517578,18.149999618530273,28.09000015258789,32.45000076293945
2017-10-05,15.25,9.569999694824219,17.3700008392334,10.774045944213867,17.989999771118164,8.725000381469727,18.3799991607666,28.81999969482422,32.45000076293945
2017-10-06,14.859999656677246,9.350000381469727,17.40999984741211,10.506991386413574,17.631999969482422,8.729999542236328,18.450000762939453,27.719999313354492,32.650001525878906
2017-10-09,14.880000114440918,9.380000114440918,17.389999389648438,10.4902982711792,17.743999481201172,8.770000457763672,18.280000686645508,27.649999618530273,32.25
2017-10-10,15.130000114440918,9.449999809265137,17.34000015258789,10.707281112670898,17.88599967956543,8.911999702453613,18.329999923706055,28.329999923706055,32.099998474121094
2017-10-11,15.210000038146973,9.489999771118164,17.200000762939453,10.757355690002441,18.371999740600586,8.907999992370605,18.299999237060547,28.59000015258789,31.899999618530273
2017-10-12,15.0600004196167,9.550000190734863,17.360000610351562,10.66555404663086,18.601999282836914,8.958999633789062,18.780000686645508,28.139999389648438,31.700000762939453
2017-10-13,15.279999732971191,9.569999694824219,17.510000228881836,10.824119567871094,18.898000717163086,9.02400016784668,18.8700008392334,28.84000015258789,32.400001525878906
2017-10-16,15.479999542236328,9.420000076293945,17.440000534057617,10.907573699951172,18.639999389648438,8.883000373840332,18.709999084472656,28.799999237060547,32.099998474121094
2017-10-17,15.550000190734863,9.399999618530273,17.399999618530273,10.932609558105469,18.736000061035156,8.928000450134277,18.639999389648438,29.079999923706055,32.04999923706055
2017-10-18,15.5600004196167,9.390000343322754,17.329999923706055,10.96599292755127,18.304000854492188,8.800000190734863,18.600000381469727,29.290000915527344,31.799999237060547
2017-10-19,15.3100004196167,9.460000038146973,17.34000015258789,10.849154472351074,18.371999740600586,8.824999809265137,18.65999984741211,29.0,31.950000762939453
2017-10-20,15.510000228881836,9.300000190734863,17.190000534057617,10.999374389648438,18.625999450683594,8.829000473022461,18.489999771118164,29.649999618530273,31.5
2017-10-23,15.390000343322754,9.279999732971191,17.469999313354492,10.94095516204834,18.302000045776367,8.854000091552734,18.530000686645508,29.420000076293945,32.099998474121094
2017-10-24,15.640000343322754,9.430000305175781,17.520000457763672,11.116211891174316,18.45400047302246,8.824999809265137,18.479999542236328,30.149999618530273,32.20000076293945
2017-10-25,15.649999618530273,9.399999618530273,17.459999084472656,11.124557495117188,18.371999740600586,8.821000099182129,18.450000762939453,30.360000610351562,32.04999923706055
2017-10-26,15.899999618530273,9.399999618530273,17.40999984741211,11.208011627197266,18.59600067138672,8.762999534606934,18.389999389648438,30.6200008392334,31.799999237060547
2017-10-27,16.149999618530273,9.59000015258789,17.34000015258789,11.349884986877441,18.559999465942383,8.75,18.469999313354492,30.93000030517578,31.5
2017-10-30,16.270000457763672,9.649999618530273,17.350000381469727,11.399957656860352,18.48200035095215,8.779000282287598,18.43000030517578,30.829999923706055,31.350000381469727
2017-10-31,16.350000381469727,9.75,17.209999084472656,11.44168472290039,18.761999130249023,8.770999908447266,18.440000534057617,31.139999389648438,31.0
2017-11-01,16.260000228881836,9.649999618530273,17.290000915527344,11.424994468688965,19.149999618530273,8.909000396728516,18.549999237060547,31.3799991607666,30.899999618530273
2017-11-02,16.34000015258789,9.510000228881836,17.399999618530273,11.51679515838623,19.003999710083008,8.829999923706055,18.670000076293945,32.119998931884766,31.450000762939453
2017-11-03,16.709999084472656,9.489999771118164,17.31999969482422,11.675360679626465,19.06399917602539,8.78499984741211,18.450000762939453,32.2400016784668,31.399999618530273
2017-11-06,17.280000686645508,9.630000114440918,17.270000457763672,12.009181022644043,19.083999633789062,8.906000137329102,18.600000381469727,32.900001525878906,31.600000381469727
2017-11-07,17.1299991607666,9.6899995803833,17.270000457763672,11.967453956604004,19.013999938964844,8.803999900817871,18.639999389648438,32.75,31.450000762939453
2017-11-08,17.059999465942383,9.6899995803833,17.229999542236328,11.925724983215332,19.368000030517578,8.880000114440918,18.670000076293945,32.83000183105469,31.299999237060547
2017-11-09,17.15999984741211,9.779999732971191,17.0,11.975799560546875,19.323999404907227,8.947999954223633,18.459999084472656,32.66999816894531,31.25
2017-11-10,17.100000381469727,9.819999694824219,17.040000915527344,11.967453956604004,19.035999298095703,8.861000061035156,18.459999084472656,32.939998626708984,31.450000762939453
2017-11-13,16.959999084472656,9.800000190734863,16.959999084472656,11.883997917175293,18.86199951171875,8.89799976348877,18.239999771118164,32.150001525878906,31.149999618530273
2017-11-14,16.639999389648438,9.779999732971191,16.780000686645508,11.667014122009277,18.826000213623047,8.833999633789062,18.149999618530273,31.59000015258789,31.25
2017-11-15,16.6299991607666,9.850000381469727,16.809999465942383,11.650323867797852,18.809999465942383,8.895999908447266,18.270000457763672,31.239999771118164,31.0
2017-11-16,16.5,9.899999618530273,16.690000534057617,11.56686782836914,18.8799991607666,8.897000312805176,18.239999771118164,30.84000015258789,30.799999237060547
2017-11-17,16.84000015258789,9.899999618530273,16.969999313354492,11.80888843536377,19.027999877929688,9.079999923706055,18.549999237060547,31.420000076293945,31.149999618530273
2017-11-20,16.709999084472656,9.8100004196167,17.010000228881836,11.733778953552246,18.937999725341797,8.821000099182129,18.5,31.229999542236328,30.799999237060547
2017-11-21,16.799999237060547,9.739999771118164,16.979999542236328,11.800542831420898,19.11199951171875,8.894000053405762,18.479999542236328,31.75,31.0
2017-11-22,16.979999542236328,9.890000343322754,17.030000686645508,11.850616455078125,19.197999954223633,8.96500015258789,18.6299991607666,31.709999084472656,31.0
2017-11-24,17.079999923706055,9.930000305175781,16.93000030517578,11.93407154083252,19.030000686645508,8.97599983215332,18.549999237060547,32.16999816894531,30.600000381469727
2017-11-27,17.06999969482422,10.0,16.829999923706055,11.917379379272461,19.211999893188477,9.034000396728516,18.610000610351562,32.16999816894531,30.25
2017-11-28,17.030000686645508,9.819999694824219,16.719999313354492,11.892343521118164,19.631999969482422,9.050999641418457,18.59000015258789,31.799999237060547,30.149999618530273
2017-11-29,16.8799991607666,9.819999694824219,16.920000076293945,11.775506019592285,19.357999801635742,8.968000411987305,18.559999465942383,31.280000686645508,30.5
2017-11-30,16.8799991607666,9.819999694824219,16.989999771118164,11.725433349609375,19.242000579833984,8.994999885559082,18.469999313354492,31.229999542236328,30.450000762939453
2017-12-01,17.18000030517578,9.779999732971191,17.079999923706055,11.86730670928955,19.488000869750977,8.96500015258789,18.600000381469727,31.299999237060547,30.850000381469727
2017-12-04,16.829999923706055,9.84000015258789,16.8799991607666,11.650323867797852,18.941999435424805,8.83899974822998,18.709999084472656,30.559999465942383,30.450000762939453
2017-12-05,16.969999313354492,9.670000076293945,16.90999984741211,11.717087745666504,18.775999069213867,8.741000175476074,18.8700008392334,30.950000762939453,30.5
2017-12-06,16.510000228881836,9.470000267028809,16.829999923706055,11.45837688446045,18.969999313354492,8.612000465393066,18.780000686645508,30.06999969482422,30.049999237060547
2017-12-07,16.729999542236328,9.34000015258789,16.809999465942383,11.558524131774902,19.3700008392334,8.538000106811523,18.559999465942383,30.6299991607666,29.850000381469727
2017-12-08,17.100000381469727,9.199999809265137,16.84000015258789,11.692049980163574,19.214000701904297,8.475000381469727,18.510000228881836,30.950000762939453,29.600000381469727
2017-12-11,17.43000030517578,9.100000381469727,16.700000762939453,11.792198181152344,19.281999588012695,8.475000381469727,18.399999618530273,31.110000610351562,29.25
2017-12-12,17.139999389648438,9.010000228881836,16.649999618530273,11.625287055969238,19.341999053955078,8.395999908447266,18.34000015258789,30.600000381469727,29.049999237060547
2017-12-13,16.850000381469727,8.9399995803833,16.68000030517578,11.450031280517578,19.413999557495117,8.468000411987305,18.329999923706055,29.780000686645508,29.350000381469727
2017-12-14,17.09000015258789,8.899999618530273,16.670000076293945,11.558524131774902,19.74799919128418,8.42199993133545,18.15999984741211,30.190000534057617,29.5
2017-12-15,17.040000915527344,8.880000114440918,16.56999969482422,11.50844955444336,19.555999755859375,8.517999649047852,18.139999389648438,29.8700008392334,29.450000762939453
2017-12-18,17.06999969482422,9.0,16.579999923706055,11.56686782836914,19.444000244140625,8.677000045776367,18.020000457763672,30.110000610351562,29.5
2017-12-19,17.229999542236328,9.300000190734863,16.6200008392334,11.675360679626465,19.576000213623047,8.720000267028809,17.90999984741211,30.489999771118164,29.549999237060547
2017-12-20,17.420000076293945,9.430000305175781,16.670000076293945,11.725433349609375,19.621999740600586,8.758999824523926,17.899999618530273,31.110000610351562,29.700000762939453
2017-12-21,17.479999542236328,9.5600004196167,16.760000228881836,11.7421236038208,19.81599998474121,8.734999656677246,17.790000915527344,31.209999084472656,29.799999237060547
2017-12-22,17.559999465942383,9.520000457763672,16.809999465942383,11.800542831420898,19.84600067138672,8.75,17.81999969482422,31.309999465942383,29.700000762939453
2017-12-26,18.0,9.619999885559082,16.799999237060547,12.050907135009766,20.040000915527344,8.789999961853027,17.979999542236328,31.850000381469727,29.649999618530273
2017-12-27,17.920000076293945,9.670000076293945,16.860000610351562,12.042562484741211,20.29400062561035,8.776000022888184,17.90999984741211,31.93000030517578,29.899999618530273
2017-12-28,18.0,9.720000267028809,16.770000457763672,12.109326362609863,20.42799949645996,8.829000473022461,17.760000228881836,32.0,30.0
2017-12-29,18.100000381469727,9.779999732971191,16.770000457763672,12.126016616821289,20.309999465942383,8.847000122070312,17.8799991607666,31.850000381469727,30.0
2018-01-02,18.100000381469727,9.890000343322754,16.850000381469727,12.151053428649902,20.889999389648438,9.005000114440918,17.950000762939453,31.399999618530273,30.399999618530273
2018-01-03,18.450000762939453,9.9399995803833,16.84000015258789,12.33465576171875,20.68600082397461,9.130000114440918,18.020000457763672,32.040000915527344,30.450000762939453
2018-01-04,18.479999542236328,9.859999656677246,16.780000686645508,12.317963600158691,20.974000930786133,9.196000099182129,17.959999084472656,32.16999816894531,30.350000381469727
2018-01-05,18.420000076293945,9.829999923706055,16.760000228881836,12.276235580444336,20.8799991607666,9.23900032043457,18.010000228881836,31.93000030517578,30.100000381469727
2018-01-08,18.459999084472656,9.649999618530273,16.579999923706055,12.30127239227295,21.0,9.27400016784668,17.8799991607666,32.06999969482422,30.0
2018-01-09,18.700000762939453,9.720000267028809,16.670000076293945,12.48487377166748,21.059999465942383,9.210000038146973,17.90999984741211,32.70000076293945,30.299999237060547
2018-01-10,18.790000915527344,9.640000343322754,16.690000534057617,12.501564979553223,20.70199966430664,9.253000259399414,17.709999084472656,32.720001220703125,30.549999237060547
2018-01-11,18.809999465942383,9.399999618530273,16.700000762939453,12.52660083770752,20.700000762939453,9.375,17.649999618530273,32.72999954223633,30.399999618530273
2018-01-12,18.969999313354492,9.449999809265137,16.610000610351562,12.635093688964844,21.426000595092773,9.480999946594238,17.829999923706055,32.91999816894531,29.600000381469727
2018-01-16,18.84000015258789,9.119999885559082,16.670000076293945,12.5850191116333,20.947999954223633,9.522000312805176,18.0,32.79999923706055,29.399999618530273
2018-01-17,18.829999923706055,9.029999732971191,16.81999969482422,12.60171127319336,21.336000442504883,9.529999732971191,18.020000457763672,33.15999984741211,29.75
2018-01-18,18.809999465942383,8.859999656677246,16.780000686645508,12.618402481079102,21.04199981689453,9.532999992370605,18.09000015258789,33.41999816894531,29.950000762939453
2018-01-19,18.709999084472656,8.920000076293945,16.809999465942383,12.551639556884766,21.086000442504883,9.652000427246094,18.139999389648438,33.11000061035156,29.850000381469727
2018-01-22,18.81999969482422,8.899999618530273,16.790000915527344,12.618402481079102,20.95800018310547,9.489999771118164,18.25,33.439998626708984,29.950000762939453
2018-01-23,19.06999969482422,8.90999984741211,16.799999237060547,12.760275840759277,20.892000198364258,9.581999778747559,18.299999237060547,33.900001525878906,29.700000762939453
2018-01-24,19.239999771118164,8.90999984741211,16.959999084472656,12.877113342285156,21.26799964904785,9.680999755859375,18.3799991607666,34.06999969482422,30.350000381469727
2018-01-25,19.059999465942383,8.989999771118164,16.959999084472656,12.785311698913574,20.926000595092773,9.663000106811523,18.360000610351562,33.709999084472656,30.399999618530273
2018-01-26,19.149999618530273,9.020000457763672,16.979999542236328,12.877113342285156,20.81800079345703,9.64799976348877,18.270000457763672,34.13999938964844,30.899999618530273
2018-01-29,18.889999389648438,9.149999618530273,17.059999465942383,12.802003860473633,20.72599983215332,9.590999603271484,18.389999389648438,33.90999984741211,31.399999618530273
2018-01-30,18.700000762939453,9.220000267028809,17.1299991607666,12.643438339233398,20.148000717163086,9.470999717712402,18.510000228881836,33.08000183105469,32.099998474121094
2018-01-31,18.84000015258789,8.979999542236328,17.149999618530273,12.685166358947754,19.604000091552734,9.53499984741211,18.469999313354492,33.619998931884766,31.600000381469727
2018-02-01,19.100000381469727,9.039999961853027,17.139999389648438,12.810349464416504,19.804000854492188,9.593000411987305,18.290000915527344,33.72999954223633,31.549999237060547
2018-02-02,18.700000762939453,9.079999923706055,17.110000610351562,12.576675415039062,19.9060001373291,9.414999961853027,18.139999389648438,33.27000045776367,31.25
2018-02-05,18.40999984741211,9.119999885559082,16.979999542236328,12.401419639587402,19.59600067138672,9.432999610900879,17.979999542236328,32.560001373291016,30.950000762939453
2018-02-06,18.299999237060547,9.1899995803833,17.190000534057617,12.276235580444336,19.27400016784668,9.413000106811523,18.31999969482422,32.040000915527344,31.350000381469727
2018-02-07,17.899999618530273,9.25,17.25,12.03421688079834,18.77199935913086,9.331000328063965,18.25,31.34000015258789,32.20000076293945
2018-02-08,17.530000686645508,9.029999732971191,17.229999542236328,11.858962059020996,18.299999237060547,9.270000457763672,18.270000457763672,30.979999542236328,31.850000381469727
2018-02-09,17.170000076293945,9.039999961853027,17.149999618530273,11.600250244140625,18.624000549316406,9.175999641418457,18.18000030517578,30.260000228881836,31.350000381469727
2018-02-12,17.149999618530273,9.0600004196167,17.360000610351562,11.608595848083496,18.809999465942383,9.255000114440918,18.489999771118164,29.75,32.349998474121094
2018-02-13,17.18000030517578,8.920000076293945,17.309999465942383,11.625287055969238,18.836000442504883,9.276000022888184,18.68000030517578,29.920000076293945,32.25
2018-02-14,17.600000381469727,8.850000381469727,17.31999969482422,11.825579643249512,19.1299991607666,9.510000228881836,18.729999542236328,30.440000534057617,31.950000762939453
2018-02-15,17.639999389648438,8.899999618530273,17.40999984741211,11.842269897460938,19.43400001525879,9.550000190734863,18.8700008392334,30.75,32.349998474121094
2018-02-16,17.760000228881836,8.800000190734863,17.350000381469727,11.950761795043945,19.969999313354492,9.57699966430664,18.809999465942383,30.969999313354492,32.150001525878906
2018-02-20,17.829999923706055,8.800000190734863,17.290000915527344,12.059253692626953,19.714000701904297,9.524999618530273,18.84000015258789,30.959999084472656,31.600000381469727
2018-02-21,17.770000457763672,8.829999923706055,17.31999969482422,12.050907135009766,19.459999084472656,9.42199993133545,18.989999771118164,31.010000228881836,31.350000381469727
2018-02-22,18.1200008392334,8.970000267028809,17.350000381469727,12.20947265625,19.799999237060547,9.494000434875488,18.93000030517578,31.43000030517578,31.700000762939453
2018-02-23,18.420000076293945,8.9399995803833,17.350000381469727,12.38472843170166,19.944000244140625,9.482000350952148,19.010000228881836,31.920000076293945,31.649999618530273
2018-02-26,18.520000457763672,8.850000381469727,17.459999084472656,12.43480110168457,20.260000228881836,9.51200008392334,18.969999313354492,32.150001525878906,32.349998474121094
2018-02-27,18.260000228881836,8.5600004196167,17.520000457763672,12.33465576171875,19.790000915527344,9.359999656677246,19.049999237060547,31.81999969482422,32.54999923706055
2018-02-28,17.75,8.819999694824219,17.610000610351562,12.025870323181152,19.884000778198242,9.352999687194824,19.1200008392334,30.889999389648438,33.349998474121094
2018-03-01,17.670000076293945,8.979999542236328,17.84000015258789,11.984142303466797,18.81999969482422,9.196999549865723,19.309999465942383,30.440000534057617,34.900001525878906
2018-03-02,17.739999771118164,8.920000076293945,17.760000228881836,11.992488861083984,18.937999725341797,9.199999809265137,19.329999923706055,30.579999923706055,33.900001525878906
2018-03-05,18.010000228881836,9.020000457763672,17.860000610351562,12.126016616821289,18.72599983215332,9.151000022888184,19.450000762939453,31.049999237060547,34.45000076293945
2018-03-06,18.059999465942383,8.960000038146973,17.8799991607666,12.176091194152832,18.770000457763672,9.220000267028809,19.420000076293945,30.959999084472656,34.29999923706055
2018-03-07,17.75,8.59000015258789,17.850000381469727,12.067599296569824,18.496000289916992,9.0649995803833,19.25,30.809999465942383,33.900001525878906
2018-03-08,17.559999465942383,8.640000343322754,18.100000381469727,11.950761795043945,18.56399917602539,9.060999870300293,19.229999542236328,30.110000610351562,34.0
2018-03-09,18.020000457763672,8.619999885559082,17.969999313354492,12.13436222076416,18.947999954223633,9.17300033569336,18.920000076293945,30.43000030517578,33.349998474121094
2018-03-12,17.860000610351562,8.619999885559082,17.989999771118164,12.126016616821289,18.610000610351562,9.175000190734863,19.0,30.420000076293945,33.400001525878906
2018-03-13,17.75,8.529999732971191,18.049999237060547,12.059253692626953,18.850000381469727,9.189000129699707,19.1299991607666,30.18000030517578,33.20000076293945
2018-03-14,17.799999237060547,8.579999923706055,17.959999084472656,12.117671966552734,18.826000213623047,9.161999702453613,18.799999237060547,30.84000015258789,33.29999923706055
2018-03-15,17.889999389648438,8.539999961853027,17.860000610351562,12.117671966552734,18.826000213623047,9.07699966430664,18.93000030517578,30.81999969482422,32.70000076293945
2018-03-16,18.170000076293945,8.5,17.690000534057617,12.25954532623291,18.923999786376953,9.038000106811523,19.010000228881836,31.200000762939453,31.950000762939453
2018-03-19,18.18000030517578,8.579999923706055,17.40999984741211,12.192780494689941,18.81800079345703,9.071999549865723,18.690000534057617,30.959999084472656,31.0
2018-03-20,18.489999771118164,8.40999984741211,17.360000610351562,12.38472843170166,18.68600082397461,8.982000350952148,18.75,31.540000915527344,30.950000762939453
2018-03-21,19.09000015258789,8.5,17.34000015258789,12.701857566833496,18.83799934387207,9.131999969482422,18.780000686645508,32.279998779296875,31.100000381469727
2018-03-22,18.84000015258789,8.529999732971191,17.420000076293945,12.576675415039062,18.742000579833984,9.043000221252441,18.799999237060547,32.189998626708984,31.200000762939453
2018-03-23,19.260000228881836,8.430000305175781,17.440000534057617,12.77696704864502,18.558000564575195,9.02400016784668,18.739999771118164,32.56999969482422,31.399999618530273
2018-03-26,19.15999984741211,8.420000076293945,17.3700008392334,12.75192928314209,18.554000854492188,9.067000389099121,18.780000686645508,32.20000076293945,31.200000762939453
2018-03-27,19.030000686645508,8.399999618530273,17.34000015258789,12.710201263427734,18.483999252319336,8.979999542236328,18.610000610351562,32.060001373291016,30.75
2018-03-28,19.020000457763672,8.270000457763672,17.31999969482422,12.685166358947754,18.389999389648438,8.914999961853027,18.600000381469727,32.310001373291016,30.649999618530273
2018-03-29,19.139999389648438,8.3100004196167,17.959999084472656,12.743584632873535,18.106000900268555,8.864999771118164,19.049999237060547,32.29999923706055,31.0
2018-04-02,18.719999313354492,8.34000015258789,17.959999084472656,12.459837913513184,17.805999755859375,8.899999618530273,18.940000534057617,31.450000762939453,30.75
2018-04-03,18.799999237060547,8.359999656677246,18.0,12.55998420715332,17.746000289916992,8.821000099182129,18.920000076293945,31.549999237060547,31.200000762939453
2018-04-04,18.84000015258789,8.260000228881836,17.65999984741211,12.568328857421875,17.649999618530273,8.72700023651123,18.579999923706055,31.479999542236328,31.149999618530273
2018-04-05,18.8799991607666,8.289999961853027,18.079999923706055,12.5850191116333,17.239999771118164,8.682999610900879,18.81999969482422,31.559999465942383,31.549999237060547
2018-04-06,18.5,8.1899995803833,18.030000686645508,12.401419639587402,17.170000076293945,8.71500015258789,18.84000015258789,31.09000015258789,32.099998474121094
2018-04-09,18.920000076293945,8.199999809265137,18.139999389648438,12.593365669250488,17.714000701904297,8.880000114440918,19.010000228881836,31.68000030517578,33.29999923706055
2018-04-10,19.639999389648438,8.050000190734863,18.100000381469727,12.885457992553711,18.128000259399414,8.852999687194824,19.079999923706055,32.59000015258789,33.349998474121094
2018-04-11,19.860000610351562,8.029999732971191,17.969999313354492,13.060713768005371,18.3439998626709,8.87399959564209,19.0,32.91999816894531,33.20000076293945
2018-04-12,19.889999389648438,8.039999961853027,18.059999465942383,13.0523681640625,18.357999801635742,8.84000015258789,19.1200008392334,32.81999969482422,32.95000076293945
2018-04-13,19.989999771118164,8.0600004196167,17.8799991607666,13.0857515335083,18.766000747680664,8.854000091552734,19.059999465942383,32.93000030517578,32.45000076293945
2018-04-16,19.739999771118164,8.020000457763672,17.760000228881836,13.00229549407959,19.124000549316406,8.833999633789062,18.940000534057617,32.63999938964844,31.75
2018-04-17,19.739999771118164,7.840000152587891,17.700000762939453,12.993949890136719,19.302000045776367,8.911999702453613,18.950000762939453,32.59000015258789,31.75
2018-04-18,20.3700008392334,7.880000114440918,17.780000686645508,13.261006355285645,19.739999771118164,8.958000183105469,18.969999313354492,33.130001068115234,32.29999923706055
2018-04-19,20.31999969482422,7.929999828338623,17.780000686645508,13.235969543457031,19.672000885009766,8.904999732971191,18.969999313354492,33.119998931884766,32.400001525878906
2018-04-20,20.350000381469727,7.880000114440918,17.559999465942383,13.252660751342773,19.621999740600586,8.821000099182129,18.8799991607666,33.36000061035156,31.600000381469727
2018-04-23,20.690000534057617,7.570000171661377,17.6200008392334,13.427915573120117,18.711999893188477,8.770000457763672,18.729999542236328,34.040000915527344,31.399999618530273
2018-04-24,20.3799991607666,7.539999961853027,17.739999771118164,13.27769660949707,18.552000045776367,8.868000030517578,18.739999771118164,33.400001525878906,31.899999618530273
2018-04-25,20.3799991607666,7.420000076293945,17.950000762939453,13.302733421325684,18.56399917602539,8.666999816894531,18.780000686645508,33.380001068115234,32.75
2018-04-26,20.59000015258789,7.599999904632568,17.959999084472656,13.39453411102295,18.77400016784668,8.642999649047852,18.760000228881836,33.75,32.25
2018-04-27,20.5,7.670000076293945,18.1200008392334,13.344460487365723,18.51799964904785,8.696999549865723,18.950000762939453,33.81999969482422,32.900001525878906
2018-04-30,20.75,7.670000076293945,18.190000534057617,13.436261177062988,18.399999618530273,8.597999572753906,18.899999618530273,33.900001525878906,33.599998474121094
2018-05-01,20.399999618530273,7.739999771118164,18.3799991607666,13.261006355285645,17.97599983215332,8.503000259399414,19.0,33.29999923706055,34.70000076293945
2018-05-02,20.360000610351562,7.670000076293945,18.3799991607666,13.269351959228516,18.302000045776367,8.517999649047852,18.8799991607666,33.04999923706055,34.54999923706055
2018-05-03,20.540000915527344,7.710000038146973,18.479999542236328,13.35280704498291,18.302000045776367,8.583000183105469,18.979999542236328,33.369998931884766,35.20000076293945
2018-05-04,20.8799991607666,7.619999885559082,18.420000076293945,13.561444282531738,18.43400001525879,8.64799976348877,18.799999237060547,33.70000076293945,34.400001525878906
2018-05-07,20.979999542236328,7.559999942779541,18.149999618530273,13.64490032196045,18.47800064086914,8.661999702453613,18.440000534057617,33.75,33.650001525878906
2018-05-08,21.059999465942383,7.650000095367432,18.31999969482422,13.636553764343262,18.507999420166016,8.689000129699707,18.540000915527344,33.869998931884766,34.0
2018-05-09,21.520000457763672,7.550000190734863,18.280000686645508,13.878571510314941,18.597999572753906,8.690999984741211,18.479999542236328,34.619998931884766,33.650001525878906
2018-05-10,21.540000915527344,7.510000228881836,18.18000030517578,13.978720664978027,19.013999938964844,8.802000045776367,18.59000015258789,34.90999984741211,33.45000076293945
2018-05-11,21.459999084472656,7.460000038146973,18.059999465942383,13.953681945800781,18.868000030517578,8.777000427246094,18.309999465942383,34.779998779296875,32.900001525878906
2018-05-14,21.84000015258789,7.449999809265137,18.06999969482422,14.112247467041016,18.98200035095215,8.66100025177002,18.420000076293945,35.15999984741211,32.54999923706055
2018-05-15,21.790000915527344,7.53000020980835,18.229999542236328,14.128938674926758,18.687999725341797,8.538999557495117,18.399999618530273,35.15999984741211,32.650001525878906
2018-05-16,22.079999923706055,7.550000190734863,18.110000610351562,14.279158592224121,18.777999877929688,8.47700023651123,18.25,35.91999816894531,32.650001525878906
2018-05-17,22.1299991607666,7.510000228881836,17.989999771118164,14.320884704589844,18.597999572753906,8.475000381469727,18.139999389648438,35.83000183105469,32.79999923706055
2018-05-18,21.920000076293945,7.550000190734863,18.209999084472656,14.262467384338379,18.40399932861328,8.425000190734863,18.149999618530273,35.599998474121094,34.0
2018-05-21,22.139999389648438,7.699999809265137,18.280000686645508,14.387648582458496,18.86400032043457,8.548999786376953,18.579999923706055,36.029998779296875,33.599998474121094
2018-05-22,22.139999389648438,7.800000190734863,18.360000610351562,14.404340744018555,18.86400032043457,8.628999710083008,18.65999984741211,36.029998779296875,34.20000076293945
2018-05-23,22.219999313354492,7.889999866485596,18.469999313354492,14.429376602172852,18.607999801635742,8.600000381469727,18.860000610351562,35.93000030517578,34.75
2018-05-24,21.959999084472656,7.880000114440918,18.34000015258789,14.279158592224121,18.558000564575195,8.664999961853027,18.799999237060547,35.58000183105469,34.650001525878906
2018-05-25,21.280000686645508,7.949999809265137,18.450000762939453,13.895263671875,18.6299991607666,8.562000274658203,18.8700008392334,34.599998474121094,35.29999923706055
2018-05-29,21.030000686645508,7.889999866485596,18.200000762939453,13.745044708251953,18.577999114990234,8.62600040435791,18.780000686645508,34.15999984741211,35.0
2018-05-30,21.709999084472656,7.929999828338623,17.979999542236328,14.05383014678955,18.753999710083008,8.64900016784668,18.6299991607666,34.93000030517578,34.20000076293945
2018-05-31,21.6299991607666,8.0600004196167,18.030000686645508,13.987065315246582,18.805999755859375,8.626999855041504,18.6299991607666,34.529998779296875,34.29999923706055
2018-06-01,21.329999923706055,7.920000076293945,17.940000534057617,13.828499794006348,19.076000213623047,8.58899974822998,18.799999237060547,34.13999938964844,34.29999923706055
2018-06-04,20.989999771118164,7.639999866485596,17.549999237060547,13.703316688537598,18.91200065612793,8.5600004196167,18.440000534057617,33.90999984741211,33.5
2018-06-05,20.8700008392334,7.730000019073486,17.670000076293945,13.636553764343262,18.8799991607666,8.567000389099121,18.450000762939453,33.59000015258789,33.70000076293945
2018-06-06,21.139999389648438,7.760000228881836,17.530000686645508,13.661589622497559,19.384000778198242,8.605999946594238,18.3700008392334,33.220001220703125,34.349998474121094
2018-06-07,21.520000457763672,7.539999961853027,17.479999542236328,13.895263671875,19.239999771118164,8.552000045776367,18.06999969482422,33.880001068115234,34.599998474121094
2018-06-08,21.290000915527344,7.730000019073486,17.489999771118164,13.811808586120605,19.263999938964844,8.612000465393066,18.020000457763672,33.79999923706055,34.29999923706055
2018-06-11,21.280000686645508,7.809999942779541,17.06999969482422,13.820154190063477,19.444000244140625,8.604000091552734,17.719999313354492,33.58000183105469,33.95000076293945
2018-06-12,21.1200008392334,7.78000020980835,17.459999084472656,13.770081520080566,19.399999618530273,8.545000076293945,17.799999237060547,33.36000061035156,35.04999923706055
2018-06-13,21.360000610351562,7.809999942779541,17.399999618530273,13.903609275817871,19.288000106811523,8.59000015258789,17.5,33.95000076293945,34.04999923706055
2018-06-14,21.15999984741211,7.730000019073486,16.950000762939453,13.770081520080566,19.195999145507812,8.61299991607666,17.360000610351562,33.439998626708984,33.20000076293945
2018-06-15,20.43000030517578,7.630000114440918,16.8700008392334,13.369497299194336,18.84600067138672,8.446999549865723,17.0,32.369998931884766,32.849998474121094
2018-06-18,20.969999313354492,7.610000133514404,16.649999618530273,13.611515998840332,18.836000442504883,8.399999618530273,17.040000915527344,32.79999923706055,32.150001525878906
2018-06-19,20.93000030517578,7.559999942779541,16.600000381469727,13.536407470703125,18.426000595092773,8.251999855041504,16.75,32.630001068115234,31.549999237060547
2018-06-20,20.719999313354492,7.53000020980835,16.6299991607666,13.486332893371582,18.326000213623047,8.28499984741211,16.760000228881836,32.29999923706055,31.899999618530273
2018-06-21,20.399999618530273,7.550000190734863,16.75,13.327770233154297,18.040000915527344,8.208000183105469,16.600000381469727,32.04999923706055,32.25
2018-06-22,21.15999984741211,7.619999885559082,16.709999084472656,13.736698150634766,18.190000534057617,8.319000244140625,16.84000015258789,33.029998779296875,32.04999923706055
2018-06-25,20.899999618530273,7.599999904632568,16.40999984741211,13.636553764343262,17.899999618530273,8.241999626159668,16.489999771118164,32.7400016784668,31.399999618530273
2018-06-26,21.3700008392334,7.679999828338623,16.520000457763672,13.861883163452148,18.257999420166016,8.246000289916992,16.3700008392334,33.06999969482422,30.950000762939453
2018-06-27,21.6200008392334,7.46999979019165,16.5,14.037137031555176,18.06800079345703,8.140000343322754,16.3799991607666,33.77000045776367,31.100000381469727
2018-06-28,21.709999084472656,7.550000190734863,16.209999084472656,14.062174797058105,17.941999435424805,8.079000473022461,16.31999969482422,33.900001525878906,30.799999237060547
2018-06-29,22.18000030517578,7.579999923706055,16.440000534057617,14.254120826721191,18.1200008392334,8.11400032043457,16.239999771118164,34.5099983215332,31.899999618530273
2018-07-02,21.65999984741211,7.289999961853027,16.010000228881836,13.978720664978027,17.959999084472656,7.765999794006348,16.100000381469727,33.83000183105469,30.649999618530273
2018-07-03,21.639999389648438,7.199999809265137,16.190000534057617,13.945335388183594,17.88599967956543,7.994999885559082,16.020000457763672,33.779998779296875,31.25
2018-07-05,21.780000686645508,7.190000057220459,16.139999389648438,14.103901863098145,18.058000564575195,8.005000114440918,15.84000015258789,34.29999923706055,31.899999618530273
2018-07-06,21.6200008392334,7.230000019073486,16.510000228881836,14.087209701538086,18.073999404907227,8.020999908447266,16.469999313354492,33.90999984741211,32.599998474121094
2018-07-09,21.93000030517578,7.199999809265137,16.290000915527344,14.24577522277832,18.22800064086914,8.08899974822998,16.139999389648438,34.61000061035156,32.29999923706055
2018-07-10,22.1200008392334,7.190000057220459,16.040000915527344,14.295849800109863,17.91200065612793,8.04800033569336,16.1299991607666,34.68000030517578,31.350000381469727
2018-07-11,20.75,7.130000114440918,15.760000228881836,13.686627388000488,17.81999969482422,7.888000011444092,15.729999542236328,33.33000183105469,30.350000381469727
2018-07-12,20.8700008392334,7.03000020980835,15.9399995803833,13.770081520080566,18.06999969482422,8.003999710083008,15.739999771118164,33.29999923706055,30.850000381469727
2018-07-13,21.020000457763672,6.920000076293945,15.770000457763672,13.84519100189209,17.81999969482422,7.894000053405762,15.510000228881836,33.7599983215332,31.399999618530273
2018-07-16,20.15999984741211,7.090000152587891,15.850000381469727,13.344460487365723,17.468000411987305,7.831999778747559,15.739999771118164,32.310001373291016,30.950000762939453
2018-07-17,20.190000534057617,7.03000020980835,16.040000915527344,13.386190414428711,17.36400032043457,7.769999980926514,15.850000381469727,32.4900016784668,31.350000381469727
2018-07-18,20.440000534057617,6.989999771118164,16.049999237060547,13.55309772491455,17.246000289916992,7.7779998779296875,15.880000114440918,32.95000076293945,31.350000381469727
2018-07-19,20.34000015258789,6.940000057220459,16.200000762939453,13.5197172164917,16.558000564575195,7.6620001792907715,15.960000038146973,33.040000915527344,31.850000381469727
2018-07-20,20.450000762939453,7.050000190734863,16.31999969482422,13.586480140686035,16.992000579833984,7.863999843597412,16.020000457763672,33.209999084472656,32.599998474121094
2018-07-23,20.559999465942383,7.039999961853027,16.40999984741211,13.694971084594727,17.3799991607666,7.895999908447266,15.970000267028809,33.560001373291016,32.54999923706055
2018-07-24,20.639999389648438,7.099999904632568,16.239999771118164,13.75339126586914,17.384000778198242,7.918000221252441,16.18000030517578,33.61000061035156,32.400001525878906
2018-07-25,20.8799991607666,7.139999866485596,16.530000686645508,13.920300483703613,17.802000045776367,8.02299976348877,16.350000381469727,34.119998931884766,34.04999923706055
2018-07-26,21.059999465942383,7.079999923706055,16.530000686645508,14.003756523132324,17.658000946044922,7.835000038146973,16.149999618530273,34.529998779296875,33.650001525878906
2018-07-27,20.979999542236328,7.03000020980835,16.56999969482422,13.9286470413208,17.600000381469727,7.900000095367432,16.360000610351562,34.540000915527344,33.400001525878906
2018-07-30,21.1299991607666,6.989999771118164,16.799999237060547,14.028790473937988,17.615999221801758,7.86899995803833,16.489999771118164,34.470001220703125,34.25
2018-07-31,20.81999969482422,6.889999866485596,16.959999084472656,13.820154190063477,17.761999130249023,7.965000152587891,16.860000610351562,33.959999084472656,34.70000076293945
2018-08-01,20.329999923706055,6.820000171661377,16.739999771118164,13.56978988647461,17.444000244140625,7.770999908447266,16.65999984741211,33.34000015258789,35.0
2018-08-02,20.600000381469727,6.860000133514404,16.81999969482422,13.728354454040527,17.3799991607666,7.849999904632568,16.6299991607666,33.72999954223633,35.20000076293945
2018-08-03,20.559999465942383,6.989999771118164,16.950000762939453,13.75339126586914,17.336000442504883,7.906000137329102,16.68000030517578,33.810001373291016,35.150001525878906
2018-08-06,20.649999618530273,7.039999961853027,16.979999542236328,13.79511833190918,17.211999893188477,7.811999797821045,16.520000457763672,33.72999954223633,35.900001525878906
2018-08-07,20.8799991607666,7.050000190734863,16.969999313354492,13.970373153686523,17.253999710083008,7.881999969482422,16.700000762939453,34.310001373291016,35.5
2018-08-08,20.270000457763672,7.0,16.979999542236328,13.611515998840332,17.06800079345703,7.8979997634887695,16.860000610351562,33.0,35.79999923706055
2018-08-09,20.18000030517578,7.059999942779541,16.850000381469727,13.561444282531738,17.170000076293945,7.914999961853027,16.729999542236328,32.66999816894531,35.400001525878906
2018-08-10,20.440000534057617,6.880000114440918,16.420000076293945,13.720009803771973,17.281999588012695,7.875,16.030000686645508,33.310001373291016,34.599998474121094
2018-08-13,20.40999984741211,6.829999923706055,16.399999618530273,13.686627388000488,16.920000076293945,7.616000175476074,16.1299991607666,33.04999923706055,33.79999923706055
2018-08-14,20.3700008392334,6.75,16.65999984741211,13.703316688537598,17.06999969482422,7.618000030517578,16.280000686645508,33.27000045776367,34.150001525878906
2018-08-15,19.829999923706055,6.699999809265137,16.610000610351562,13.386190414428711,16.06399917602539,7.297999858856201,16.1200008392334,32.65999984741211,33.75
2018-08-16,20.0,6.679999828338623,16.780000686645508,13.461297035217285,16.832000732421875,7.4019999504089355,16.649999618530273,32.459999084472656,34.29999923706055
2018-08-17,20.110000610351562,6.630000114440918,16.700000762939453,13.494680404663086,17.299999237060547,7.500999927520752,16.649999618530273,32.29999923706055,35.25
2018-08-20,20.25,6.590000152587891,16.670000076293945,13.55309772491455,17.329999923706055,7.557000160217285,16.549999237060547,32.81999969482422,34.349998474121094
2018-08-21,20.350000381469727,6.659999847412109,16.540000915527344,13.603172302246094,17.36400032043457,7.545000076293945,16.43000030517578,32.790000915527344,33.400001525878906
2018-08-22,20.959999084472656,6.659999847412109,16.260000228881836,13.962028503417969,17.59600067138672,7.552999973297119,16.190000534057617,33.75,33.45000076293945
2018-08-23,21.0,6.590000152587891,16.040000915527344,13.978720664978027,17.408000946044922,7.382999897003174,15.869999885559082,33.63999938964844,33.29999923706055
2018-08-24,21.219999313354492,6.639999866485596,16.09000015258789,14.095555305480957,17.753999710083008,7.501999855041504,15.890000343322754,33.95000076293945,32.75
2018-08-27,21.40999984741211,6.699999809265137,16.020000457763672,14.179010391235352,18.035999298095703,7.625999927520752,15.819999694824219,34.189998626708984,32.150001525878906
2018-08-28,21.31999969482422,6.630000114440918,15.859999656677246,14.095555305480957,17.805999755859375,7.501999855041504,15.600000381469727,33.95000076293945,32.150001525878906
2018-08-29,21.700000762939453,6.619999885559082,15.869999885559082,14.320884704589844,18.277999877929688,7.568999767303467,15.630000114440918,34.459999084472656,33.0
2018-08-30,21.719999313354492,6.710000038146973,15.850000381469727,14.320884704589844,18.384000778198242,7.5269999504089355,15.5,34.47999954223633,32.70000076293945
2018-08-31,21.700000762939453,6.789999961853027,16.200000762939453,14.312538146972656,18.658000946044922,7.46999979019165,15.789999961853027,34.2599983215332,33.349998474121094
2018-09-04,21.719999313354492,6.800000190734863,16.290000915527344,14.262467384338379,18.5939998626709,7.400000095367432,15.760000228881836,34.16999816894531,32.54999923706055
2018-09-05,21.59000015258789,6.929999828338623,16.200000762939453,14.179010391235352,18.488000869750977,7.454999923706055,15.670000076293945,33.77000045776367,32.20000076293945
2018-09-06,21.43000030517578,6.869999885559082,16.219999313354492,14.05383014678955,18.45800018310547,7.506999969482422,15.680000305175781,33.29999923706055,31.700000762939453
2018-09-07,21.530000686645508,6.989999771118164,16.25,14.112247467041016,18.559999465942383,7.421999931335449,15.789999961853027,33.970001220703125,31.5
2018-09-10,21.6299991607666,7.099999904632568,16.280000686645508,14.12059211730957,18.538000106811523,7.451000213623047,15.800000190734863,33.72999954223633,32.5
2018-09-11,22.139999389648438,7.110000133514404,16.239999771118164,14.404340744018555,18.45800018310547,7.480000019073486,15.520000457763672,34.66999816894531,31.850000381469727
2018-09-12,22.270000457763672,7.25,15.779999732971191,14.521178245544434,18.47800064086914,7.589000225067139,15.710000038146973,34.9900016784668,31.299999237060547
2018-09-13,21.899999618530273,7.320000171661377,15.699999809265137,14.312538146972656,18.5939998626709,7.626999855041504,15.619999885559082,34.349998474121094,30.899999618530273
2018-09-14,21.850000381469727,7.0,15.710000038146973,14.237427711486816,18.531999588012695,7.559999942779541,15.550000190734863,33.900001525878906,31.600000381469727
2018-09-17,21.799999237060547,6.889999866485596,15.59000015258789,14.22074031829834,18.711999893188477,7.585999965667725,15.460000038146973,33.959999084472656,31.25
2018-09-18,22.09000015258789,6.809999942779541,15.399999618530273,14.421030044555664,19.18199920654297,7.715000152587891,15.300000190734863,34.45000076293945,31.450000762939453
2018-09-19,22.149999618530273,6.889999866485596,15.5,14.49614143371582,19.65399932861328,7.808000087738037,15.569999694824219,34.72999954223633,31.950000762939453
2018-09-20,22.0,6.860000133514404,15.75,14.404340744018555,19.95199966430664,7.916999816894531,15.850000381469727,34.560001373291016,31.950000762939453
2018-09-21,22.010000228881836,6.909999847412109,15.930000305175781,14.429376602172852,19.950000762939453,7.861000061035156,15.880000114440918,34.56999969482422,32.0
2018-09-24,22.719999313354492,6.679999828338623,16.030000686645508,14.81326961517334,20.079999923706055,7.849999904632568,15.75,35.400001525878906,32.150001525878906
2018-09-25,22.850000381469727,6.630000114440918,16.139999389648438,14.863343238830566,20.118000030517578,7.820000171661377,15.850000381469727,35.5,31.850000381469727
2018-09-26,22.729999542236328,6.5,16.059999465942383,14.779888153076172,20.305999755859375,7.809999942779541,15.920000076293945,35.349998474121094,31.700000762939453
2018-09-27,22.899999618530273,6.53000020980835,16.18000030517578,14.905070304870605,20.534000396728516,7.696000099182129,15.979999542236328,35.779998779296875,31.399999618530273
2018-09-28,23.31999969482422,6.630000114440918,15.869999885559082,15.13039779663086,20.422000885009766,7.736999988555908,15.850000381469727,36.13999938964844,31.25
2018-10-01,23.940000534057617,6.840000152587891,16.229999542236328,15.505945205688477,20.035999298095703,7.813000202178955,16.020000457763672,36.90999984741211,31.399999618530273
2018-10-02,23.809999465942383,7.170000076293945,16.290000915527344,15.46422290802002,19.996000289916992,7.875999927520752,16.200000762939453,36.709999084472656,32.0
2018-10-03,24.209999084472656,7.210000038146973,16.149999618530273,15.639472961425781,20.115999221801758,7.860000133514404,16.1200008392334,36.90999984741211,31.75
2018-10-04,23.84000015258789,7.300000190734863,16.280000686645508,15.43918228149414,20.077999114990234,7.826000213623047,16.100000381469727,36.400001525878906,31.899999618530273
2018-10-05,23.670000076293945,7.400000095367432,16.25,15.3640718460083,20.354000091552734,7.813000202178955,16.25,36.08000183105469,32.099998474121094
2018-10-08,23.6200008392334,7.599999904632568,16.209999084472656,15.339037895202637,20.444000244140625,7.78000020980835,16.219999313354492,36.11000061035156,31.600000381469727
2018-10-09,23.940000534057617,7.619999885559082,16.15999984741211,15.46422290802002,20.368000030517578,7.835999965667725,16.1200008392334,35.939998626708984,31.75
2018-10-10,23.280000686645508,7.539999961853027,16.049999237060547,15.105362892150879,20.275999069213867,7.806000232696533,15.920000076293945,34.91999816894531,31.450000762939453
2018-10-11,22.559999465942383,7.570000171661377,16.329999923706055,14.671396255493164,20.507999420166016,7.9629998207092285,16.030000686645508,33.369998931884766,31.299999237060547
2018-10-12,22.700000762939453,7.679999828338623,16.5,14.76319694519043,20.25,7.947999954223633,16.229999542236328,33.75,31.899999618530273
2018-10-15,22.729999542236328,7.849999904632568,16.6200008392334,14.76319694519043,20.6200008392334,7.993000030517578,16.610000610351562,33.61000061035156,32.150001525878906
2018-10-16,22.899999618530273,7.75,16.549999237060547,14.88838005065918,20.488000869750977,7.982999801635742,16.459999084472656,34.22999954223633,32.150001525878906
2018-10-17,22.6299991607666,7.96999979019165,16.479999542236328,14.654705047607422,20.31999969482422,7.901000022888184,16.489999771118164,33.310001373291016,31.850000381469727
2018-10-18,22.350000381469727,8.029999732971191,16.3799991607666,14.46275806427002,20.375999450683594,7.853000164031982,16.15999984741211,32.79999923706055,31.600000381469727
2018-10-19,22.510000228881836,8.050000190734863,16.219999313354492,14.596285820007324,20.540000915527344,7.885000228881836,15.979999542236328,33.15999984741211,31.549999237060547
2018-10-22,22.579999923706055,8.039999961853027,16.350000381469727,14.62132453918457,21.31999969482422,7.810999870300293,15.989999771118164,33.119998931884766,31.299999237060547
2018-10-23,21.549999237060547,8.039999961853027,16.3799991607666,14.062174797058105,21.757999420166016,7.9039998054504395,16.0,31.790000915527344,31.350000381469727
2018-10-24,21.3799991607666,8.069999694824219,16.290000915527344,13.953681945800781,21.447999954223633,7.875999927520752,15.869999885559082,31.149999618530273,30.899999618530273
2018-10-25,21.649999618530273,8.010000228881836,16.049999237060547,14.103901863098145,20.923999786376953,7.853000164031982,15.75,31.290000915527344,30.149999618530273
2018-10-26,22.020000457763672,7.940000057220459,16.329999923706055,14.237427711486816,20.968000411987305,7.9079999923706055,15.779999732971191,31.489999771118164,31.100000381469727
2018-10-29,21.729999542236328,7.820000171661377,16.280000686645508,14.07051944732666,20.672000885009766,7.9079999923706055,15.6899995803833,31.360000610351562,31.149999618530273
2018-10-30,21.530000686645508,7.78000020980835,16.190000534057617,14.003756523132324,20.420000076293945,7.933000087738037,15.59000015258789,31.219999313354492,30.649999618530273
2018-10-31,21.190000534057617,7.659999847412109,16.1200008392334,13.778426170349121,20.516000747680664,7.965000152587891,15.619999885559082,30.309999465942383,30.700000762939453
2018-11-01,20.59000015258789,7.650000095367432,16.209999084472656,13.469643592834473,20.756000518798828,8.15999984741211,16.1200008392334,29.81999969482422,31.0
2018-11-02,20.559999465942383,7.849999904632568,16.389999389648438,13.377843856811523,21.214000701904297,8.25,16.309999465942383,29.469999313354492,31.0
2018-11-05,20.5,7.690000057220459,16.469999313354492,13.369497299194336,21.527999877929688,8.178999900817871,16.229999542236328,29.149999618530273,30.899999618530273
2018-11-06,20.40999984741211,7.599999904632568,16.440000534057617,13.336113929748535,21.149999618530273,8.236000061035156,16.280000686645508,29.34000015258789,31.100000381469727
2018-11-07,20.399999618530273,7.619999885559082,16.399999618530273,13.302733421325684,21.506000518798828,8.276000022888184,16.15999984741211,28.510000228881836,30.950000762939453
2018-11-08,20.0,7.539999961853027,16.459999084472656,13.144169807434082,21.492000579833984,8.190999984741211,16.139999389648438,28.489999771118164,30.75
2018-11-09,19.75,7.5,16.299999237060547,13.010641098022461,21.167999267578125,8.100000381469727,16.280000686645508,28.079999923706055,30.25
2018-11-12,19.59000015258789,7.579999923706055,16.31999969482422,12.91049575805664,20.899999618530273,7.9679999351501465,16.190000534057617,28.010000228881836,31.0
2018-11-13,18.469999313354492,7.400000095367432,16.170000076293945,12.317963600158691,21.06399917602539,7.945000171661377,16.18000030517578,26.68000030517578,30.549999237060547
2018-11-14,18.739999771118164,7.440000057220459,16.18000030517578,12.501564979553223,21.416000366210938,7.914999961853027,16.209999084472656,27.079999923706055,30.399999618530273
2018-11-15,18.81999969482422,7.400000095367432,16.170000076293945,12.401419639587402,22.0,7.9730000495910645,16.309999465942383,26.969999313354492,30.399999618530273
2018-11-16,18.989999771118164,7.409999847412109,16.1200008392334,12.518256187438965,22.356000900268555,8.017000198364258,16.309999465942383,27.399999618530273,30.399999618530273
2018-11-19,18.959999084472656,7.480000019073486,16.020000457763672,12.551639556884766,22.04599952697754,8.085000038146973,16.020000457763672,27.389999389648438,30.0
2018-11-20,17.719999313354492,7.289999961853027,15.979999542236328,11.900688171386719,21.63599967956543,7.97599983215332,16.18000030517578,25.889999389648438,30.100000381469727
2018-11-21,17.979999542236328,7.389999866485596,16.010000228881836,12.009181022644043,21.804000854492188,8.02400016784668,16.209999084472656,26.030000686645508,29.799999237060547
2018-11-23,16.860000610351562,7.289999961853027,15.9399995803833,11.450031280517578,21.31599998474121,7.949999809265137,16.15999984741211,24.450000762939453,29.850000381469727
2018-11-26,17.149999618530273,7.329999923706055,15.8100004196167,11.558524131774902,21.780000686645508,8.005000114440918,15.850000381469727,24.860000610351562,30.200000762939453
2018-11-27,17.149999618530273,7.260000228881836,15.829999923706055,11.550178527832031,21.979999542236328,7.900000095367432,16.1200008392334,24.610000610351562,29.75
2018-11-28,16.690000534057617,7.480000019073486,16.040000915527344,11.341541290283203,22.469999313354492,7.814000129699707,16.350000381469727,24.049999237060547,30.049999237060547
2018-11-29,16.8799991607666,7.510000228881836,16.0,11.49176025390625,22.384000778198242,7.76200008392334,16.270000457763672,24.93000030517578,29.850000381469727
2018-11-30,16.709999084472656,7.519999980926514,16.170000076293945,11.349884986877441,22.327999114990234,7.565000057220459,16.360000610351562,24.469999313354492,30.350000381469727
2018-12-03,17.489999771118164,7.539999961853027,16.329999923706055,11.7421236038208,22.79599952697754,7.631999969482422,16.56999969482422,25.200000762939453,30.549999237060547
2018-12-04,17.399999618530273,7.449999809265137,16.40999984741211,11.750469207763672,23.45199966430664,7.603000164031982,16.6200008392334,25.110000610351562,30.549999237060547
2018-12-06,17.010000228881836,7.409999847412109,16.360000610351562,11.600250244140625,23.13800048828125,7.478000164031982,16.639999389648438,25.18000030517578,30.149999618530273
2018-12-07,17.3799991607666,7.519999980926514,16.450000762939453,11.767160415649414,23.43000030517578,7.515999794006348,16.75,25.809999465942383,31.100000381469727
2018-12-10,16.90999984741211,7.449999809265137,16.3799991607666,11.46672248840332,23.368000030517578,7.432000160217285,16.610000610351562,24.809999465942383,30.799999237060547
2018-12-11,17.059999465942383,7.480000019073486,16.43000030517578,11.56686782836914,23.760000228881836,7.449999809265137,16.75,25.139999389648438,30.700000762939453
2018-12-12,16.979999542236328,7.449999809265137,16.420000076293945,11.49176025390625,24.360000610351562,7.605999946594238,16.81999969482422,24.860000610351562,30.850000381469727
2018-12-13,17.440000534057617,7.429999828338623,16.40999984741211,11.767160415649414,24.729999542236328,7.553999900817871,16.6200008392334,25.959999084472656,31.299999237060547
2018-12-14,17.0,7.420000076293945,16.40999984741211,11.49176025390625,24.124000549316406,7.461999893188477,16.479999542236328,25.139999389648438,31.049999237060547
2018-12-17,16.610000610351562,7.300000190734863,16.3799991607666,11.224702835083008,24.538000106811523,7.525000095367432,16.56999969482422,24.40999984741211,31.299999237060547
2018-12-18,15.859999656677246,7.210000038146973,16.469999313354492,10.79908275604248,24.215999603271484,7.495999813079834,16.610000610351562,23.450000762939453,31.100000381469727
2018-12-19,16.020000457763672,7.260000228881836,16.31999969482422,10.94095516204834,24.43199920654297,7.451000213623047,16.450000762939453,23.68000030517578,30.649999618530273
2018-12-20,15.220000267028809,7.289999961853027,16.100000381469727,10.698935508728027,23.969999313354492,7.51800012588501,16.360000610351562,22.979999542236328,30.649999618530273
2018-12-21,15.170000076293945,7.210000038146973,16.18000030517578,10.557061195373535,23.187999725341797,7.465000152587891,16.139999389648438,22.690000534057617,30.149999618530273
2018-12-24,14.699999809265137,7.269999980926514,16.15999984741211,10.317785263061523,23.8439998626709,7.453000068664551,16.200000762939453,22.18000030517578,30.399999618530273
2018-12-26,15.670000076293945,7.170000076293945,15.979999542236328,10.792945861816406,23.600000381469727,7.545000076293945,15.949999809265137,23.350000381469727,30.100000381469727
2018-12-27,15.170000076293945,7.190000057220459,16.06999969482422,10.58082103729248,23.899999618530273,7.541999816894531,16.020000457763672,22.81999969482422,30.149999618530273
2018-12-28,14.989999771118164,7.21999979019165,16.100000381469727,10.411120414733887,23.944000244140625,7.4720001220703125,16.200000762939453,22.59000015258789,30.149999618530273
2018-12-31,15.329999923706055,7.090000152587891,16.049999237060547,10.555366516113281,23.809999465942383,7.52400016784668,16.18000030517578,22.90999984741211,29.649999618530273
2019-01-02,15.5600004196167,6.900000095367432,16.1200008392334,10.640215873718262,24.006000518798828,7.5320000648498535,16.3799991607666,23.209999084472656,29.899999618530273
2019-01-03,15.779999732971191,6.929999828338623,16.25,10.767491340637207,24.54199981689453,7.566999912261963,16.459999084472656,23.56999969482422,30.149999618530273
2019-01-04,16.18000030517578,7.019999980926514,16.399999618530273,10.971131324768066,25.139999389648438,7.7870001792907715,16.639999389648438,23.700000762939453,30.299999237060547
2019-01-07,16.260000228881836,7.400000095367432,16.399999618530273,11.030526161193848,25.351999282836914,7.794000148773193,16.68000030517578,23.579999923706055,30.299999237060547
2019-01-08,16.559999465942383,7.519999980926514,16.329999923706055,11.24265193939209,25.65399932861328,7.776000022888184,16.56999969482422,23.809999465942383,30.450000762939453
2019-01-09,17.329999923706055,7.559999942779541,16.399999618530273,11.658419609069824,25.351999282836914,7.811999797821045,16.719999313354492,24.959999084472656,30.450000762939453
2019-01-10,17.389999389648438,7.429999828338623,16.200000762939453,11.709328651428223,25.275999069213867,7.77400016784668,16.389999389648438,24.93000030517578,30.100000381469727
2019-01-11,17.06999969482422,7.480000019073486,16.270000457763672,11.573568344116211,25.04800033569336,7.685999870300293,16.450000762939453,24.59000015258789,30.399999618530273
2019-01-14,16.68000030517578,7.480000019073486,16.31999969482422,11.39538288116455,25.110000610351562,7.598999977111816,16.360000610351562,23.940000534057617,30.200000762939453
2019-01-15,17.1200008392334,7.659999847412109,16.049999237060547,11.582052230834961,24.98200035095215,7.568999767303467,16.200000762939453,24.68000030517578,30.0
2019-01-16,17.34000015258789,7.710000038146973,16.1299991607666,11.658419609069824,25.606000900268555,7.6539998054504395,16.25,24.729999542236328,30.049999237060547
2019-01-17,17.270000457763672,7.559999942779541,16.290000915527344,11.641448020935059,26.642000198364258,7.693999767303467,16.489999771118164,24.959999084472656,30.299999237060547
2019-01-18,17.670000076293945,7.659999847412109,16.350000381469727,11.836603164672852,26.142000198364258,7.564000129699707,16.559999465942383,25.299999237060547,30.149999618530273
2019-01-22,17.360000610351562,7.610000133514404,16.25,11.70084285736084,25.3799991607666,7.480999946594238,16.510000228881836,24.579999923706055,30.600000381469727
2019-01-23,17.239999771118164,7.599999904632568,16.280000686645508,11.632963180541992,25.694000244140625,7.53000020980835,16.549999237060547,24.309999465942383,30.75
2019-01-24,17.280000686645508,7.650000095367432,16.239999771118164,11.70084285736084,25.100000381469727,7.6020002365112305,16.579999923706055,24.350000381469727,30.549999237060547
2019-01-25,17.3799991607666,7.380000114440918,16.309999465942383,11.743268966674805,25.79599952697754,7.749000072479248,16.670000076293945,24.329999923706055,30.5
2019-01-28,16.93000030517578,7.539999961853027,16.299999237060547,11.446293830871582,25.200000762939453,7.699999809265137,16.690000534057617,23.450000762939453,30.5
2019-01-29,17.270000457763672,7.480000019073486,16.260000228881836,11.658419609069824,25.304000854492188,7.7220001220703125,16.6200008392334,23.719999313354492,30.100000381469727
2019-01-30,17.43000030517578,7.449999809265137,16.350000381469727,11.760238647460938,25.670000076293945,7.748000144958496,16.649999618530273,24.40999984741211,30.299999237060547
2019-01-31,17.290000915527344,7.480000019073486,16.190000534057617,11.649932861328125,25.52400016784668,7.78000020980835,16.579999923706055,24.049999237060547,30.25
2019-02-01,17.780000686645508,7.449999809265137,16.239999771118164,11.8535737991333,25.530000686645508,7.828000068664551,16.600000381469727,24.799999237060547,30.450000762939453
2019-02-04,17.739999771118164,7.53000020980835,16.280000686645508,11.794178009033203,25.52199935913086,7.7789998054504395,16.6299991607666,24.959999084472656,30.5
2019-02-05,17.540000915527344,7.519999980926514,16.329999923706055,11.692358016967773,26.238000869750977,7.7729997634887695,16.649999618530273,24.729999542236328,30.5
2019-02-06,17.719999313354492,7.550000190734863,16.309999465942383,11.760238647460938,26.08799934387207,7.646999835968018,16.670000076293945,25.200000762939453,30.399999618530273
2019-02-07,17.450000762939453,7.489999771118164,16.170000076293945,11.582052230834961,26.31599998474121,7.565000057220459,16.540000915527344,24.690000534057617,29.899999618530273
2019-02-08,17.56999969482422,7.460000038146973,16.06999969482422,11.624478340148926,26.552000045776367,7.584000110626221,16.59000015258789,25.0,29.950000762939453
2019-02-11,17.479999542236328,7.380000114440918,16.06999969482422,11.59902286529541,26.3439998626709,7.458000183105469,16.389999389648438,24.600000381469727,30.0
2019-02-12,17.670000076293945,7.409999847412109,16.219999313354492,11.709328651428223,26.600000381469727,7.510000228881836,16.6200008392334,24.809999465942383,30.0
2019-02-13,18.010000228881836,7.380000114440918,16.280000686645508,11.8535737991333,26.643999099731445,7.451000213623047,16.579999923706055,25.40999984741211,30.149999618530273
2019-02-14,18.299999237060547,7.320000171661377,16.139999389648438,11.98084831237793,27.0,7.460000038146973,16.40999984741211,26.200000762939453,29.549999237060547
2019-02-15,18.770000457763672,7.670000076293945,16.110000610351562,12.286310195922852,27.308000564575195,7.6519999504089355,16.459999084472656,27.06999969482422,29.25
2019-02-19,18.829999923706055,7.75,15.9399995803833,12.31176471710205,28.242000579833984,7.769999980926514,16.309999465942383,27.0,28.549999237060547
2019-02-20,18.979999542236328,7.809999942779541,16.010000228881836,12.388132095336914,28.302000045776367,7.8420000076293945,16.350000381469727,27.360000610351562,28.100000381469727
2019-02-21,19.0,7.71999979019165,16.15999984741211,12.43055534362793,27.965999603271484,7.798999786376953,16.489999771118164,27.40999984741211,28.450000762939453
2019-02-22,19.0,7.78000020980835,16.200000762939453,12.439040184020996,28.395999908447266,7.989999771118164,16.489999771118164,27.329999923706055,28.399999618530273
2019-02-25,18.350000381469727,7.650000095367432,16.030000686645508,12.159034729003906,29.341999053955078,8.083999633789062,16.469999313354492,26.469999313354492,27.450000762939453
2019-02-26,18.579999923706055,7.559999942779541,15.850000381469727,12.286310195922852,29.76799964904785,8.140999794006348,16.360000610351562,26.829999923706055,27.299999237060547
2019-02-27,18.829999923706055,7.630000114440918,15.760000228881836,12.42207145690918,28.97800064086914,8.218999862670898,16.3700008392334,27.25,27.25
2019-02-28,18.790000915527344,7.550000190734863,15.649999618530273,12.42207145690918,29.275999069213867,8.251999855041504,16.260000228881836,27.239999771118164,26.850000381469727
2019-03-01,18.389999389648438,7.449999809265137,15.760000228881836,12.277825355529785,29.219999313354492,8.107000350952148,16.25,26.860000610351562,26.700000762939453
2019-03-04,18.59000015258789,7.300000190734863,15.869999885559082,12.371159553527832,29.020000457763672,7.9120001792907715,16.389999389648438,27.209999084472656,26.549999237060547
2019-03-05,18.670000076293945,7.309999942779541,15.890000343322754,12.42207145690918,28.63599967956543,7.925000190734863,16.329999923706055,27.43000030517578,27.0
2019-03-06,18.670000076293945,7.170000076293945,15.760000228881836,12.405099868774414,29.0,7.831999778747559,16.1299991607666,27.739999771118164,26.25
2019-03-07,18.729999542236328,7.179999828338623,15.489999771118164,12.43055534362793,28.81599998474121,7.714000225067139,16.1299991607666,27.93000030517578,25.600000381469727
2019-03-08,18.639999389648438,7.159999847412109,15.470000267028809,12.379646301269531,28.634000778198242,7.756999969482422,16.010000228881836,28.030000686645508,25.649999618530273
2019-03-11,18.889999389648438,7.239999771118164,15.399999618530273,12.42207145690918,28.93199920654297,7.745999813079834,15.9399995803833,28.389999389648438,25.149999618530273
2019-03-12,18.889999389648438,7.28000020980835,15.5600004196167,12.42207145690918,29.124000549316406,7.909999847412109,16.020000457763672,28.25,26.450000762939453
2019-03-13,19.170000076293945,7.239999771118164,15.579999923706055,12.591771125793457,29.5,8.003999710083008,16.09000015258789,29.06999969482422,26.149999618530273
2019-03-14,19.030000686645508,7.269999980926514,15.670000076293945,12.515406608581543,29.503999710083008,7.808000087738037,16.100000381469727,28.739999771118164,26.399999618530273
2019-03-15,19.0,7.349999904632568,15.75,12.456010818481445,29.59000015258789,7.873000144958496,16.149999618530273,28.700000762939453,26.75
2019-03-18,19.100000381469727,7.5,15.75,12.515406608581543,30.01799964904785,7.9019999504089355,16.09000015258789,29.1200008392334,26.649999618530273
2019-03-19,19.110000610351562,7.480000019073486,15.720000267028809,12.566315650939941,30.26799964904785,8.081000328063965,16.170000076293945,29.3799991607666,26.600000381469727
2019-03-20,19.360000610351562,7.5,15.739999771118164,12.668136596679688,30.426000595092773,8.213000297546387,16.110000610351562,29.540000915527344,26.899999618530273
2019-03-21,19.18000030517578,7.380000114440918,15.899999618530273,12.583285331726074,30.270000457763672,8.152999877929688,16.209999084472656,29.719999313354492,26.950000762939453
2019-03-22,18.93000030517578,7.380000114440918,15.989999771118164,12.413585662841797,29.395999908447266,8.01200008392334,16.049999237060547,29.450000762939453,26.950000762939453
2019-03-25,19.0,7.340000152587891,16.030000686645508,12.472981452941895,29.79800033569336,8.119999885559082,16.149999618530273,29.549999237060547,27.200000762939453
2019-03-26,19.190000534057617,7.329999923706055,15.960000038146973,12.523890495300293,29.082000732421875,8.12600040435791,16.049999237060547,29.829999923706055,27.100000381469727
2019-03-27,19.100000381469727,7.289999961853027,15.850000381469727,12.43055534362793,27.027999877929688,8.072999954223633,15.880000114440918,29.299999237060547,27.149999618530273
2019-03-28,19.100000381469727,7.320000171661377,15.84000015258789,12.413585662841797,25.238000869750977,7.938000202178955,15.829999923706055,29.18000030517578,26.850000381469727
2019-03-29,19.219999313354492,7.28000020980835,15.229999542236328,12.464494705200195,26.107999801635742,8.015000343322754,15.75,29.3799991607666,26.450000762939453
2019-04-01,19.639999389648438,7.369999885559082,15.430000305175781,12.634197235107422,27.0,8.03499984741211,15.949999809265137,29.739999771118164,26.700000762939453
2019-04-02,19.729999542236328,7.369999885559082,15.430000305175781,12.71056079864502,27.25200080871582,8.050999641418457,16.049999237060547,30.170000076293945,26.700000762939453
2019-04-03,19.739999771118164,7.260000228881836,15.489999771118164,12.702075004577637,26.65999984741211,8.222999572753906,16.049999237060547,30.56999969482422,27.049999237060547
2019-04-04,19.690000534057617,7.360000133514404,15.5600004196167,12.668136596679688,25.98200035095215,8.494000434875488,16.149999618530273,30.290000915527344,27.100000381469727
2019-04-05,20.040000915527344,7.429999828338623,15.399999618530273,12.829350471496582,25.90999984741211,8.508999824523926,16.049999237060547,30.860000610351562,26.850000381469727
2019-04-08,20.219999313354492,7.320000171661377,15.359999656677246,12.897232055664062,26.131999969482422,8.592000007629395,16.049999237060547,31.15999984741211,26.850000381469727
2019-04-09,20.09000015258789,7.429999828338623,15.369999885559082,12.854806900024414,26.389999389648438,8.42199993133545,16.059999465942383,31.350000381469727,26.600000381469727
2019-04-10,20.3700008392334,7.480000019073486,15.399999618530273,13.032991409301758,26.222000122070312,8.534000396728516,16.079999923706055,32.209999084472656,26.5
2019-04-11,20.18000030517578,7.409999847412109,15.350000381469727,12.98208236694336,25.884000778198242,8.434000015258789,15.949999809265137,31.799999237060547,26.700000762939453
2019-04-12,20.350000381469727,7.440000057220459,15.350000381469727,13.007536888122559,25.979999542236328,8.446000099182129,15.9399995803833,31.75,26.700000762939453
2019-04-15,20.270000457763672,7.400000095367432,15.4399995803833,12.98208236694336,25.6299991607666,8.380999565124512,16.020000457763672,31.459999084472656,26.549999237060547
2019-04-16,20.399999618530273,7.349999904632568,15.260000228881836,13.041476249694824,25.583999633789062,8.336000442504883,15.850000381469727,31.739999771118164,25.799999237060547
2019-04-17,20.3799991607666,7.25,15.270000457763672,12.99056625366211,26.444000244140625,8.399999618530273,15.720000267028809,31.8700008392334,25.799999237060547
2019-04-18,20.469999313354492,7.489999771118164,15.239999771118164,12.999052047729492,26.881999969482422,8.53499984741211,15.720000267028809,32.2400016784668,25.600000381469727
2019-04-22,21.059999465942383,7.369999885559082,15.069999694824219,13.194208145141602,26.215999603271484,8.503000259399414,15.670000076293945,33.0,25.299999237060547
2019-04-23,21.18000030517578,7.420000076293945,14.979999542236328,13.26208782196045,26.266000747680664,8.406999588012695,15.4399995803833,33.0,25.399999618530273
2019-04-24,21.15999984741211,7.440000057220459,14.770000457763672,13.211176872253418,26.788000106811523,8.362000465393066,15.350000381469727,32.90999984741211,25.100000381469727
2019-04-25,21.079999923706055,7.349999904632568,14.850000381469727,13.185722351074219,26.722000122070312,8.383999824523926,15.380000114440918,32.849998474121094,25.200000762939453
2019-04-26,20.40999984741211,7.320000171661377,15.039999961853027,12.871776580810547,27.72599983215332,8.5,15.319999694824219,32.2599983215332,25.399999618530273
2019-04-29,20.510000228881836,7.170000076293945,15.010000228881836,12.948141098022461,25.753999710083008,8.473999977111816,15.220000267028809,32.220001220703125,24.950000762939453
2019-04-30,20.649999618530273,7.199999809265137,15.069999694824219,13.024508476257324,26.142000198364258,8.394000053405762,15.100000381469727,32.810001373291016,24.700000762939453
2019-05-01,20.68000030517578,7.099999904632568,15.300000190734863,13.032991409301758,25.49799919128418,8.178000450134277,15.020000457763672,32.70000076293945,25.049999237060547
2019-05-02,20.219999313354492,7.110000133514404,15.329999923706055,12.778441429138184,25.63800048828125,8.039999961853027,14.90999984741211,31.989999771118164,25.5
2019-05-03,20.299999237060547,7.010000228881836,15.350000381469727,12.8038969039917,25.809999465942383,8.236000061035156,14.899999618530273,32.099998474121094,25.049999237060547
2019-05-06,20.549999237060547,6.980000019073486,15.100000381469727,12.88874626159668,25.3439998626709,8.277000427246094,14.760000228881836,31.75,25.049999237060547
2019-05-07,19.959999084472656,6.989999771118164,15.229999542236328,12.583285331726074,25.06599998474121,8.227999687194824,14.760000228881836,30.790000915527344,25.200000762939453
2019-05-08,20.1200008392334,6.849999904632568,15.0600004196167,12.736015319824219,24.9060001373291,8.145000457763672,14.670000076293945,31.280000686645508,25.100000381469727
2019-05-09,20.139999389648438,6.889999866485596,14.699999809265137,12.676620483398438,24.607999801635742,8.027000427246094,14.460000038146973,31.239999771118164,24.649999618530273
2019-05-10,20.270000457763672,6.889999866485596,14.670000076293945,12.736015319824219,25.555999755859375,8.178000450134277,14.420000076293945,31.549999237060547,24.399999618530273
2019-05-13,20.049999237060547,6.929999828338623,14.869999885559082,12.591771125793457,24.996000289916992,8.059000015258789,14.350000381469727,31.010000228881836,24.899999618530273
2019-05-14,20.43000030517578,6.960000038146973,15.1899995803833,12.769957542419434,25.266000747680664,8.097999572753906,14.789999961853027,31.31999969482422,25.649999618530273
2019-05-15,20.65999984741211,6.929999828338623,15.149999618530273,12.922685623168945,25.402000427246094,7.999000072479248,14.84000015258789,32.0099983215332,25.5
2019-05-16,20.8799991607666,6.900000095367432,15.4399995803833,13.032991409301758,25.143999099731445,7.879000186920166,14.899999618530273,32.7599983215332,26.399999618530273
2019-05-17,20.700000762939453,6.789999961853027,15.460000038146973,12.905716896057129,24.829999923706055,7.738999843597412,14.569999694824219,32.34000015258789,26.149999618530273
2019-05-20,20.690000534057617,6.829999923706055,15.630000114440918,12.939657211303711,25.107999801635742,7.705999851226807,14.770000457763672,32.040000915527344,26.950000762939453
2019-05-21,20.719999313354492,6.900000095367432,15.850000381469727,12.948141098022461,24.875999450683594,7.7170000076293945,14.609999656677246,32.130001068115234,26.600000381469727
2019-05-22,20.290000915527344,6.860000133514404,15.90999984741211,12.668136596679688,24.8799991607666,7.605000019073486,14.75,31.56999969482422,26.5
2019-05-23,19.389999389648438,6.840000152587891,15.779999732971191,12.167520523071289,24.743999481201172,7.557000160217285,14.630000114440918,30.479999542236328,26.450000762939453
2019-05-24,19.729999542236328,6.889999866485596,16.1299991607666,12.320249557495117,25.25,7.611999988555908,14.739999771118164,30.950000762939453,27.450000762939453
2019-05-28,19.889999389648438,6.880000114440918,16.639999389648438,12.396615028381348,25.357999801635742,7.552999973297119,15.1899995803833,31.010000228881836,28.100000381469727
2019-05-29,19.75,6.940000057220459,16.579999923706055,12.362674713134766,25.36199951171875,7.500999927520752,15.390000343322754,30.920000076293945,27.450000762939453
2019-05-30,18.969999313354492,6.929999828338623,17.020000457763672,11.972363471984863,25.804000854492188,7.519999980926514,15.630000114440918,29.860000610351562,28.700000762939453
2019-05-31,17.920000076293945,7.03000020980835,16.709999084472656,11.420838356018066,25.04599952697754,7.499000072479248,15.470000267028809,28.360000610351562,28.200000762939453
2019-06-03,17.690000534057617,7.070000171661377,16.639999389648438,11.310532569885254,25.058000564575195,7.7820000648498535,15.479999542236328,27.899999618530273,28.899999618530273
2019-06-04,18.059999465942383,7.139999866485596,16.75,11.420838356018066,25.3439998626709,7.757999897003174,15.510000228881836,27.75,28.350000381469727
2019-06-05,17.649999618530273,7.039999961853027,16.350000381469727,11.115376472473145,25.04199981689453,7.585000038146973,15.359999656677246,27.299999237060547,27.649999618530273
2019-06-06,18.1299991607666,7.139999866485596,16.559999465942383,11.34447193145752,25.559999465942383,7.5879998207092285,15.319999694824219,27.75,28.450000762939453
2019-06-07,18.40999984741211,7.179999828338623,16.389999389648438,11.49720287322998,25.70199966430664,7.618000030517578,15.119999885559082,27.950000762939453,28.100000381469727
2019-06-10,18.139999389648438,7.119999885559082,16.469999313354492,11.420838356018066,26.173999786376953,7.619999885559082,15.25,27.950000762939453,28.149999618530273
2019-06-11,18.149999618530273,7.170000076293945,16.75,11.49720287322998,26.416000366210938,7.704999923706055,15.170000076293945,28.239999771118164,28.600000381469727
2019-06-12,17.399999618530273,7.150000095367432,16.799999237060547,11.123861312866211,26.6560001373291,7.65500020980835,15.489999771118164,27.06999969482422,29.100000381469727
2019-06-13,17.860000610351562,7.179999828338623,17.059999465942383,11.34447193145752,27.347999572753906,7.670000076293945,15.630000114440918,27.739999771118164,29.399999618530273
2019-06-14,18.06999969482422,7.21999979019165,17.25,11.403867721557617,27.733999252319336,7.5920000076293945,15.699999809265137,27.860000610351562,29.549999237060547
2019-06-17,17.760000228881836,7.170000076293945,17.40999984741211,11.259622573852539,27.479999542236328,7.504000186920166,15.90999984741211,27.399999618530273,29.649999618530273
2019-06-18,18.15999984741211,7.199999809265137,17.209999084472656,11.505688667297363,27.947999954223633,7.585999965667725,15.899999618530273,27.850000381469727,29.200000762939453
2019-06-19,18.219999313354492,7.139999866485596,16.940000534057617,11.539628028869629,28.423999786376953,7.663000106811523,15.739999771118164,28.170000076293945,28.700000762939453
2019-06-20,18.8700008392334,7.139999866485596,17.170000076293945,11.836603164672852,28.197999954223633,7.629000186920166,15.960000038146973,28.8700008392334,28.950000762939453
2019-06-21,19.100000381469727,7.039999961853027,17.020000457763672,11.963879585266113,28.420000076293945,7.645999908447266,15.729999542236328,29.760000228881836,28.950000762939453
2019-06-24,18.969999313354492,7.039999961853027,17.1200008392334,11.989334106445312,29.09600067138672,7.702000141143799,15.859999656677246,29.75,29.549999237060547
2019-06-25,19.010000228881836,7.070000171661377,17.100000381469727,12.023274421691895,28.90399932861328,7.63100004196167,15.75,30.239999771118164,29.399999618530273
2019-06-26,19.34000015258789,6.940000057220459,17.0,12.218429565429688,28.851999282836914,7.705999851226807,15.600000381469727,31.450000762939453,29.700000762939453
2019-06-27,19.34000015258789,7.130000114440918,16.899999618530273,12.218429565429688,29.26799964904785,7.690000057220459,15.529999732971191,31.290000915527344,29.600000381469727
2019-06-28,18.969999313354492,7.090000152587891,16.440000534057617,12.023274421691895,29.115999221801758,7.886000156402588,15.729999542236328,30.850000381469727,28.649999618530273
2019-07-01,19.260000228881836,7.070000171661377,16.100000381469727,12.209945678710938,29.253999710083008,7.854000091552734,15.479999542236328,31.540000915527344,28.25
2019-07-02,18.5,6.980000019073486,16.31999969482422,11.811149597167969,29.554000854492188,7.824999809265137,15.359999656677246,30.700000762939453,27.799999237060547
2019-07-03,18.700000762939453,7.079999923706055,16.760000228881836,11.895999908447266,29.79199981689453,7.931000232696533,15.489999771118164,31.290000915527344,28.350000381469727
2019-07-05,19.0,7.0,16.770000457763672,12.040245056152344,29.68600082397461,7.656000137329102,15.270000457763672,31.530000686645508,28.299999237060547
2019-07-08,18.8799991607666,7.050000190734863,16.75,12.006304740905762,29.527999877929688,7.704999923706055,15.350000381469727,31.06999969482422,28.100000381469727
2019-07-09,19.0,7.039999961853027,16.549999237060547,12.133580207824707,29.24799919128418,7.672999858856201,15.489999771118164,31.579999923706055,27.700000762939453
2019-07-10,19.739999771118164,7.070000171661377,16.639999389648438,12.481465339660645,30.040000915527344,7.821000099182129,15.609999656677246,32.849998474121094,27.799999237060547
2019-07-11,19.739999771118164,7.050000190734863,16.899999618530273,12.498435020446777,29.549999237060547,7.7870001792907715,15.710000038146973,32.630001068115234,28.600000381469727
2019-07-12,19.739999771118164,6.989999771118164,17.25,12.456010818481445,29.253999710083008,7.843999862670898,15.899999618530273,32.33000183105469,28.700000762939453
2019-07-15,19.549999237060547,6.920000076293945,16.8700008392334,12.269340515136719,29.582000732421875,7.960000038146973,15.699999809265137,31.489999771118164,28.049999237060547
2019-07-16,19.209999084472656,6.900000095367432,16.709999084472656,12.074183464050293,28.857999801635742,7.923999786376953,15.449999809265137,31.200000762939453,27.899999618530273
2019-07-17,18.799999237060547,6.800000190734863,16.719999313354492,11.895999908447266,29.027999877929688,7.97599983215332,15.380000114440918,30.790000915527344,27.700000762939453
2019-07-18,18.479999542236328,6.71999979019165,16.450000762939453,11.743268966674805,28.8799991607666,8.059000015258789,15.390000343322754,30.229999542236328,27.149999618530273
2019-07-19,18.700000762939453,6.699999809265137,16.639999389648438,11.836603164672852,28.549999237060547,8.001999855041504,15.699999809265137,30.399999618530273,27.649999618530273
2019-07-22,18.780000686645508,6.659999847412109,16.350000381469727,11.879029273986816,28.850000381469727,8.022000312805176,15.449999809265137,30.170000076293945,26.899999618530273
2019-07-23,19.0,6.860000133514404,16.479999542236328,11.963879585266113,28.763999938964844,8.079999923706055,15.460000038146973,30.549999237060547,26.899999618530273
2019-07-24,18.729999542236328,6.869999885559082,16.440000534057617,11.819633483886719,29.040000915527344,8.267999649047852,15.550000190734863,30.34000015258789,27.200000762939453
2019-07-25,18.729999542236328,6.860000133514404,16.399999618530273,11.845088958740234,28.851999282836914,8.1850004196167,15.390000343322754,30.600000381469727,27.350000381469727
2019-07-26,18.799999237060547,6.889999866485596,16.299999237060547,11.8535737991333,28.851999282836914,8.157999992370605,15.390000343322754,30.65999984741211,27.100000381469727
2019-07-29,18.950000762939453,6.900000095367432,16.3799991607666,11.912969589233398,29.351999282836914,8.329000473022461,15.520000457763672,30.559999465942383,27.299999237060547
2019-07-30,19.280000686645508,6.940000057220459,16.170000076293945,12.082669258117676,28.597999572753906,8.236000061035156,15.350000381469727,31.040000915527344,27.049999237060547
2019-07-31,19.139999389648438,6.960000038146973,15.859999656677246,12.065698623657227,28.70800018310547,8.154000282287598,15.15999984741211,31.059999465942383,26.549999237060547
2019-08-01,18.18000030517578,6.940000057220459,15.670000076293945,11.49720287322998,26.968000411987305,8.057999610900879,14.920000076293945,29.600000381469727,26.149999618530273
2019-08-02,18.25,6.880000114440918,15.880000114440918,11.565084457397461,26.50200080871582,7.966000080108643,14.979999542236328,29.75,26.5
2019-08-05,17.809999465942383,6.800000190734863,16.059999465942383,11.34447193145752,26.70400047302246,8.0649995803833,14.920000076293945,28.899999618530273,26.649999618530273
2019-08-06,17.56999969482422,6.75,15.90999984741211,11.225682258605957,27.166000366210938,8.045999526977539,14.920000076293945,28.3799991607666,26.200000762939453
2019-08-07,17.049999237060547,6.599999904632568,16.040000915527344,10.928706169128418,26.719999313354492,8.151000022888184,14.920000076293945,27.729999542236328,26.549999237060547
2019-08-08,17.139999389648438,6.679999828338623,16.139999389648438,10.971131324768066,26.884000778198242,8.189000129699707,15.220000267028809,27.729999542236328,26.850000381469727
2019-08-09,17.420000076293945,6.869999885559082,16.139999389648438,11.098406791687012,26.841999053955078,8.135000228881836,15.34000015258789,27.959999084472656,26.950000762939453
2019-08-12,17.40999984741211,6.699999809265137,15.25,11.140832901000977,27.040000915527344,8.10099983215332,15.09000015258789,27.969999313354492,25.649999618530273
2019-08-13,18.239999771118164,6.75,15.020000457763672,11.565084457397461,27.402000427246094,8.079000473022461,15.3100004196167,29.190000534057617,25.649999618530273
2019-08-14,17.639999389648438,6.690000057220459,14.819999694824219,11.225682258605957,27.031999588012695,7.979000091552734,15.100000381469727,28.049999237060547,25.799999237060547
2019-08-15,17.350000381469727,6.699999809265137,14.819999694824219,11.089921951293945,27.365999221801758,7.940999984741211,15.0,27.6299991607666,25.549999237060547
2019-08-16,17.459999084472656,6.699999809265137,15.100000381469727,11.115376472473145,27.351999282836914,8.020999908447266,15.149999618530273,27.540000915527344,25.549999237060547
2019-08-19,17.790000915527344,6.630000114440918,14.920000076293945,11.251137733459473,27.979999542236328,8.038999557495117,14.920000076293945,28.059999465942383,25.450000762939453
2019-08-20,17.829999923706055,6.619999885559082,14.800000190734863,11.310532569885254,28.02199935913086,8.017999649047852,14.989999771118164,28.280000686645508,25.149999618530273
2019-08-21,17.989999771118164,6.630000114440918,14.829999923706055,11.361442565917969,27.790000915527344,8.062999725341797,15.039999961853027,28.649999618530273,25.149999618530273
2019-08-22,17.850000381469727,6.690000057220459,14.8100004196167,11.285078048706055,28.055999755859375,8.109999656677246,14.949999809265137,28.299999237060547,25.25
2019-08-23,17.559999465942383,6.610000133514404,14.699999809265137,11.123861312866211,27.715999603271484,8.100000381469727,14.770000457763672,27.889999389648438,25.600000381469727
2019-08-26,17.479999542236328,6.590000152587891,14.75,11.081438064575195,27.88599967956543,8.081000328063965,14.920000076293945,27.780000686645508,25.5
2019-08-27,17.700000762939453,6.550000190734863,14.640000343322754,11.225682258605957,27.983999252319336,8.177000045776367,14.8100004196167,28.15999984741211,25.450000762939453
2019-08-28,17.959999084472656,6.590000152587891,14.800000190734863,11.378413200378418,27.75,8.503000259399414,14.920000076293945,28.860000610351562,25.399999618530273
2019-08-29,18.1200008392334,6.5,14.800000190734863,11.446293830871582,27.802000045776367,8.642000198364258,14.960000038146973,28.850000381469727,25.25
2019-08-30,17.6200008392334,6.489999771118164,14.75,11.183258056640625,28.86199951171875,8.803999900817871,14.960000038146973,27.950000762939453,24.799999237060547
2019-09-03,17.360000610351562,6.420000076293945,14.510000228881836,11.039012908935547,29.118000030517578,9.017000198364258,14.970000267028809,26.93000030517578,24.5
2019-09-04,18.239999771118164,6.409999847412109,14.430000305175781,11.463263511657715,29.3799991607666,9.3149995803833,15.050000190734863,28.09000015258789,24.799999237060547
2019-09-05,18.25,6.360000133514404,14.470000267028809,11.488718032836914,29.538000106811523,9.053999900817871,14.84000015258789,28.329999923706055,25.100000381469727
2019-09-06,18.459999084472656,6.380000114440918,14.319999694824219,11.59902286529541,28.97800064086914,8.932999610900879,14.779999732971191,28.81999969482422,24.899999618530273
2019-09-09,18.809999465942383,6.340000152587891,14.300000190734863,11.802664756774902,29.15399932861328,8.937000274658203,14.829999923706055,29.149999618530273,25.350000381469727
2019-09-10,18.739999771118164,6.340000152587891,14.609999656677246,11.768723487854004,29.4060001373291,8.776000022888184,15.050000190734863,29.139999389648438,25.850000381469727
2019-09-11,18.34000015258789,6.329999923706055,14.510000228881836,11.59902286529541,29.73200035095215,8.918000221252441,14.9399995803833,28.920000076293945,25.600000381469727
2019-09-12,17.84000015258789,6.300000190734863,14.770000457763672,11.4378080368042,30.45599937438965,8.977999687194824,15.40999984741211,28.540000915527344,25.899999618530273
2019-09-13,18.079999923706055,6.349999904632568,14.789999961853027,11.420838356018066,30.356000900268555,8.963000297546387,15.4399995803833,28.510000228881836,25.899999618530273
2019-09-16,20.420000076293945,6.46999979019165,14.989999771118164,12.379646301269531,30.29800033569336,8.85099983215332,15.470000267028809,31.510000228881836,26.100000381469727
2019-09-17,19.25,6.460000038146973,14.710000038146973,11.972363471984863,30.06999969482422,8.87600040435791,15.380000114440918,30.510000228881836,26.0
2019-09-18,19.059999465942383,6.409999847412109,14.789999961853027,11.87054443359375,29.898000717163086,8.777999877929688,15.300000190734863,30.219999313354492,26.200000762939453
2019-09-19,19.3799991607666,6.400000095367432,14.8100004196167,11.989334106445312,30.607999801635742,8.859000205993652,15.359999656677246,30.829999923706055,26.049999237060547
2019-09-20,19.40999984741211,6.400000095367432,14.729999542236328,11.997819900512695,31.04599952697754,8.928000450134277,15.180000305175781,30.670000076293945,26.0
2019-09-23,19.350000381469727,6.440000057220459,14.760000228881836,12.006304740905762,31.239999771118164,9.059000015258789,15.279999732971191,30.700000762939453,25.850000381469727
2019-09-24,18.799999237060547,6.539999961853027,14.859999656677246,11.717814445495605,31.700000762939453,9.015999794006348,15.329999923706055,29.969999313354492,25.850000381469727
2019-09-25,18.760000228881836,6.670000076293945,14.829999923706055,11.692358016967773,30.983999252319336,8.736000061035156,15.25,29.700000762939453,25.600000381469727
2019-09-26,18.829999923706055,6.650000095367432,14.789999961853027,11.692358016967773,31.6560001373291,8.802000045776367,15.289999961853027,30.030000686645508,26.049999237060547
2019-09-27,18.6200008392334,6.650000095367432,14.789999961853027,11.590538024902344,31.850000381469727,8.77400016784668,15.220000267028809,29.790000915527344,26.100000381469727
2019-09-30,18.149999618530273,6.670000076293945,15.180000305175781,11.352957725524902,31.83799934387207,8.347000122070312,15.510000228881836,29.18000030517578,26.5
2019-10-01,17.989999771118164,6.75,15.300000190734863,11.302046775817871,31.31800079345703,8.291999816894531,15.670000076293945,29.270000457763672,26.600000381469727
2019-10-02,17.579999923706055,6.78000020980835,15.140000343322754,11.106892585754395,31.832000732421875,8.380000114440918,15.640000343322754,28.700000762939453,26.200000762939453
2019-10-03,17.610000610351562,6.71999979019165,15.170000076293945,11.106892585754395,31.38599967956543,8.397000312805176,15.579999923706055,28.850000381469727,26.25
2019-10-04,17.84000015258789,6.739999771118164,15.100000381469727,11.24265193939209,31.54800033569336,8.3149995803833,15.640000343322754,29.18000030517578,26.350000381469727
2019-10-07,17.84000015258789,6.650000095367432,15.149999618530273,11.268106460571289,31.47599983215332,8.277999877929688,15.680000305175781,29.219999313354492,26.350000381469727
2019-10-08,17.68000030517578,6.590000152587891,15.380000114440918,11.174771308898926,31.639999389648438,8.39799976348877,15.729999542236328,29.229999542236328,26.799999237060547
2019-10-09,17.809999465942383,6.539999961853027,15.350000381469727,11.24265193939209,31.733999252319336,8.428000450134277,15.779999732971191,29.40999984741211,26.899999618530273
2019-10-10,18.110000610351562,6.550000190734863,14.960000038146973,11.403867721557617,32.23400115966797,8.47599983215332,15.789999961853027,30.0,26.350000381469727
2019-10-11,18.489999771118164,6.539999961853027,15.430000305175781,11.624478340148926,32.17399978637695,8.45199966430664,15.920000076293945,30.459999084472656,27.149999618530273
2019-10-14,18.100000381469727,6.590000152587891,15.380000114440918,11.480232238769531,32.321998596191406,8.425000190734863,16.0,29.950000762939453,27.299999237060547
2019-10-15,18.0,6.630000114440918,15.3100004196167,11.4378080368042,32.854000091552734,8.348999977111816,15.9399995803833,30.06999969482422,27.100000381469727
2019-10-16,18.149999618530273,6.53000020980835,15.300000190734863,11.49720287322998,33.529998779296875,8.364999771118164,15.84000015258789,30.139999389648438,27.25
2019-10-17,18.299999237060547,6.460000038146973,15.390000343322754,11.548112869262695,33.349998474121094,8.369000434875488,15.869999885559082,30.1299991607666,27.799999237060547
2019-10-18,18.1200008392334,6.489999771118164,15.300000190734863,11.488718032836914,33.236000061035156,8.401000022888184,15.930000305175781,30.0,28.149999618530273
2019-10-21,18.059999465942383,6.5,15.210000038146973,11.454777717590332,33.215999603271484,8.369000434875488,15.890000343322754,29.829999923706055,27.899999618530273
2019-10-22,18.25,6.440000057220459,15.239999771118164,11.539628028869629,33.119998931884766,8.404000282287598,15.890000343322754,29.90999984741211,27.600000381469727
2019-10-23,18.65999984741211,6.449999809265137,15.25,11.777209281921387,32.9379997253418,8.63599967956543,15.899999618530273,30.75,27.700000762939453
2019-10-24,18.860000610351562,6.480000019073486,15.170000076293945,11.87054443359375,33.597999572753906,8.699999809265137,15.9399995803833,31.0,27.549999237060547
2019-10-25,18.979999542236328,6.5,15.180000305175781,11.921454429626465,33.38199996948242,8.725000381469727,15.75,31.139999389648438,27.600000381469727
2019-10-28,18.84000015258789,6.610000133514404,15.029999732971191,11.862058639526367,34.071998596191406,8.663999557495117,15.75,31.229999542236328,27.399999618530273
2019-10-29,18.799999237060547,6.559999942779541,15.069999694824219,11.845088958740234,33.63800048828125,8.67199993133545,15.699999809265137,31.329999923706055,27.299999237060547
2019-10-30,18.479999542236328,6.570000171661377,15.15999984741211,11.675389289855957,34.08000183105469,8.699999809265137,15.699999809265137,30.739999771118164,27.200000762939453
2019-10-31,18.290000915527344,6.610000133514404,15.149999618530273,11.556597709655762,33.869998931884766,8.793000221252441,15.720000267028809,30.420000076293945,27.149999618530273
2019-11-01,18.93000030517578,6.610000133514404,15.100000381469727,11.929940223693848,34.0620002746582,8.949999809265137,15.789999961853027,31.540000915527344,27.450000762939453
2019-11-04,19.110000610351562,6.630000114440918,14.989999771118164,12.040245056152344,33.47800064086914,8.817000389099121,15.8100004196167,31.770000457763672,27.25
2019-11-05,19.329999923706055,6.730000019073486,14.949999809265137,12.133580207824707,33.59000015258789,8.760000228881836,15.760000228881836,31.889999389648438,27.5
2019-11-06,19.020000457763672,6.639999866485596,14.84000015258789,11.938423156738281,33.7140007019043,8.76099967956543,15.65999984741211,31.030000686645508,27.549999237060547
2019-11-07,19.100000381469727,6.559999942779541,14.680000305175781,11.972363471984863,33.95000076293945,8.571999549865723,15.770000457763672,31.18000030517578,27.299999237060547
2019-11-08,19.25,6.630000114440918,14.75,12.057215690612793,32.86000061035156,8.362000465393066,15.680000305175781,31.170000076293945,27.100000381469727
2019-11-11,19.1200008392334,6.659999847412109,14.65999984741211,11.963879585266113,31.672000885009766,8.258000373840332,15.470000267028809,30.75,27.0
2019-11-12,19.06999969482422,6.659999847412109,14.770000457763672,11.955394744873047,31.99799919128418,8.199999809265137,15.489999771118164,30.770000457763672,27.600000381469727
2019-11-13,19.219999313354492,6.730000019073486,14.65999984741211,12.040245056152344,32.20199966430664,8.232999801635742,15.470000267028809,31.270000457763672,27.100000381469727
2019-11-14,19.18000030517578,6.739999771118164,14.710000038146973,12.006304740905762,32.74800109863281,8.303999900817871,15.449999809265137,30.90999984741211,26.950000762939453
2019-11-15,19.469999313354492,6.690000057220459,14.569999694824219,12.133580207824707,32.051998138427734,8.385000228881836,15.479999542236328,31.15999984741211,26.700000762939453
2019-11-18,19.1200008392334,6.699999809265137,14.4399995803833,11.921454429626465,32.77399826049805,8.428999900817871,15.329999923706055,30.84000015258789,26.850000381469727
2019-11-19,18.719999313354492,6.690000057220459,14.59000015258789,11.717814445495605,33.29999923706055,8.59000015258789,15.350000381469727,30.540000915527344,27.100000381469727
2019-11-20,19.190000534057617,6.699999809265137,14.449999809265137,12.006304740905762,33.358001708984375,8.66100025177002,15.329999923706055,31.549999237060547,27.25
2019-11-21,19.579999923706055,6.659999847412109,14.5,12.243885040283203,33.20199966430664,8.628000259399414,15.25,32.31999969482422,26.950000762939453
2019-11-22,19.530000686645508,6.71999979019165,14.449999809265137,12.184490203857422,33.46799850463867,8.39900016784668,15.180000305175781,31.969999313354492,27.299999237060547
2019-11-25,19.149999618530273,6.679999828338623,14.550000190734863,12.201459884643555,33.948001861572266,8.45199966430664,15.170000076293945,31.979999542236328,27.899999618530273
2019-11-26,19.739999771118164,6.670000076293945,14.449999809265137,12.294795989990234,34.25199890136719,8.572999954223633,15.029999732971191,32.52000045776367,27.799999237060547
2019-11-27,19.670000076293945,6.670000076293945,14.329999923706055,12.218429565429688,34.49599838256836,8.434000015258789,14.989999771118164,32.08000183105469,27.649999618530273
2019-11-29,18.950000762939453,6.739999771118164,14.520000457763672,11.751754760742188,34.59000015258789,8.458000183105469,14.899999618530273,30.649999618530273,28.350000381469727
2019-12-02,19.0,6.650000095367432,14.550000190734863,11.726297378540039,34.922000885009766,8.46500015258789,14.869999885559082,30.049999237060547,28.149999618530273
2019-12-03,19.040000915527344,6.690000057220459,14.529999732971191,11.768723487854004,35.01599884033203,8.574999809265137,14.84000015258789,30.010000228881836,27.649999618530273
2019-12-04,19.65999984741211,6.78000020980835,14.449999809265137,12.074183464050293,35.33000183105469,8.437000274658203,14.930000305175781,30.690000534057617,27.700000762939453
2019-12-05,19.790000915527344,6.820000171661377,14.369999885559082,12.133580207824707,35.27399826049805,8.456000328063965,15.0,31.020000457763672,27.5
2019-12-06,20.030000686645508,6.889999866485596,14.390000343322754,12.243885040283203,35.45600128173828,8.449000358581543,15.100000381469727,31.420000076293945,27.549999237060547
2019-12-09,20.020000457763672,6.929999828338623,14.359999656677246,12.226914405822754,35.59199905395508,8.42199993133545,15.220000267028809,31.610000610351562,27.450000762939453
2019-12-10,20.110000610351562,7.0,14.380000114440918,12.294795989990234,35.810001373291016,8.694000244140625,15.25,31.65999984741211,27.549999237060547
2019-12-11,19.920000076293945,6.989999771118164,14.239999771118164,12.167520523071289,36.099998474121094,8.86400032043457,15.140000343322754,31.200000762939453,27.25
2019-12-12,20.09000015258789,7.03000020980835,14.460000038146973,12.286310195922852,36.65599822998047,8.916000366210938,15.229999542236328,31.290000915527344,27.75
2019-12-13,20.239999771118164,7.019999980926514,14.59000015258789,12.362674713134766,36.380001068115234,8.730999946594238,15.350000381469727,31.709999084472656,27.899999618530273
2019-12-16,20.389999389648438,6.949999809265137,14.779999732971191,12.464494705200195,37.15800094604492,8.755000114440918,15.539999961853027,31.829999923706055,28.649999618530273
2019-12-17,20.6200008392334,6.929999828338623,14.850000381469727,12.591771125793457,36.742000579833984,8.741999626159668,15.649999618530273,32.209999084472656,28.899999618530273
2019-12-18,20.65999984741211,7.0,14.75,12.583285331726074,36.11600112915039,8.810999870300293,15.630000114440918,32.310001373291016,28.649999618530273
2019-12-19,20.770000457763672,7.050000190734863,14.75,12.60874080657959,36.444000244140625,8.800000190734863,15.5600004196167,32.65999984741211,28.549999237060547
2019-12-20,20.639999389648438,7.059999942779541,14.819999694824219,12.557830810546875,34.757999420166016,8.581000328063965,15.569999694824219,32.540000915527344,28.5
2019-12-23,20.799999237060547,7.03000020980835,14.819999694824219,12.602747917175293,35.22999954223633,8.8149995803833,15.640000343322754,32.75,28.350000381469727
2019-12-24,20.920000076293945,6.989999771118164,14.8100004196167,12.67185115814209,35.33000183105469,8.904999732971191,15.699999809265137,32.95000076293945,28.399999618530273
2019-12-26,21.1200008392334,7.010000228881836,14.84000015258789,12.766868591308594,35.83000183105469,8.951000213623047,15.760000228881836,33.47999954223633,28.799999237060547
2019-12-27,21.18000030517578,7.050000190734863,14.880000114440918,12.7927827835083,35.9640007019043,8.887999534606934,15.6899995803833,33.279998779296875,29.100000381469727
2019-12-30,21.079999923706055,7.079999923706055,14.819999694824219,12.740955352783203,36.15800094604492,9.012999534606934,15.8100004196167,32.97999954223633,29.0
2019-12-31,20.850000381469727,7.019999980926514,14.800000190734863,12.637300491333008,36.652000427246094,9.093000411987305,15.829999923706055,32.36000061035156,29.25
2020-01-02,20.969999313354492,6.929999828338623,14.899999618530273,12.637300491333008,36.88199996948242,9.234999656677246,15.869999885559082,32.529998779296875,29.299999237060547
2020-01-03,21.729999542236328,6.980000019073486,14.729999542236328,12.939627647399902,37.465999603271484,9.236000061035156,15.65999984741211,33.439998626708984,29.049999237060547
2020-01-06,21.68000030517578,7.119999885559082,14.680000305175781,12.930989265441895,38.172000885009766,9.067999839782715,15.710000038146973,33.33000183105469,28.950000762939453
2020-01-07,21.649999618530273,7.090000152587891,14.670000076293945,12.896437644958496,38.790000915527344,9.147000312805176,15.670000076293945,32.86000061035156,28.899999618530273
2020-01-08,21.010000228881836,7.050000190734863,14.710000038146973,12.576833724975586,39.742000579833984,9.015999794006348,15.720000267028809,31.90999984741211,29.0
2020-01-09,20.760000228881836,7.090000152587891,14.670000076293945,12.4645414352417,39.8120002746582,9.093999862670898,15.649999618530273,31.649999618530273,29.450000762939453
2020-01-10,20.610000610351562,7.239999771118164,14.779999732971191,12.395438194274902,39.86000061035156,9.22700023651123,15.729999542236328,31.729999542236328,29.450000762939453
2020-01-13,20.399999618530273,7.269999980926514,14.850000381469727,12.239954948425293,40.09600067138672,9.192000389099121,15.630000114440918,31.719999313354492,29.299999237060547
2020-01-14,20.459999084472656,7.320000171661377,14.859999656677246,12.291781425476074,40.87799835205078,9.272000312805176,15.670000076293945,31.68000030517578,29.549999237060547
2020-01-15,20.329999923706055,7.400000095367432,14.800000190734863,12.170851707458496,42.37799835205078,9.621999740600586,15.460000038146973,31.469999313354492,29.700000762939453
2020-01-16,20.489999771118164,7.340000152587891,14.4399995803833,12.205402374267578,43.79600143432617,9.49899959564209,15.390000343322754,31.670000076293945,29.299999237060547
2020-01-17,20.600000381469727,7.369999885559082,14.819999694824219,12.196765899658203,46.45800018310547,9.628999710083008,15.430000305175781,31.43000030517578,29.549999237060547
2020-01-21,20.459999084472656,7.409999847412109,14.770000457763672,12.075833320617676,44.448001861572266,9.449000358581543,15.25,31.270000457763672,30.049999237060547
2020-01-22,20.030000686645508,7.420000076293945,14.770000457763672,11.842609405517578,47.400001525878906,9.555000305175781,15.220000267028809,30.219999313354492,29.799999237060547
2020-01-23,19.65999984741211,7.380000114440918,14.869999885559082,11.661213874816895,46.84600067138672,9.460000038146973,15.149999618530273,29.799999237060547,29.899999618530273
2020-01-24,19.280000686645508,7.309999942779541,14.649999618530273,11.410713195800781,45.40999984741211,9.482999801635742,15.039999961853027,29.030000686645508,29.549999237060547
2020-01-27,18.700000762939453,7.260000228881836,14.489999771118164,11.10838508605957,42.24599838256836,9.267000198364258,14.930000305175781,28.209999084472656,29.549999237060547
2020-01-28,18.90999984741211,7.349999904632568,14.59000015258789,11.255229949951172,43.400001525878906,9.300999641418457,14.949999809265137,28.729999542236328,29.299999237060547
2020-01-29,18.850000381469727,7.28000020980835,14.569999694824219,11.194764137268066,43.172000885009766,9.206000328063965,14.899999618530273,29.170000076293945,28.950000762939453
2020-01-30,18.6299991607666,7.269999980926514,14.390000343322754,11.065195083618164,43.650001525878906,9.232000350952148,14.670000076293945,29.0,28.850000381469727
2020-01-31,18.190000534057617,7.25,14.420000076293945,10.875160217285156,43.20800018310547,9.020000457763672,14.579999923706055,28.440000534057617,28.600000381469727
2020-02-03,17.450000762939453,7.389999866485596,14.350000381469727,10.546919822692871,44.141998291015625,9.116999626159668,14.609999656677246,27.829999923706055,28.549999237060547
2020-02-04,17.3799991607666,7.320000171661377,14.460000038146973,10.590108871459961,46.19599914550781,9.097000122070312,14.710000038146973,27.3700008392334,28.700000762939453
2020-02-05,17.790000915527344,7.360000133514404,14.430000305175781,10.823332786560059,45.88600158691406,9.270000457763672,14.720000267028809,28.40999984741211,28.799999237060547
2020-02-06,17.709999084472656,7.369999885559082,14.350000381469727,10.866522789001465,43.698001861572266,9.060999870300293,14.760000228881836,28.399999618530273,28.600000381469727
2020-02-07,17.520000457763672,7.440000057220459,14.470000267028809,10.780143737792969,43.742000579833984,9.119999885559082,14.729999542236328,28.969999313354492,28.799999237060547
2020-02-10,17.18000030517578,7.429999828338623,14.420000076293945,10.616023063659668,44.55799865722656,9.060999870300293,14.760000228881836,28.899999618530273,28.5
2020-02-11,17.399999618530273,7.570000171661377,14.350000381469727,10.711039543151855,44.28200149536133,9.154999732971191,14.729999542236328,28.81999969482422,28.100000381469727
2020-02-12,17.979999542236328,7.579999923706055,14.430000305175781,10.961539268493652,45.44599914550781,9.071000099182129,14.819999694824219,30.1299991607666,28.399999618530273
2020-02-13,18.15999984741211,7.46999979019165,14.359999656677246,10.961539268493652,46.00199890136719,9.130000114440918,14.880000114440918,30.100000381469727,28.200000762939453
2020-02-14,18.399999618530273,7.389999866485596,14.260000228881836,11.022006034851074,46.12799835205078,9.086999893188477,14.829999923706055,30.1200008392334,28.100000381469727
2020-02-18,18.5,7.480000019073486,14.449999809265137,11.039281845092773,49.279998779296875,9.361000061035156,14.770000457763672,30.18000030517578,29.200000762939453
2020-02-19,18.940000534057617,7.570000171661377,14.380000114440918,11.194764137268066,51.29600143432617,9.503999710083008,14.800000190734863,30.920000076293945,29.100000381469727
2020-02-20,18.989999771118164,7.53000020980835,14.300000190734863,11.142936706542969,50.92399978637695,9.22599983215332,14.760000228881836,30.93000030517578,28.950000762939453
2020-02-21,18.670000076293945,7.590000152587891,14.199999809265137,11.047919273376465,51.172000885009766,9.201000213623047,14.720000267028809,30.56999969482422,28.700000762939453
2020-02-24,17.950000762939453,7.409999847412109,14.050000190734863,10.754229545593262,49.61800003051758,9.079999923706055,14.5,29.639999389648438,27.850000381469727
2020-02-25,17.459999084472656,7.440000057220459,14.039999961853027,10.434625625610352,51.16600036621094,8.677000045776367,14.579999923706055,28.40999984741211,27.850000381469727
2020-02-26,17.06999969482422,7.369999885559082,14.0,10.227315902709961,52.61600112915039,8.590999603271484,14.640000343322754,27.280000686645508,27.700000762939453
2020-02-27,16.610000610351562,7.230000019073486,13.760000228881836,9.976815223693848,54.53799819946289,8.463000297546387,14.649999618530273,26.209999084472656,27.25
2020-02-28,16.18000030517578,7.110000133514404,13.760000228881836,9.76086711883545,48.22200012207031,8.11400032043457,14.569999694824219,25.81999969482422,27.149999618530273
2020-03-02,17.020000457763672,7.090000152587891,14.010000228881836,10.158211708068848,47.20600128173828,8.111000061035156,14.760000228881836,26.989999771118164,27.149999618530273
2020-03-03,16.799999237060547,7.099999904632568,14.149999618530273,10.123661041259766,46.79399871826172,8.258000373840332,14.779999732971191,26.670000076293945,27.399999618530273
2020-03-04,16.649999618530273,6.909999847412109,14.260000228881836,10.175488471984863,47.832000732421875,8.263999938964844,14.800000190734863,27.280000686645508,26.950000762939453
2020-03-05,16.15999984741211,6.889999866485596,14.15999984741211,9.94226360321045,47.53799819946289,8.175000190734863,14.649999618530273,26.420000076293945,26.950000762939453
2020-03-06,14.739999771118164,6.739999771118164,14.020000457763672,9.346245765686035,47.97999954223633,8.520000457763672,14.529999732971191,24.3799991607666,26.600000381469727
2020-03-09,11.510000228881836,6.550000190734863,13.850000381469727,8.033280372619629,46.85200119018555,8.156000137329102,14.260000228881836,19.93000030517578,27.0
2020-03-10,12.239999771118164,6.460000038146973,14.0,8.560194969177246,45.19599914550781,8.210000038146973,14.34000015258789,20.489999771118164,27.049999237060547
2020-03-11,11.670000076293945,6.300000190734863,13.850000381469727,8.370159149169922,42.91999816894531,8.149999618530273,14.260000228881836,19.329999923706055,26.649999618530273
2020-03-12,10.609999656677246,6.0,13.539999961853027,7.938262462615967,34.45399856567383,7.190000057220459,13.9399995803833,15.800000190734863,26.149999618530273
2020-03-13,11.260000228881836,6.050000190734863,13.760000228881836,8.050556182861328,32.832000732421875,7.169000148773193,13.9399995803833,16.110000610351562,26.299999237060547
2020-03-16,9.699999809265137,5.739999771118164,13.329999923706055,7.273141860961914,30.007999420166016,6.205999851226807,13.569999694824219,12.510000228881836,25.850000381469727
2020-03-17,9.319999694824219,5.630000114440918,13.029999732971191,7.134934902191162,30.854000091552734,6.249000072479248,13.449999809265137,12.460000038146973,25.75
2020-03-18,8.90999984741211,5.550000190734863,12.989999771118164,6.703038215637207,29.642000198364258,5.881999969482422,13.579999923706055,11.569999694824219,26.299999237060547
2020-03-19,8.84000015258789,5.449999809265137,13.149999618530273,7.057193279266357,31.18000030517578,5.535999774932861,13.619999885559082,11.800000190734863,27.5
2020-03-20,9.069999694824219,5.579999923706055,13.0,6.944900035858154,30.312000274658203,5.756999969482422,13.850000381469727,11.119999885559082,27.5
2020-03-23,8.949999809265137,5.619999885559082,13.130000114440918,6.910347938537598,32.119998931884766,6.015999794006348,14.029999732971191,9.319999694824219,28.399999618530273
2020-03-24,9.039999961853027,5.710000038146973,13.149999618530273,7.005365371704102,36.02000045776367,6.679999828338623,14.050000190734863,8.899999618530273,28.399999618530273
2020-03-25,9.180000305175781,5.829999923706055,13.25,7.281779766082764,43.599998474121094,6.979000091552734,14.119999885559082,10.649999618530273,28.899999618530273
2020-03-26,8.859999656677246,5.820000171661377,13.300000190734863,7.160848617553711,44.400001525878906,6.914000034332275,14.109999656677246,10.619999885559082,28.549999237060547
2020-03-27,8.460000038146973,5.710000038146973,13.15999984741211,7.186762809753418,43.152000427246094,6.933000087738037,14.109999656677246,10.5600004196167,28.5
2020-03-30,8.010000228881836,5.570000171661377,13.010000228881836,7.152210235595703,43.599998474121094,6.828000068664551,14.079999923706055,10.619999885559082,28.450000762939453
2020-03-31,7.889999866485596,5.460000038146973,12.960000038146973,7.014003753662109,44.4379997253418,6.789999961853027,14.050000190734863,10.119999885559082,29.0
2020-04-01,7.619999885559082,5.210000038146973,12.640000343322754,6.789417743682861,41.15599822998047,6.736999988555908,13.75,9.59000015258789,28.100000381469727
2020-04-02,9.0600004196167,5.400000095367432,12.6899995803833,6.979451656341553,41.518001556396484,6.861000061035156,13.8100004196167,11.399999618530273,27.799999237060547
2020-04-03,10.420000076293945,5.429999828338623,12.710000038146973,7.3076934814453125,41.167999267578125,6.801000118255615,13.729999542236328,11.970000267028809,28.0
2020-04-06,10.020000457763672,5.420000076293945,12.550000190734863,7.350883483886719,40.20000076293945,6.9679999351501465,13.890000343322754,12.199999809265137,28.350000381469727
2020-04-07,9.84000015258789,5.420000076293945,12.729999542236328,7.394073009490967,41.060001373291016,6.98799991607666,13.770000457763672,11.34000015258789,28.100000381469727
2020-04-08,10.199999809265137,5.539999961853027,12.65999984741211,7.394073009490967,40.0880012512207,6.900000095367432,13.859999656677246,12.119999885559082,28.149999618530273
2020-04-09,9.739999771118164,5.619999885559082,12.65999984741211,7.3076934814453125,40.00400161743164,7.0289998054504395,14.0,11.8100004196167,28.600000381469727
2020-04-13,9.720000267028809,5.489999771118164,12.710000038146973,7.523642063140869,41.066001892089844,7.079999923706055,13.899999618530273,12.390000343322754,28.850000381469727
2020-04-14,9.119999885559082,5.449999809265137,12.420000076293945,7.463176727294922,41.84000015258789,7.394999980926514,13.829999923706055,12.600000381469727,28.399999618530273
2020-04-15,8.5,5.389999866485596,12.25,7.160848617553711,41.082000732421875,7.329999923706055,13.789999961853027,12.520000457763672,27.899999618530273
2020-04-16,8.5600004196167,5.329999923706055,12.170000076293945,7.178124904632568,41.04800033569336,7.380000114440918,13.720000267028809,12.1899995803833,27.450000762939453
2020-04-17,8.579999923706055,5.550000190734863,12.40999984741211,7.229951858520508,41.20399856567383,7.300000190734863,13.649999618530273,12.449999809265137,27.549999237060547
2020-04-20,7.989999771118164,5.349999904632568,12.020000457763672,7.057193279266357,41.380001068115234,7.265999794006348,13.520000457763672,11.760000228881836,28.0
2020-04-21,6.420000076293945,5.360000133514404,11.850000381469727,6.262502670288086,36.400001525878906,7.005000114440918,13.5,10.020000457763672,27.950000762939453
2020-04-22,6.429999828338623,5.329999923706055,12.069999694824219,6.530279159545898,36.68600082397461,7.164999961853027,13.630000114440918,11.3100004196167,27.75
2020-04-23,6.610000133514404,5.389999866485596,12.149999618530273,6.417985916137695,37.2400016784668,7.323999881744385,13.609999656677246,11.079999923706055,27.899999618530273
2020-04-24,6.630000114440918,5.110000133514404,12.0600004196167,6.30569314956665,38.35599899291992,7.229000091552734,13.4399995803833,11.350000381469727,27.299999237060547
2020-04-27,6.079999923706055,4.920000076293945,11.75,6.12429666519165,36.481998443603516,7.208000183105469,13.449999809265137,11.029999732971191,26.799999237060547
2020-04-28,6.010000228881836,5.079999923706055,11.720000267028809,6.132934093475342,36.15999984741211,7.380000114440918,13.34000015258789,11.359999656677246,27.049999237060547
2020-04-29,6.389999866485596,5.25,11.899999618530273,6.288416862487793,37.097999572753906,7.38700008392334,13.539999961853027,12.220000267028809,26.5
2020-04-30,7.019999980926514,5.409999847412109,12.020000457763672,6.5734686851501465,36.93600082397461,7.4019999504089355,13.770000457763672,12.430000305175781,26.799999237060547
2020-05-01,7.0,5.46999979019165,11.960000038146973,6.383434295654297,35.784000396728516,7.216000080108643,13.739999771118164,12.319999694824219,26.549999237060547
2020-05-04,7.369999885559082,5.329999923706055,11.899999618530273,6.599382400512695,34.599998474121094,7.263999938964844,13.520000457763672,13.489999771118164,26.549999237060547
2020-05-05,8.210000038146973,5.449999809265137,11.930000305175781,6.927624702453613,34.209999084472656,7.25600004196167,13.4399995803833,14.479999542236328,26.75
2020-05-06,7.880000114440918,5.5,11.8100004196167,6.6771240234375,33.79800033569336,7.071000099182129,13.399999618530273,14.180000305175781,26.350000381469727
2020-05-07,7.679999828338623,5.260000228881836,11.979999542236328,6.651210308074951,35.02799987792969,7.215000152587891,13.479999542236328,14.75,26.700000762939453
2020-05-08,8.109999656677246,5.269999980926514,12.0600004196167,6.918986797332764,35.439998626708984,7.248000144958496,13.649999618530273,15.300000190734863,26.850000381469727
2020-05-11,7.940000057220459,5.190000057220459,11.960000038146973,6.7807793617248535,35.43199920654297,7.224999904632568,13.680000305175781,15.039999961853027,26.450000762939453
2020-05-12,7.869999885559082,5.21999979019165,12.020000457763672,6.694400310516357,35.13199996948242,7.179999828338623,13.630000114440918,14.6899995803833,26.299999237060547
2020-05-13,7.710000038146973,5.170000076293945,11.90999984741211,6.5734686851501465,34.11199951171875,7.168000221252441,13.5,13.529999732971191,25.799999237060547
2020-05-14,8.210000038146973,5.28000020980835,11.859999656677246,6.8066935539245605,34.7599983215332,7.270999908447266,13.470000267028809,14.880000114440918,25.950000762939453
2020-05-15,8.630000114440918,5.28000020980835,11.930000305175781,6.910347938537598,35.2859992980957,7.534999847412109,13.479999542236328,15.600000381469727,25.850000381469727
2020-05-18,9.279999732971191,5.460000038146973,11.90999984741211,7.316331386566162,37.948001861572266,7.760000228881836,13.609999656677246,16.690000534057617,25.600000381469727
2020-05-19,9.140000343322754,5.400000095367432,11.970000267028809,7.238590240478516,38.39799880981445,7.910999774932861,13.579999923706055,16.739999771118164,25.649999618530273
2020-05-20,9.470000267028809,5.510000228881836,11.979999542236328,7.394073009490967,39.20000076293945,8.11400032043457,13.670000076293945,16.829999923706055,26.350000381469727
2020-05-21,9.539999961853027,5.46999979019165,11.90999984741211,7.454538345336914,37.88999938964844,7.883999824523926,13.520000457763672,16.850000381469727,26.5
2020-05-22,9.319999694824219,5.440000057220459,11.890000343322754,7.359521865844727,36.902000427246094,7.827000141143799,13.539999961853027,16.6200008392334,26.100000381469727
2020-05-26,9.5600004196167,5.449999809265137,12.010000228881836,7.480451583862305,37.400001525878906,7.841000080108643,13.649999618530273,16.809999465942383,26.049999237060547
2020-05-27,9.270000457763672,5.429999828338623,12.0,7.333607196807861,37.11800003051758,7.888999938964844,13.680000305175781,16.139999389648438,25.950000762939453
2020-05-28,9.369999885559082,5.409999847412109,12.210000038146973,7.359521865844727,36.33399963378906,7.86299991607666,13.6899995803833,16.260000228881836,26.350000381469727
2020-05-29,9.779999732971191,5.46999979019165,12.180000305175781,7.54955530166626,36.44599914550781,7.906000137329102,13.65999984741211,16.889999389648438,26.75
2020-06-01,10.079999923706055,5.46999979019165,12.039999961853027,7.601383209228516,37.31399917602539,8.112000465393066,13.640000343322754,16.920000076293945,26.549999237060547
2020-06-02,10.369999885559082,5.590000152587891,12.079999923706055,7.774142265319824,36.97999954223633,7.974999904632568,13.800000190734863,17.68000030517578,26.299999237060547
2020-06-03,10.3100004196167,5.760000228881836,12.0600004196167,7.774142265319824,36.91999816894531,7.8460001945495605,13.880000114440918,17.639999389648438,26.299999237060547
2020-06-04,10.390000343322754,5.820000171661377,12.279999732971191,7.86052131652832,36.30799865722656,7.913000106811523,14.069999694824219,18.09000015258789,27.049999237060547
2020-06-05,11.010000228881836,5.949999809265137,12.369999885559082,8.145573616027832,36.95000076293945,7.736000061035156,14.119999885559082,19.170000076293945,26.649999618530273
2020-06-08,10.670000076293945,5.849999904632568,12.420000076293945,8.016003608703613,38.597999572753906,7.8979997634887695,14.050000190734863,19.020000457763672,26.450000762939453
2020-06-09,10.710000038146973,5.949999809265137,12.3100004196167,8.102383613586426,36.97200012207031,7.8429999351501465,14.020000457763672,19.100000381469727,26.100000381469727
2020-06-10,10.75,5.940000057220459,12.239999771118164,8.085107803344727,36.79999923706055,7.921000003814697,14.029999732971191,19.040000915527344,26.149999618530273
2020-06-11,9.989999771118164,5.840000152587891,12.319999694824219,7.653210639953613,36.077999114990234,7.581999778747559,14.0,17.579999923706055,25.850000381469727
2020-06-12,10.149999618530273,5.789999961853027,12.289999961853027,7.73095178604126,36.2400016784668,7.6519999504089355,14.039999961853027,17.790000915527344,26.049999237060547
2020-06-15,10.369999885559082,5.769999980926514,12.229999542236328,7.877796649932861,36.402000427246094,7.666999816894531,14.010000228881836,18.520000457763672,25.950000762939453
2020-06-16,10.670000076293945,5.829999923706055,12.210000038146973,8.033280372619629,36.37200164794922,7.788000106811523,13.960000038146973,19.110000610351562,25.600000381469727
2020-06-17,10.569999694824219,5.809999942779541,12.260000228881836,7.946901798248291,36.099998474121094,7.748000144958496,14.020000457763672,19.1299991607666,25.399999618530273
2020-06-18,10.8100004196167,5.710000038146973,12.270000457763672,8.085107803344727,35.650001525878906,7.645999908447266,14.0,19.780000686645508,25.100000381469727
2020-06-19,10.970000267028809,5.809999942779541,12.359999656677246,8.119658470153809,35.65999984741211,7.709000110626221,14.039999961853027,19.850000381469727,25.049999237060547
2020-06-22,11.229999542236328,5.829999923706055,12.220000267028809,8.292418479919434,36.279998779296875,7.763000011444092,14.020000457763672,20.309999465942383,25.25
2020-06-23,11.109999656677246,5.78000020980835,12.0600004196167,8.240591049194336,36.11199951171875,7.863999843597412,13.960000038146973,20.420000076293945,25.25
2020-06-24,10.550000190734863,5.760000228881836,11.970000267028809,7.886435031890869,35.215999603271484,7.576000213623047,13.90999984741211,18.780000686645508,25.0
2020-06-25,10.8100004196167,5.78000020980835,11.789999961853027,8.016003608703613,34.43600082397461,7.572999954223633,13.850000381469727,18.959999084472656,25.0
2020-06-26,10.59000015258789,5.610000133514404,11.670000076293945,7.82597017288208,35.444000244140625,7.579999923706055,13.720000267028809,17.889999389648438,24.299999237060547
2020-06-29,10.899999618530273,5.690000057220459,11.960000038146973,8.05919361114502,35.928001403808594,7.640999794006348,13.739999771118164,18.75,24.950000762939453
2020-06-30,10.789999961853027,5.75,12.399999618530273,8.007366180419922,36.55799865722656,7.816999912261963,13.970000267028809,18.950000762939453,25.299999237060547
2020-07-01,10.9399995803833,5.869999885559082,12.670000076293945,8.05919361114502,36.198001861572266,7.76800012588501,14.279999732971191,19.100000381469727,25.549999237060547
2020-07-02,11.15999984741211,5.900000095367432,12.479999542236328,8.171486854553223,35.698001861572266,7.688000202178955,14.229999542236328,19.559999465942383,25.200000762939453
2020-07-06,11.220000267028809,5.789999961853027,12.579999923706055,8.240591049194336,36.599998474121094,7.784999847412109,14.380000114440918,19.579999923706055,25.25
2020-07-07,11.170000076293945,5.820000171661377,12.470000267028809,8.257866859436035,36.46200180053711,7.918000221252441,14.270000457763672,19.940000534057617,25.25
2020-07-08,11.279999732971191,5.840000152587891,12.529999732971191,8.344245910644531,36.00199890136719,8.013999938964844,14.289999961853027,20.209999084472656,26.350000381469727
2020-07-09,11.020000457763672,5.769999980926514,12.65999984741211,8.171486854553223,36.77799987792969,7.9070000648498535,14.34000015258789,19.639999389648438,26.600000381469727
2020-07-10,11.25,5.760000228881836,12.270000457763672,8.301055908203125,37.40999984741211,7.824999809265137,14.180000305175781,20.110000610351562,27.049999237060547
2020-07-13,11.039999961853027,5.639999866485596,11.970000267028809,8.171486854553223,37.47999954223633,7.864999771118164,13.930000305175781,19.709999084472656,26.549999237060547
2020-07-14,11.180000305175781,5.559999942779541,11.9399995803833,8.231951713562012,36.900001525878906,7.7779998779296875,14.029999732971191,19.649999618530273,26.700000762939453
2020-07-15,11.380000114440918,5.760000228881836,11.90999984741211,8.326969146728516,37.327999114990234,7.834000110626221,14.069999694824219,19.760000228881836,27.600000381469727
2020-07-16,11.300000190734863,5.699999809265137,12.010000228881836,8.266504287719727,37.736000061035156,7.751999855041504,14.149999618530273,19.3700008392334,27.049999237060547
2020-07-17,11.25,5.710000038146973,12.09000015258789,8.231951713562012,37.92599868774414,7.879000186920166,14.25,19.18000030517578,26.950000762939453
2020-07-20,11.260000228881836,5.699999809265137,11.979999542236328,8.266504287719727,38.79999923706055,8.029000282287598,14.270000457763672,19.31999969482422,26.450000762939453
2020-07-21,11.529999732971191,5.690000057220459,11.829999923706055,8.430624961853027,40.2760009765625,8.29699993133545,14.210000038146973,20.110000610351562,26.700000762939453
2020-07-22,11.5600004196167,5.789999961853027,11.949999809265137,8.447900772094727,40.91999816894531,8.718999862670898,14.270000457763672,20.1200008392334,27.0
2020-07-23,11.390000343322754,5.739999771118164,11.989999771118164,8.37879753112793,40.630001068115234,8.661999702453613,14.300000190734863,19.860000610351562,26.75
2020-07-24,11.350000381469727,5.650000095367432,11.979999542236328,8.40471076965332,41.88800048828125,8.668000221252441,14.279999732971191,19.989999771118164,27.299999237060547
2020-07-27,11.399999618530273,5.880000114440918,11.920000076293945,8.456538200378418,43.555999755859375,8.84000015258789,14.329999923706055,19.8799991607666,26.75
2020-07-28,11.3100004196167,5.800000190734863,11.770000457763672,8.40471076965332,42.847999572753906,8.960000038146973,14.15999984741211,19.65999984741211,26.600000381469727
2020-07-29,11.449999809265137,5.820000171661377,11.699999809265137,8.456538200378418,40.8120002746582,8.831999778747559,14.15999984741211,19.3700008392334,26.950000762939453
2020-07-30,11.270000457763672,5.840000152587891,11.729999542236328,8.309694290161133,39.59600067138672,8.463000297546387,14.1899995803833,19.0,26.799999237060547
2020-07-31,11.319999694824219,6.059999942779541,11.720000267028809,8.309694290161133,39.4900016784668,8.526000022888184,14.229999542236328,18.719999313354492,27.049999237060547
2020-08-03,11.390000343322754,6.039999961853027,11.770000457763672,8.439264297485352,39.470001220703125,8.628999710083008,14.260000228881836,19.290000915527344,26.600000381469727
2020-08-04,11.5,6.070000171661377,11.539999961853027,8.508366584777832,40.44599914550781,8.887999534606934,14.15999984741211,19.280000686645508,26.049999237060547
2020-08-05,11.710000038146973,6.010000228881836,11.640000343322754,8.620658874511719,41.35599899291992,9.164999961853027,14.079999923706055,19.530000686645508,26.100000381469727
2020-08-06,11.720000267028809,6.119999885559082,11.640000343322754,8.620658874511719,41.68199920654297,9.383999824523926,14.079999923706055,19.68000030517578,25.700000762939453
2020-08-07,11.59000015258789,6.0,11.59000015258789,8.534280776977539,40.84000015258789,9.038999557495117,13.920000076293945,19.329999923706055,25.350000381469727
2020-08-10,11.670000076293945,5.960000038146973,11.65999984741211,8.637935638427734,41.70600128173828,9.302000045776367,14.010000228881836,19.690000534057617,25.25
2020-08-11,11.529999732971191,6.050000190734863,11.670000076293945,8.594745635986328,39.36199951171875,8.800000190734863,13.90999984741211,19.170000076293945,25.299999237060547
2020-08-12,11.75,6.050000190734863,11.720000267028809,8.72431468963623,40.06399917602539,8.725000381469727,14.100000381469727,19.799999237060547,25.25
2020-08-13,11.699999809265137,6.150000095367432,12.109999656677246,8.698400497436523,40.97999954223633,9.067999839782715,14.319999694824219,19.68000030517578,25.549999237060547
2020-08-14,11.640000343322754,6.150000095367432,12.09000015258789,8.698400497436523,40.071998596191406,8.902999877929688,14.300000190734863,19.889999389648438,25.700000762939453
2020-08-17,11.75,6.170000076293945,12.319999694824219,8.802056312561035,41.47600173950195,9.020000457763672,14.569999694824219,20.290000915527344,26.5
2020-08-18,11.710000038146973,6.070000171661377,12.229999542236328,8.810694694519043,41.38199996948242,9.114999771118164,14.5600004196167,20.34000015258789,26.149999618530273
2020-08-19,11.729999542236328,6.199999809265137,12.149999618530273,8.819332122802734,40.540000915527344,8.758999824523926,14.520000457763672,20.389999389648438,26.200000762939453
2020-08-20,11.670000076293945,6.099999904632568,12.149999618530273,8.793418884277344,41.145999908447266,8.666999816894531,14.460000038146973,20.520000457763672,26.600000381469727
2020-08-21,11.5,6.03000020980835,12.149999618530273,8.663848876953125,40.72200012207031,8.687000274658203,14.40999984741211,20.1299991607666,26.75
2020-08-24,11.670000076293945,6.090000152587891,12.289999961853027,8.793418884277344,40.459999084472656,8.640999794006348,14.449999809265137,21.06999969482422,26.549999237060547
2020-08-25,11.880000114440918,6.050000190734863,12.579999923706055,8.888435363769531,40.74599838256836,8.772000312805176,14.65999984741211,21.139999389648438,26.899999618530273
2020-08-26,11.829999923706055,6.019999980926514,12.579999923706055,8.86252212524414,41.279998779296875,8.824999809265137,14.699999809265137,21.059999465942383,27.100000381469727
2020-08-27,11.680000305175781,6.079999923706055,12.670000076293945,8.758866310119629,40.93000030517578,8.70199966430664,14.899999618530273,20.270000457763672,27.649999618530273
2020-08-28,11.760000228881836,6.039999961853027,12.699999809265137,8.845246315002441,41.47600173950195,8.788000106811523,15.069999694824219,20.850000381469727,27.549999237060547
2020-08-31,11.670000076293945,6.050000190734863,12.619999885559082,8.758866310119629,42.37200164794922,8.788999557495117,15.130000114440918,20.360000610351562,27.600000381469727
2020-09-01,11.710000038146973,6.010000228881836,12.630000114440918,8.793418884277344,42.7599983215332,8.86400032043457,15.109999656677246,20.469999313354492,28.149999618530273
2020-09-02,11.380000114440918,6.039999961853027,12.65999984741211,8.594745635986328,42.25,8.5649995803833,15.220000267028809,20.06999969482422,27.950000762939453
2020-09-03,11.279999732971191,5.900000095367432,12.539999961853027,8.568832397460938,42.72800064086914,8.345000267028809,15.260000228881836,20.110000610351562,27.649999618530273
2020-09-04,10.869999885559082,5.820000171661377,12.65999984741211,8.326969146728516,43.00199890136719,8.479999542236328,15.300000190734863,19.510000228881836,27.649999618530273
2020-09-08,10.210000038146973,5.829999923706055,12.760000228881836,7.929625511169434,42.82600021362305,8.482999801635742,15.350000381469727,18.389999389648438,27.299999237060547
2020-09-09,10.430000305175781,5.820000171661377,12.720000267028809,8.067831993103027,43.19599914550781,8.678999900817871,15.390000343322754,18.65999984741211,27.25
2020-09-10,10.199999809265137,5.809999942779541,12.84000015258789,7.912349224090576,42.82400131225586,8.682999610900879,15.34000015258789,18.190000534057617,27.450000762939453
2020-09-11,10.239999771118164,5.809999942779541,12.989999771118164,7.955538749694824,43.150001525878906,8.710000038146973,15.579999923706055,18.389999389648438,27.25
2020-09-14,10.15999984741211,5.78000020980835,12.949999809265137,7.946901798248291,43.59199905395508,8.975000381469727,15.649999618530273,18.489999771118164,27.450000762939453
2020-09-15,10.399999618530273,5.840000152587891,12.869999885559082,8.067831993103027,44.79999923706055,9.111000061035156,15.579999923706055,18.969999313354492,26.950000762939453
2020-09-16,10.829999923706055,5.909999847412109,12.949999809265137,8.335607528686523,44.30799865722656,9.092000007629395,15.789999961853027,19.899999618530273,27.100000381469727
2020-09-17,11.079999923706055,6.039999961853027,13.029999732971191,8.49972915649414,43.2599983215332,8.819000244140625,15.9399995803833,20.420000076293945,27.850000381469727
2020-09-18,11.010000228881836,6.090000152587891,13.1899995803833,8.473814964294434,44.194000244140625,8.718000411987305,16.170000076293945,20.420000076293945,28.75
2020-09-21,10.6899995803833,6.010000228881836,12.949999809265137,8.240591049194336,42.63600158691406,8.33899974822998,15.829999923706055,19.719999313354492,27.75
2020-09-22,10.670000076293945,6.110000133514404,12.890000343322754,8.188763618469238,41.80400085449219,8.182999610900879,15.800000190734863,19.420000076293945,27.850000381469727
2020-09-23,10.609999656677246,6.039999961853027,12.869999885559082,8.188763618469238,41.33599853515625,7.873000144958496,15.699999809265137,19.489999771118164,27.350000381469727
2020-09-24,10.699999809265137,6.090000152587891,12.720000267028809,8.275141716003418,41.77199935913086,7.997000217437744,15.489999771118164,19.780000686645508,27.450000762939453
2020-09-25,10.6899995803833,6.090000152587891,12.75,8.292418479919434,41.667999267578125,8.006999969482422,15.529999732971191,20.15999984741211,27.200000762939453
2020-09-28,10.850000381469727,5.909999847412109,12.770000457763672,8.387434959411621,42.762001037597656,8.302000045776367,15.449999809265137,20.559999465942383,27.450000762939453
2020-09-29,10.449999809265137,6.059999942779541,12.720000267028809,8.111021041870117,43.448001861572266,8.324999809265137,15.420000076293945,19.770000457763672,27.450000762939453
2020-09-30,10.649999618530273,6.090000152587891,13.109999656677246,8.249228477478027,43.301998138427734,8.39900016784668,15.84000015258789,19.920000076293945,28.549999237060547
2020-10-01,10.34000015258789,6.119999885559082,13.239999771118164,8.05919361114502,43.72999954223633,8.473999977111816,15.899999618530273,19.520000457763672,28.299999237060547
2020-10-02,9.90999984741211,6.110000133514404,13.130000114440918,7.791418552398682,43.400001525878906,8.260000228881836,15.829999923706055,18.989999771118164,28.399999618530273
2020-10-05,10.489999771118164,6.159999847412109,13.1899995803833,8.214676856994629,44.3120002746582,8.435999870300293,15.869999885559082,20.290000915527344,28.850000381469727
2020-10-06,10.65999984741211,6.239999771118164,13.289999961853027,8.326969146728516,44.0,8.072999954223633,16.020000457763672,20.649999618530273,29.049999237060547
2020-10-07,10.649999618530273,6.300000190734863,13.380000114440918,8.31833267211914,44.29800033569336,8.131999969482422,16.010000228881836,20.3799991607666,29.700000762939453
2020-10-08,10.979999542236328,6.300000190734863,13.3100004196167,8.491090774536133,44.902000427246094,8.12399959564209,15.960000038146973,20.899999618530273,29.149999618530273
2020-10-09,10.8100004196167,6.329999923706055,13.5,8.396074295043945,46.09199905395508,8.366000175476074,16.270000457763672,20.360000610351562,29.149999618530273
2020-10-12,10.569999694824219,6.190000057220459,13.300000190734863,8.257866859436035,45.13800048828125,8.239999771118164,15.920000076293945,19.940000534057617,29.25
2020-10-13,10.739999771118164,6.210000038146973,13.380000114440918,8.326969146728516,43.104000091552734,8.154000282287598,16.059999465942383,20.0,29.100000381469727
2020-10-14,10.960000038146973,6.309999942779541,13.430000305175781,8.456538200378418,44.05799865722656,8.076000213623047,16.149999618530273,20.290000915527344,29.149999618530273
2020-10-15,10.920000076293945,6.28000020980835,13.550000190734863,8.430624961853027,44.20000076293945,8.133999824523926,16.170000076293945,20.059999465942383,30.0
2020-10-16,10.8100004196167,6.309999942779541,13.569999694824219,8.36152172088623,43.869998931884766,8.111000061035156,16.06999969482422,19.739999771118164,30.0
2020-10-19,10.710000038146973,6.360000133514404,13.65999984741211,8.31833267211914,43.900001525878906,8.03600025177002,16.100000381469727,19.600000381469727,30.149999618530273
2020-10-20,10.84000015258789,6.349999904632568,13.729999542236328,8.421987533569336,45.237998962402344,8.204999923706055,16.25,20.040000915527344,30.600000381469727
2020-10-21,10.550000190734863,6.340000152587891,13.819999694824219,8.223315238952637,45.327999114990234,8.350000381469727,16.31999969482422,19.399999618530273,30.600000381469727
2020-10-22,10.729999542236328,6.449999809265137,13.800000190734863,8.31833267211914,44.89799880981445,8.286999702453613,16.299999237060547,19.68000030517578,30.149999618530273
2020-10-23,10.529999732971191,6.380000114440918,13.819999694824219,8.188763618469238,45.02799987792969,8.498000144958496,16.440000534057617,19.31999969482422,30.700000762939453
2020-10-26,10.220000267028809,6.380000114440918,13.729999542236328,7.998728275299072,44.358001708984375,8.229999542236328,16.469999313354492,18.809999465942383,30.0
2020-10-27,10.40999984741211,6.320000171661377,13.680000305175781,8.154211044311523,43.79800033569336,8.274999618530273,16.34000015258789,19.309999465942383,29.799999237060547
2020-10-28,9.930000305175781,6.269999980926514,13.3100004196167,7.808693885803223,42.13800048828125,8.14900016784668,16.06999969482422,18.229999542236328,29.399999618530273
2020-10-29,9.619999885559082,6.150000095367432,13.239999771118164,7.635934829711914,41.39799880981445,8.003000259399414,16.020000457763672,17.649999618530273,29.100000381469727
2020-10-30,9.479999542236328,6.110000133514404,13.329999923706055,7.584107875823975,41.566001892089844,7.960999965667725,16.1299991607666,17.65999984741211,29.049999237060547
2020-11-02,9.84000015258789,6.269999980926514,13.3100004196167,7.817332744598389,41.566001892089844,8.085000038146973,16.09000015258789,18.200000762939453,29.399999618530273
2020-11-03,10.010000228881836,6.21999979019165,13.449999809265137,7.912349224090576,42.99800109863281,8.170999526977539,16.25,18.549999237060547,29.5
2020-11-04,10.300000190734863,6.21999979019165,13.609999656677246,8.05919361114502,42.90800094604492,8.168999671936035,16.549999237060547,18.959999084472656,29.5
2020-11-05,10.199999809265137,6.210000038146973,13.729999542236328,8.016003608703613,44.4379997253418,8.428999900817871,16.809999465942383,19.06999969482422,29.799999237060547
2020-11-06,9.949999809265137,6.409999847412109,13.680000305175781,7.851883411407471,46.65999984741211,8.36400032043457,16.829999923706055,18.719999313354492,29.600000381469727
2020-11-09,10.569999694824219,6.400000095367432,13.720000267028809,8.231951713562012,46.35200119018555,8.105999946594238,16.8700008392334,19.81999969482422,29.450000762939453
2020-11-10,10.930000305175781,6.400000095367432,14.1899995803833,8.465176582336426,46.279998779296875,8.284000396728516,17.399999618530273,20.450000762939453,30.0
2020-11-11,10.989999771118164,6.329999923706055,14.130000114440918,8.482452392578125,43.43000030517578,8.119999885559082,17.489999771118164,20.229999542236328,29.549999237060547
2020-11-12,10.869999885559082,6.420000076293945,13.899999618530273,8.36152172088623,43.72600173950195,8.234999656677246,17.440000534057617,19.690000534057617,29.149999618530273
2020-11-13,10.720000267028809,6.380000114440918,13.960000038146973,8.231951713562012,43.83399963378906,8.36299991607666,17.510000228881836,19.34000015258789,29.350000381469727
2020-11-16,10.989999771118164,6.559999942779541,14.09000015258789,8.335607528686523,43.763999938964844,8.6850004196167,17.639999389648438,19.729999542236328,29.649999618530273
2020-11-17,10.979999542236328,6.539999961853027,14.100000381469727,8.344245910644531,43.470001220703125,8.704000473022461,17.75,19.829999923706055,29.450000762939453
2020-11-18,11.069999694824219,6.570000171661377,14.220000267028809,8.370159149169922,43.77199935913086,8.83899974822998,17.799999237060547,19.84000015258789,29.600000381469727
2020-11-19,11.100000381469727,6.539999961853027,14.140000343322754,8.37879753112793,43.694000244140625,8.92199993133545,17.850000381469727,19.979999542236328,29.299999237060547
2020-11-20,11.260000228881836,6.480000019073486,14.15999984741211,8.456538200378418,43.46799850463867,8.91100025177002,17.8799991607666,20.149999618530273,29.200000762939453
2020-11-23,11.420000076293945,6.480000019073486,14.3100004196167,8.517004013061523,44.268001556396484,8.711999893188477,18.059999465942383,20.479999542236328,29.399999618530273
2020-11-24,11.930000305175781,6.460000038146973,14.3100004196167,8.905713081359863,44.25199890136719,9.0,18.06999969482422,21.450000762939453,30.0
2020-11-25,12.130000114440918,6.400000095367432,14.180000305175781,9.026642799377441,43.89400100708008,9.069999694824219,17.93000030517578,21.84000015258789,29.100000381469727
2020-11-27,12.020000457763672,6.460000038146973,14.390000343322754,8.948901176452637,45.65800094604492,9.04699993133545,18.040000915527344,21.59000015258789,29.549999237060547
2020-11-30,11.920000076293945,6.360000133514404,14.149999618530273,8.87979793548584,44.74599838256836,9.074000358581543,17.709999084472656,21.229999542236328,28.600000381469727
2020-12-01,11.819999694824219,6.420000076293945,13.970000267028809,8.784780502319336,45.104000091552734,9.407999992370605,17.639999389648438,20.899999618530273,28.200000762939453
2020-12-02,12.0,6.460000038146973,14.069999694824219,8.86252212524414,44.784000396728516,9.501999855041504,17.510000228881836,21.280000686645508,28.75
2020-12-03,12.15999984741211,6.429999828338623,14.130000114440918,8.888435363769531,43.119998931884766,9.729000091552734,17.670000076293945,21.6299991607666,28.5
2020-12-04,12.239999771118164,6.400000095367432,14.0,8.966176986694336,43.93600082397461,9.991000175476074,17.639999389648438,21.68000030517578,28.149999618530273
2020-12-07,12.170000076293945,6.400000095367432,14.050000190734863,8.87979793548584,44.04199981689453,9.663000106811523,17.6299991607666,21.520000457763672,28.149999618530273
2020-12-08,12.210000038146973,6.380000114440918,13.970000267028809,8.966176986694336,43.38199996948242,9.63599967956543,17.520000457763672,21.600000381469727,27.899999618530273
2020-12-09,12.199999809265137,6.53000020980835,14.079999923706055,8.931626319885254,42.459999084472656,9.39799976348877,17.709999084472656,22.0,28.399999618530273
2020-12-10,12.5600004196167,6.429999828338623,14.029999732971191,9.156211853027344,43.86199951171875,9.670999526977539,17.709999084472656,22.56999969482422,29.049999237060547
2020-12-11,12.479999542236328,6.389999866485596,14.119999885559082,9.113022804260254,43.34199905395508,9.5,17.75,22.420000076293945,29.799999237060547
2020-12-14,12.539999961853027,6.300000190734863,14.100000381469727,9.190763473510742,43.16400146484375,9.470999717712402,17.8799991607666,22.649999618530273,29.049999237060547
2020-12-15,12.649999618530273,6.329999923706055,14.109999656677246,9.268505096435547,43.61199951171875,9.758999824523926,18.049999237060547,22.729999542236328,29.200000762939453
2020-12-16,12.739999771118164,6.400000095367432,14.149999618530273,9.328970909118652,43.79999923706055,9.732000350952148,18.040000915527344,23.209999084472656,29.0
2020-12-17,12.850000381469727,6.460000038146973,14.279999732971191,9.423988342285156,43.74399948120117,9.805999755859375,18.25,23.799999237060547,29.5
2020-12-18,13.020000457763672,6.429999828338623,14.430000305175781,9.493090629577637,44.39400100708008,9.699000358581543,18.489999771118164,23.899999618530273,29.5
2020-12-21,12.680000305175781,6.440000057220459,14.510000228881836,9.303057670593262,43.45000076293945,9.526000022888184,18.780000686645508,23.229999542236328,29.600000381469727
2020-12-22,12.479999542236328,6.409999847412109,14.550000190734863,9.208039283752441,43.47600173950195,9.432000160217285,18.780000686645508,22.959999084472656,29.75
2020-12-23,12.75,6.46999979019165,14.670000076293945,9.337608337402344,43.7400016784668,9.562999725341797,18.8799991607666,23.670000076293945,30.299999237060547
2020-12-24,12.789999961853027,6.53000020980835,14.760000228881836,9.346245765686035,44.040000915527344,9.62600040435791,18.899999618530273,23.6200008392334,30.200000762939453
2020-12-28,12.6899995803833,6.559999942779541,14.890000343322754,9.24259090423584,43.72200012207031,9.696000099182129,18.75,23.399999618530273,29.700000762939453
2020-12-29,12.75,6.610000133514404,15.130000114440918,9.303057670593262,43.650001525878906,9.895999908447266,19.31999969482422,23.719999313354492,30.0
2020-12-30,12.829999923706055,6.679999828338623,15.300000190734863,9.311694145202637,44.25,10.072999954223633,19.31999969482422,24.079999923706055,30.700000762939453
2020-12-31,12.880000114440918,6.75,15.579999923706055,9.36352252960205,45.9119987487793,10.072999954223633,19.469999313354492,24.309999465942383,30.950000762939453
2021-01-04,12.640000343322754,6.849999904632568,15.59000015258789,9.24259090423584,44.75,10.010000228881836,19.579999923706055,23.520000457763672,30.850000381469727
2021-01-05,13.359999656677246,6.869999885559082,15.829999923706055,9.639936447143555,46.56399917602539,10.468999862670898,20.079999923706055,24.959999084472656,31.350000381469727
2021-01-06,13.460000038146973,6.949999809265137,15.90999984741211,9.665849685668945,45.93600082397461,10.321999549865723,20.270000457763672,25.280000686645508,31.299999237060547
2021-01-07,13.59000015258789,6.800000190734863,15.899999618530273,9.72631549835205,45.608001708984375,10.515000343322754,20.200000762939453,25.600000381469727,31.149999618530273
2021-01-08,13.979999542236328,6.769999980926514,15.930000305175781,9.976815223693848,44.47999954223633,10.001999855041504,20.440000534057617,26.59000015258789,30.950000762939453
2021-01-11,13.819999694824219,6.760000228881836,15.800000190734863,9.890436172485352,44.25400161743164,9.694000244140625,20.329999923706055,26.149999618530273,30.75
2021-01-12,14.079999923706055,6.769999980926514,16.790000915527344,10.063194274902344,45.040000915527344,10.09000015258789,21.0,26.739999771118164,32.0
2021-01-13,13.949999809265137,6.820000171661377,16.670000076293945,10.028642654418945,44.645999908447266,10.314000129699707,20.799999237060547,26.610000610351562,31.649999618530273
2021-01-14,14.029999732971191,7.130000114440918,16.950000762939453,10.115022659301758,45.11399841308594,10.494999885559082,21.18000030517578,26.760000228881836,32.099998474121094
2021-01-15,13.680000305175781,7.110000133514404,16.899999618530273,9.950901985168457,44.608001708984375,10.027000427246094,21.040000915527344,26.200000762939453,32.20000076293945
2021-01-19,13.90999984741211,6.960000038146973,16.690000534057617,9.994091987609863,44.09199905395508,10.166999816894531,20.65999984741211,26.469999313354492,32.29999923706055
2021-01-20,13.899999618530273,7.039999961853027,16.479999542236328,9.994091987609863,44.43600082397461,10.407999992370605,20.3700008392334,26.510000228881836,31.799999237060547
2021-01-21,13.920000076293945,6.96999979019165,16.530000686645508,10.011367797851562,44.486000061035156,10.595000267028809,20.34000015258789,26.639999389648438,31.600000381469727
2021-01-22,13.739999771118164,6.900000095367432,15.850000381469727,9.89907455444336,44.11000061035156,10.32699966430664,19.479999542236328,26.56999969482422,30.5
2021-01-25,13.869999885559082,6.909999847412109,16.15999984741211,10.011367797851562,43.64400100708008,10.288999557495117,19.93000030517578,26.81999969482422,30.950000762939453
2021-01-26,13.84000015258789,6.949999809265137,16.639999389648438,9.985454559326172,43.55400085449219,10.300000190734863,20.31999969482422,27.059999465942383,31.600000381469727
2021-01-27,13.789999961853027,6.909999847412109,16.600000381469727,10.011367797851562,43.05400085449219,9.994999885559082,20.260000228881836,27.0,31.25
2021-01-28,13.720000267028809,6.880000114440918,16.56999969482422,9.976815223693848,43.72999954223633,10.0649995803833,19.940000534057617,27.110000610351562,30.850000381469727
2021-01-29,13.739999771118164,6.909999847412109,16.8799991607666,9.92498779296875,41.67399978637695,10.043999671936035,20.15999984741211,26.799999237060547,31.5
2021-02-01,14.0600004196167,7.019999980926514,16.959999084472656,10.20140266418457,42.152000427246094,10.536999702453613,20.260000228881836,27.420000076293945,31.100000381469727
2021-02-02,14.34000015258789,7.03000020980835,16.799999237060547,10.365523338317871,42.0,10.204999923706055,20.100000381469727,27.8799991607666,30.899999618530273
2021-02-03,14.5600004196167,6.96999979019165,16.950000762939453,10.477815628051758,42.71799850463867,10.288000106811523,20.25,28.43000030517578,31.0
2021-02-04,14.6899995803833,7.010000228881836,16.940000534057617,10.590108871459961,42.8380012512207,10.281000137329102,20.280000686645508,28.399999618530273,30.700000762939453
2021-02-05,14.8100004196167,7.170000076293945,16.959999084472656,10.633298873901367,43.83399963378906,10.555000305175781,20.290000915527344,28.440000534057617,31.0
2021-02-08,15.119999885559082,7.150000095367432,17.309999465942383,10.814695358276367,43.608001708984375,10.89799976348877,20.6299991607666,28.8799991607666,31.5
2021-02-09,15.25,7.170000076293945,17.100000381469727,10.866522789001465,43.50400161743164,11.083000183105469,20.790000915527344,28.760000228881836,31.350000381469727
2021-02-10,15.260000228881836,7.190000057220459,16.579999923706055,10.892436981201172,44.178001403808594,11.640000343322754,20.190000534057617,28.309999465942383,30.700000762939453
2021-02-11,15.170000076293945,7.190000057220459,16.770000457763672,10.788782119750977,44.145999908447266,11.614999771118164,20.3799991607666,28.329999923706055,30.649999618530273
2021-02-12,15.600000381469727,7.130000114440918,16.700000762939453,11.022006034851074,44.78200149536133,11.75100040435791,20.420000076293945,29.170000076293945,30.799999237060547
2021-02-16,15.8100004196167,7.269999980926514,17.06999969482422,11.203402519226074,44.84000015258789,11.843000411987305,20.670000076293945,30.020000457763672,31.75
2021-02-17,16.040000915527344,7.340000152587891,17.100000381469727,11.281144142150879,44.608001708984375,11.765000343322754,20.649999618530273,30.40999984741211,31.0
2021-02-18,15.779999732971191,7.5,17.06999969482422,11.134300231933594,44.04800033569336,11.92199993133545,20.530000686645508,30.020000457763672,31.799999237060547
2021-02-19,15.59000015258789,7.639999866485596,16.979999542236328,11.099747657775879,44.470001220703125,11.942999839782715,20.690000534057617,30.06999969482422,31.5
2021-02-22,16.190000534057617,7.789999961853027,17.25,11.410713195800781,44.94599914550781,11.932000160217285,20.799999237060547,30.940000534057617,32.0
2021-02-23,16.34000015258789,7.659999847412109,17.34000015258789,11.497092247009277,44.15599822998047,11.621999740600586,21.09000015258789,31.329999923706055,32.099998474121094
2021-02-24,16.670000076293945,7.760000228881836,17.459999084472656,11.687126159667969,45.83000183105469,11.892000198364258,21.329999923706055,31.709999084472656,32.5
2021-02-25,16.600000381469727,7.639999866485596,17.260000228881836,11.618022918701172,45.27000045776367,11.458000183105469,21.1299991607666,31.700000762939453,32.25
2021-02-26,16.200000762939453,7.449999809265137,17.219999313354492,11.38479995727539,43.402000427246094,11.123000144958496,21.06999969482422,31.299999237060547,31.450000762939453
2021-03-01,15.970000267028809,7.429999828338623,17.0,11.237955093383789,44.198001861572266,11.118000030517578,20.93000030517578,31.139999389648438,31.149999618530273
2021-03-02,15.729999542236328,7.510000228881836,17.200000762939453,11.203402519226074,44.51599884033203,11.293999671936035,21.149999618530273,31.0,31.799999237060547
2021-03-03,16.110000610351562,7.380000114440918,16.979999542236328,11.393437385559082,44.194000244140625,11.00100040435791,21.030000686645508,31.239999771118164,31.399999618530273
2021-03-04,16.899999618530273,7.400000095367432,16.950000762939453,12.075833320617676,43.79399871826172,10.5600004196167,21.1299991607666,32.22999954223633,31.149999618530273
2021-03-05,17.5,7.519999980926514,17.350000381469727,12.041281700134277,43.81399917602539,10.602999687194824,21.450000762939453,33.29999923706055,31.450000762939453
2021-03-08,17.100000381469727,7.409999847412109,17.299999237060547,11.851248741149902,43.400001525878906,10.656000137329102,21.510000228881836,32.75,31.100000381469727
2021-03-09,16.93000030517578,7.28000020980835,17.31999969482422,11.799419403076172,42.987998962402344,10.977999687194824,21.59000015258789,32.79999923706055,31.5
2021-03-10,17.18000030517578,7.360000133514404,17.010000228881836,11.97217845916748,43.145999908447266,11.270000457763672,21.15999984741211,33.5,31.350000381469727
2021-03-11,17.549999237060547,7.5,17.15999984741211,12.179489135742188,44.06800079345703,11.239999771118164,21.309999465942383,34.36000061035156,31.0
2021-03-12,17.43000030517578,7.429999828338623,17.079999923706055,12.179489135742188,44.2859992980957,11.267999649047852,21.309999465942383,34.52000045776367,30.799999237060547
2021-03-15,17.34000015258789,7.460000038146973,17.170000076293945,12.049919128417969,44.66600036621094,11.361000061035156,21.329999923706055,33.880001068115234,30.850000381469727
2021-03-16,17.190000534057617,7.519999980926514,17.190000534057617,12.015368461608887,46.599998474121094,11.378000259399414,21.31999969482422,33.689998626708984,30.850000381469727
2021-03-17,17.1299991607666,7.429999828338623,17.18000030517578,11.937625885009766,48.3120002746582,11.380999565124512,21.15999984741211,32.83000183105469,30.700000762939453
2021-03-18,15.779999732971191,7.340000152587891,16.829999923706055,11.220677375793457,50.11800003051758,11.35099983215332,20.719999313354492,30.799999237060547,30.049999237060547
2021-03-19,16.260000228881836,7.329999923706055,16.959999084472656,11.479817390441895,49.22999954223633,11.166000366210938,20.93000030517578,31.170000076293945,30.0
2021-03-22,16.229999542236328,7.269999980926514,16.8799991607666,11.48845386505127,48.92599868774414,11.098999977111816,20.920000076293945,31.329999923706055,30.100000381469727
2021-03-23,15.3100004196167,7.190000057220459,16.8799991607666,11.004729270935059,48.917999267578125,10.907999992370605,21.0,30.149999618530273,30.299999237060547
2021-03-24,16.139999389648438,7.260000228881836,16.889999389648438,11.142936706542969,49.52199935913086,10.925000190734863,21.1200008392334,31.739999771118164,30.0
2021-03-25,15.569999694824219,7.090000152587891,16.790000915527344,11.117022514343262,49.007999420166016,10.715999603271484,21.010000228881836,30.719999313354492,29.450000762939453
2021-03-26,16.260000228881836,7.130000114440918,16.850000381469727,11.48845386505127,50.400001525878906,11.038000106811523,20.8700008392334,31.600000381469727,29.649999618530273
2021-03-29,16.399999618530273,7.110000133514404,16.670000076293945,11.540282249450684,47.28799819946289,10.99899959564209,20.739999771118164,32.220001220703125,29.700000762939453
2021-03-30,16.149999618530273,7.059999942779541,16.3799991607666,11.40207576751709,48.119998931884766,10.78600025177002,20.459999084472656,31.950000762939453,29.100000381469727
2021-03-31,15.880000114440918,7.03000020980835,17.530000686645508,11.281144142150879,48.970001220703125,11.130999565124512,21.6200008392334,31.510000228881836,30.049999237060547
2021-04-01,16.309999465942383,6.989999771118164,17.34000015258789,11.937625885009766,49.99599838256836,11.354999542236328,21.25,32.20000076293945,29.600000381469727
2021-04-05,15.710000038146973,6.980000019073486,17.34000015258789,11.289782524108887,49.93199920654297,11.345000267028809,21.360000610351562,31.59000015258789,29.899999618530273
2021-04-06,15.850000381469727,7.090000152587891,17.290000915527344,10.797418594360352,50.321998596191406,11.623000144958496,21.450000762939453,31.639999389648438,29.850000381469727
2021-04-07,15.930000305175781,7.159999847412109,17.329999923706055,11.38479995727539,49.167999267578125,11.505000114440918,21.40999984741211,31.290000915527344,30.0
2021-04-08,15.970000267028809,7.230000019073486,17.760000228881836,11.367523193359375,49.20600128173828,11.531000137329102,21.420000076293945,31.450000762939453,30.700000762939453
2021-04-09,15.899999618530273,7.360000133514404,17.760000228881836,11.350247383117676,49.48400115966797,11.286999702453613,21.350000381469727,31.530000686645508,31.100000381469727
2021-04-12,15.970000267028809,7.28000020980835,17.649999618530273,11.419350624084473,50.2859992980957,10.998000144958496,21.15999984741211,31.59000015258789,30.600000381469727
2021-04-13,16.1200008392334,7.360000133514404,18.010000228881836,11.531644821166992,50.45800018310547,10.840999603271484,21.15999984741211,31.770000457763672,30.850000381469727
2021-04-14,16.760000228881836,7.519999980926514,18.389999389648438,11.868523597717285,50.08000183105469,10.970999717712402,21.31999969482422,32.56999969482422,31.549999237060547
2021-04-15,16.860000610351562,7.650000095367432,18.399999618530273,11.911712646484375,51.37799835205078,11.206000328063965,21.420000076293945,32.869998931884766,31.75
2021-04-16,16.850000381469727,7.800000190734863,18.3700008392334,11.894437789916992,51.944000244140625,11.258999824523926,21.56999969482422,32.720001220703125,31.850000381469727
2021-04-19,16.93000030517578,7.659999847412109,18.600000381469727,11.911712646484375,52.66400146484375,11.324999809265137,21.700000762939453,32.810001373291016,31.700000762939453
2021-04-20,16.760000228881836,7.860000133514404,18.979999542236328,11.79078197479248,51.65399932861328,11.137999534606934,22.010000228881836,32.36000061035156,32.150001525878906
2021-04-21,16.389999389648438,7.940000057220459,19.25,11.600748062133789,54.018001556396484,11.4350004196167,22.229999542236328,31.690000534057617,32.79999923706055
2021-04-22,16.530000686645508,7.96999979019165,20.0,11.687126159667969,52.900001525878906,11.279000282287598,22.65999984741211,31.829999923706055,34.400001525878906
2021-04-23,16.649999618530273,7.980000019073486,20.010000228881836,11.773507118225098,53.48400115966797,11.522000312805176,22.700000762939453,32.099998474121094,34.5
2021-04-26,16.559999465942383,8.100000381469727,20.670000076293945,11.756230354309082,54.694000244140625,11.654999732971191,23.139999389648438,31.889999389648438,35.70000076293945
2021-04-27,16.84000015258789,8.359999656677246,20.459999084472656,11.954902648925781,55.1619987487793,11.51200008392334,22.84000015258789,32.619998931884766,35.45000076293945
2021-04-28,16.959999084472656,8.069999694824219,19.860000610351562,12.067195892333984,55.14799880981445,11.435999870300293,22.559999465942383,33.209999084472656,34.599998474121094
2021-04-29,17.290000915527344,8.0,19.989999771118164,12.205402374267578,55.37799835205078,11.25,22.530000686645508,33.650001525878906,35.25
2021-04-30,16.959999084472656,7.989999771118164,20.790000915527344,12.032644271850586,54.928001403808594,11.204999923706055,22.950000762939453,33.119998931884766,35.5
2021-05-03,17.18000030517578,7.960000038146973,20.75,12.162213325500488,55.52000045776367,11.49899959564209,22.899999618530273,33.599998474121094,34.900001525878906
2021-05-04,17.549999237060547,8.119999885559082,21.469999313354492,12.438627243041992,55.86199951171875,11.5600004196167,23.200000762939453,34.47999954223633,35.150001525878906
2021-05-05,17.489999771118164,8.25,22.0,12.412713050842285,55.41400146484375,11.470000267028809,23.3700008392334,34.33000183105469,35.900001525878906
2021-05-06,17.350000381469727,8.300000190734863,22.600000381469727,12.369523048400879,55.0260009765625,11.760000228881836,23.799999237060547,33.90999984741211,36.599998474121094
2021-05-07,17.350000381469727,8.300000190734863,22.90999984741211,12.438627243041992,54.534000396728516,11.76200008392334,24.059999465942383,34.099998474121094,36.79999923706055
2021-05-10,17.3700008392334,8.300000190734863,22.1200008392334,12.47317886352539,55.41600036621094,11.717000007629395,23.8700008392334,34.0,35.29999923706055
2021-05-11,17.459999084472656,8.5,22.280000686645508,12.568197250366211,54.939998626708984,11.600000381469727,24.1200008392334,34.209999084472656,35.95000076293945
2021-05-12,17.579999923706055,8.420000076293945,21.690000534057617,12.67185115814209,53.237998962402344,11.37399959564209,24.200000762939453,34.709999084472656,35.400001525878906
2021-05-13,17.040000915527344,8.149999618530273,20.530000686645508,12.300419807434082,53.52799987792969,11.305999755859375,23.540000915527344,33.470001220703125,34.25
2021-05-14,17.469999313354492,8.100000381469727,19.920000076293945,12.499093055725098,54.16400146484375,11.48900032043457,23.6200008392334,33.97999954223633,34.150001525878906
2021-05-17,17.690000534057617,8.140000343322754,19.8799991607666,12.663213729858398,54.20000076293945,11.625,23.540000915527344,34.59000015258789,34.0
2021-05-18,17.5,8.220000267028809,20.190000534057617,12.585472106933594,54.52399826049805,11.4399995803833,23.6299991607666,34.529998779296875,34.0
2021-05-19,16.989999771118164,8.170000076293945,20.139999389648438,12.257230758666992,53.599998474121094,11.145000457763672,23.309999465942383,33.689998626708984,33.29999923706055
2021-05-20,16.600000381469727,8.130000114440918,20.40999984741211,12.024006843566895,53.35599899291992,11.229000091552734,23.219999313354492,32.810001373291016,33.20000076293945
2021-05-21,17.0,8.050000190734863,20.18000030517578,12.283143997192383,51.939998626708984,10.946999549865723,23.020000457763672,33.349998474121094,33.099998474121094
2021-05-24,17.459999084472656,8.0600004196167,20.06999969482422,12.576833724975586,51.0099983215332,11.008000373840332,23.06999969482422,34.04999923706055,32.70000076293945
2021-05-25,17.420000076293945,8.15999984741211,19.280000686645508,12.507731437683105,51.70600128173828,11.182999610900879,22.889999389648438,33.97999954223633,32.45000076293945
2021-05-26,17.540000915527344,8.069999694824219,19.459999084472656,12.620023727416992,51.31399917602539,11.13700008392334,22.889999389648438,34.529998779296875,32.20000076293945
2021-05-27,17.639999389648438,8.229999542236328,20.559999465942383,12.67185115814209,52.46200180053711,11.03600025177002,23.489999771118164,34.56999969482422,33.400001525878906
2021-05-28,17.610000610351562,8.229999542236328,20.290000915527344,12.628662109375,52.630001068115234,11.045999526977539,23.3799991607666,34.34000015258789,33.0
2021-06-01,17.989999771118164,8.420000076293945,21.1200008392334,12.853248596191406,53.66600036621094,11.184000015258789,23.81999969482422,34.900001525878906,34.25
2021-06-02,18.190000534057617,8.380000114440918,20.940000534057617,12.991455078125,53.470001220703125,11.144000053405762,24.09000015258789,35.20000076293945,34.29999923706055
2021-06-03,18.209999084472656,8.25,20.75,13.026005744934082,53.24399948120117,10.880999565124512,24.0,35.310001373291016,33.75
2021-06-04,18.280000686645508,8.390000343322754,21.420000076293945,13.077834129333496,53.141998291015625,10.934000015258789,24.360000610351562,35.349998474121094,34.29999923706055
2021-06-07,18.239999771118164,8.279999732971191,21.850000381469727,13.103748321533203,53.007999420166016,10.991000175476074,24.510000228881836,35.20000076293945,34.29999923706055
2021-06-08,18.469999313354492,8.430000305175781,22.209999084472656,13.241954803466797,52.4119987487793,10.88700008392334,24.75,35.66999816894531,34.5
2021-06-09,18.360000610351562,8.420000076293945,22.219999313354492,13.164213180541992,51.75,10.77299976348877,24.559999465942383,35.18000030517578,34.150001525878906
2021-06-10,18.469999313354492,8.4399995803833,22.459999084472656,13.207404136657715,51.86199951171875,10.798999786376953,24.68000030517578,35.43000030517578,34.099998474121094
2021-06-11,18.520000457763672,8.460000038146973,22.239999771118164,13.1555757522583,51.90999984741211,10.748000144958496,24.3700008392334,35.0,34.0
2021-06-14,18.639999389648438,8.300000190734863,21.329999923706055,13.19876480102539,51.481998443603516,10.87399959564209,23.6299991607666,34.939998626708984,33.54999923706055
2021-06-15,18.920000076293945,8.180000305175781,21.059999465942383,13.259231567382812,51.70000076293945,10.78600025177002,23.290000915527344,34.88999938964844,32.95000076293945
2021-06-16,18.889999389648438,8.220000267028809,20.959999084472656,13.181489944458008,52.55799865722656,10.585000038146973,22.799999237060547,34.369998931884766,33.099998474121094
2021-06-17,18.6299991607666,8.039999961853027,19.649999618530273,13.008731842041016,47.00600051879883,9.96500015258789,21.3799991607666,34.15999984741211,31.899999618530273
2021-06-18,18.719999313354492,7.960000038146973,20.579999923706055,13.12966251373291,46.23400115966797,9.75100040435791,22.440000534057617,34.709999084472656,33.0
2021-06-21,19.110000610351562,8.1899995803833,20.459999084472656,13.31105899810791,48.3120002746582,9.920000076293945,22.690000534057617,35.2400016784668,33.0
2021-06-22,19.110000610351562,8.050000190734863,19.8700008392334,13.431989669799805,47.77199935913086,10.062999725341797,22.360000610351562,35.65999984741211,32.599998474121094
2021-06-23,19.25,8.119999885559082,19.770000457763672,13.527007102966309,48.90399932861328,10.14900016784668,22.31999969482422,36.31999969482422,32.900001525878906
2021-06-24,19.280000686645508,8.239999771118164,19.739999771118164,13.570197105407715,49.47800064086914,10.229000091552734,22.239999771118164,36.43000030517578,32.349998474121094
2021-06-25,19.40999984741211,8.279999732971191,19.200000762939453,13.5529203414917,49.150001525878906,10.343000411987305,21.889999389648438,36.119998931884766,31.799999237060547
2021-06-28,19.1200008392334,8.399999618530273,20.049999237060547,13.406076431274414,50.20199966430664,10.234999656677246,22.610000610351562,35.540000915527344,32.349998474121094
2021-06-29,19.239999771118164,8.369999885559082,20.020000457763672,13.509730339050293,50.16600036621094,9.967000007629395,22.520000457763672,36.029998779296875,32.20000076293945
2021-06-30,19.25,8.489999771118164,21.3700008392334,13.46654224395752,51.93199920654297,10.026000022888184,23.700000762939453,35.86000061035156,33.849998474121094
2021-07-01,19.469999313354492,8.470000267028809,21.350000381469727,13.570197105407715,51.61600112915039,10.149999618530273,23.760000228881836,36.119998931884766,33.20000076293945
2021-07-02,19.649999618530273,8.609999656677246,21.06999969482422,13.760231018066406,52.15999984741211,10.230999946594238,23.81999969482422,36.869998931884766,32.599998474121094
2021-07-06,19.299999237060547,8.5,19.829999923706055,13.431989669799805,52.02000045776367,10.187000274658203,22.299999237060547,35.810001373291016,31.200000762939453
2021-07-07,18.829999923706055,8.4399995803833,19.670000076293945,13.1555757522583,53.44599914550781,10.151000022888184,22.729999542236328,35.099998474121094,31.25
2021-07-08,19.149999618530273,8.289999961853027,19.399999618530273,13.423351287841797,52.358001708984375,10.04699993133545,22.6200008392334,36.18000030517578,31.100000381469727
2021-07-09,19.469999313354492,8.34000015258789,19.1299991607666,13.604748725891113,52.57400131225586,10.276000022888184,22.700000762939453,36.59000015258789,30.850000381469727
2021-07-12,19.399999618530273,8.3100004196167,19.719999313354492,13.587471961975098,53.34600067138672,10.496000289916992,23.15999984741211,36.400001525878906,32.0
2021-07-13,19.709999084472656,8.279999732971191,19.989999771118164,13.794782638549805,52.854000091552734,10.350000381469727,23.149999618530273,37.060001373291016,31.700000762939453
2021-07-14,19.18000030517578,8.210000038146973,20.489999771118164,13.49245548248291,52.83399963378906,10.555000305175781,23.6299991607666,36.52000045776367,32.650001525878906
2021-07-15,18.8799991607666,8.390000343322754,20.40999984741211,13.3369722366333,51.0620002746582,10.640000343322754,23.549999237060547,35.849998474121094,33.29999923706055
2021-07-16,18.8799991607666,8.460000038146973,20.219999313354492,13.354248046875,48.97600173950195,10.25100040435791,23.610000610351562,35.849998474121094,34.150001525878906
2021-07-19,17.639999389648438,8.279999732971191,20.350000381469727,12.550919532775879,48.507999420166016,10.001999855041504,23.450000762939453,33.630001068115234,34.54999923706055
2021-07-20,17.90999984741211,8.390000343322754,20.75,12.740955352783203,49.316001892089844,9.967000007629395,23.700000762939453,34.11000061035156,34.54999923706055
2021-07-21,18.59000015258789,8.479999542236328,20.799999237060547,13.164213180541992,49.66999816894531,10.100000381469727,23.700000762939453,35.33000183105469,34.900001525878906
2021-07-22,18.950000762939453,8.489999771118164,20.559999465942383,13.414713859558105,50.72200012207031,10.201000213623047,23.270000457763672,36.06999969482422,34.099998474121094
2021-07-23,19.079999923706055,8.670000076293945,20.010000228881836,13.483817100524902,49.93000030517578,9.923999786376953,23.040000915527344,36.439998626708984,33.54999923706055
2021-07-26,19.200000762939453,8.84000015258789,20.239999771118164,13.570197105407715,49.75600051879883,9.991000175476074,23.280000686645508,36.83000183105469,33.5
2021-07-27,19.1200008392334,8.699999809265137,20.25,13.535645484924316,48.487998962402344,9.840999603271484,23.25,36.81999969482422,33.29999923706055
2021-07-28,19.1299991607666,8.8100004196167,20.25,13.561558723449707,48.96200180053711,9.98900032043457,23.260000228881836,36.68000030517578,34.099998474121094
2021-07-29,19.489999771118164,8.720000267028809,20.450000762939453,13.82933521270752,49.36199951171875,9.949999809265137,23.559999465942383,37.47999954223633,34.70000076293945
2021-07-30,19.510000228881836,8.539999961853027,20.1200008392334,13.81205940246582,49.61800003051758,9.800999641418457,23.110000610351562,37.470001220703125,34.54999923706055
2021-08-02,18.959999084472656,8.640000343322754,20.610000610351562,13.527007102966309,49.97999954223633,9.843999862670898,23.200000762939453,36.689998626708984,35.900001525878906
2021-08-03,18.81999969482422,8.6899995803833,20.479999542236328,13.475179672241211,49.31800079345703,9.800999641418457,22.760000228881836,36.61000061035156,35.5
2021-08-04,18.219999313354492,8.720000267028809,20.31999969482422,13.1728515625,49.400001525878906,9.553999900817871,22.81999969482422,36.15999984741211,35.349998474121094
2021-08-05,18.530000686645508,8.9399995803833,20.479999542236328,13.362887382507324,49.428001403808594,9.402999877929688,22.84000015258789,37.040000915527344,35.20000076293945
2021-08-06,18.329999923706055,8.949999809265137,20.719999313354492,13.28514575958252,49.077999114990234,9.154999732971191,23.0,36.279998779296875,35.650001525878906
2021-08-09,17.969999313354492,8.890000343322754,20.690000534057617,13.043282508850098,48.50199890136719,9.140000343322754,22.899999618530273,36.15999984741211,35.400001525878906
2021-08-10,18.3799991607666,9.180000305175781,20.610000610351562,13.28514575958252,49.30799865722656,9.293999671936035,22.969999313354492,36.540000915527344,35.95000076293945
2021-08-11,18.56999969482422,9.210000038146973,20.739999771118164,13.440629005432129,49.08599853515625,9.555000305175781,22.979999542236328,37.220001220703125,35.75
2021-08-12,18.479999542236328,9.3100004196167,21.1299991607666,13.3715238571167,49.02000045776367,9.541000366210938,22.969999313354492,36.65999984741211,36.75
2021-08-13,18.219999313354492,9.5,21.1200008392334,13.181489944458008,49.25199890136719,9.60099983215332,23.31999969482422,36.22999954223633,37.20000076293945
2021-08-16,18.079999923706055,9.5,21.030000686645508,13.095110893249512,48.56999969482422,9.562000274658203,23.389999389648438,35.61000061035156,37.400001525878906
2021-08-17,17.950000762939453,9.479999542236328,20.829999923706055,12.956903457641602,46.37799835205078,9.302000045776367,23.329999923706055,34.959999084472656,36.150001525878906
2021-08-18,17.579999923706055,9.529999732971191,20.829999923706055,12.706402778625488,45.20199966430664,9.321999549865723,23.18000030517578,34.27000045776367,36.25
2021-08-19,17.360000610351562,9.420000076293945,20.459999084472656,12.516368865966797,43.19200134277344,9.083999633789062,22.739999771118164,33.5099983215332,35.900001525878906
2021-08-20,16.8700008392334,9.3100004196167,19.959999084472656,12.119024276733398,42.54199981689453,9.286999702453613,22.299999237060547,32.189998626708984,35.400001525878906
2021-08-23,17.809999465942383,9.460000038146973,19.959999084472656,12.732316970825195,44.58000183105469,9.46399974822998,22.389999389648438,33.880001068115234,35.75
2021-08-24,18.399999618530273,9.449999809265137,20.270000457763672,13.138299942016602,46.12799835205078,9.4350004196167,23.0,35.16999816894531,35.54999923706055
2021-08-25,18.600000381469727,9.569999694824219,20.610000610351562,13.3369722366333,45.257999420166016,9.319999694824219,23.040000915527344,36.58000183105469,35.29999923706055
2021-08-26,18.440000534057617,9.5,20.489999771118164,13.19876480102539,44.58399963378906,9.128999710083008,22.920000076293945,35.790000915527344,35.849998474121094
2021-08-27,18.719999313354492,9.6899995803833,20.56999969482422,13.380163192749023,45.08399963378906,9.432000160217285,22.829999923706055,36.380001068115234,35.599998474121094
2021-08-30,18.84000015258789,9.789999961853027,20.309999465942383,13.449264526367188,46.698001861572266,9.418999671936035,22.6299991607666,36.810001373291016,35.25
2021-08-31,18.690000534057617,9.680000305175781,20.0,13.406076431274414,46.20399856567383,9.47700023651123,22.520000457763672,36.560001373291016,35.400001525878906
2021-09-01,18.6200008392334,9.640000343322754,19.709999084472656,13.362887382507324,45.65999984741211,9.352999687194824,22.299999237060547,36.060001373291016,34.900001525878906
2021-09-02,19.010000228881836,9.739999771118164,19.700000762939453,13.63066291809082,44.95800018310547,9.336000442504883,22.329999923706055,36.880001068115234,34.95000076293945
2021-09-03,18.950000762939453,9.630000114440918,19.68000030517578,13.604748725891113,45.327999114990234,9.555000305175781,22.479999542236328,36.86000061035156,35.349998474121094
2021-09-07,18.68000030517578,9.5600004196167,19.299999237060547,13.440629005432129,44.215999603271484,9.3100004196167,22.229999542236328,36.400001525878906,34.95000076293945
2021-09-08,18.969999313354492,9.550000190734863,19.329999923706055,13.578835487365723,42.097999572753906,9.15999984741211,22.280000686645508,36.439998626708984,34.54999923706055
2021-09-09,18.610000610351562,9.470000267028809,19.260000228881836,13.414713859558105,40.672000885009766,9.128000259399414,22.1299991607666,35.9900016784668,33.650001525878906
2021-09-10,19.010000228881836,9.350000381469727,19.469999313354492,13.665213584899902,39.70000076293945,8.944999694824219,22.3700008392334,36.75,33.54999923706055
2021-09-13,19.239999771118164,9.449999809265137,19.350000381469727,13.820695877075195,38.88600158691406,8.982999801635742,22.399999618530273,37.060001373291016,33.599998474121094
2021-09-14,19.209999084472656,9.40999984741211,19.59000015258789,13.820695877075195,36.948001861572266,8.815999984741211,22.34000015258789,37.130001068115234,34.25
2021-09-15,19.709999084472656,9.680000305175781,19.979999542236328,14.088472366333008,37.597999572753906,8.788999557495117,22.549999237060547,37.779998779296875,34.79999923706055
2021-09-16,19.75,9.539999961853027,19.780000686645508,14.045283317565918,38.00400161743164,8.744999885559082,22.520000457763672,37.279998779296875,34.75
2021-09-17,19.670000076293945,9.40999984741211,19.739999771118164,13.915714263916016,37.58599853515625,8.774999618530273,22.299999237060547,37.150001525878906,34.400001525878906
2021-09-20,19.420000076293945,9.3100004196167,19.59000015258789,13.717041969299316,35.34600067138672,8.527000427246094,22.040000915527344,36.31999969482422,34.150001525878906
2021-09-21,19.450000762939453,9.329999923706055,19.360000610351562,13.734317779541016,35.619998931884766,8.954999923706055,22.200000762939453,36.209999084472656,33.599998474121094
2021-09-22,19.799999237060547,9.470000267028809,19.6299991607666,13.915714263916016,37.75400161743164,9.279999732971191,22.270000457763672,36.400001525878906,34.79999923706055
2021-09-23,20.149999618530273,9.59000015258789,19.809999465942383,14.19212818145752,37.15399932861328,9.270000457763672,22.360000610351562,37.209999084472656,34.95000076293945
2021-09-24,20.350000381469727,9.4399995803833,19.729999542236328,14.295783042907715,36.49399948120117,9.133999824523926,22.3700008392334,37.36000061035156,35.20000076293945
2021-09-27,20.760000228881836,9.319999694824219,20.229999542236328,14.58083438873291,36.529998779296875,9.151000022888184,22.40999984741211,37.95000076293945,35.20000076293945
2021-09-28,20.510000228881836,9.430000305175781,20.059999465942383,14.459903717041016,34.970001220703125,9.010000228881836,22.260000228881836,37.369998931884766,34.54999923706055
2021-09-29,20.5,9.359999656677246,20.25,14.477180480957031,34.529998779296875,8.892999649047852,22.350000381469727,38.06999969482422,34.75
2021-09-30,20.639999389648438,9.550000190734863,20.170000076293945,14.632662773132324,35.66999816894531,9.020000457763672,22.020000457763672,38.380001068115234,35.400001525878906
2021-10-01,20.889999389648438,9.520000457763672,20.510000228881836,14.848610877990723,35.922000885009766,9.098999977111816,21.8799991607666,39.38999938964844,36.650001525878906
2021-10-04,21.43000030517578,9.369999885559082,20.520000457763672,15.211404800415039,35.5099983215332,9.01200008392334,21.719999313354492,40.47999954223633,36.70000076293945
2021-10-05,21.860000610351562,9.470000267028809,20.309999465942383,15.60011100769043,35.54199981689453,8.98900032043457,22.010000228881836,41.34000015258789,36.25
2021-10-06,21.309999465942383,9.449999809265137,20.299999237060547,15.15093994140625,35.36800003051758,9.246999740600586,21.899999618530273,40.380001068115234,36.25
2021-10-07,21.75,9.470000267028809,20.239999771118164,15.392802238464355,36.763999938964844,9.170999526977539,22.010000228881836,41.11000061035156,36.29999923706055
2021-10-08,21.75,9.65999984741211,20.139999389648438,15.435991287231445,38.70199966430664,9.565999984741211,21.889999389648438,41.470001220703125,35.849998474121094
2021-10-11,22.020000457763672,9.680000305175781,20.270000457763672,15.591472625732422,39.39400100708008,9.401000022888184,21.6299991607666,41.65999984741211,35.900001525878906
2021-10-12,21.969999313354492,9.59000015258789,19.959999084472656,15.582837104797363,38.332000732421875,9.430999755859375,21.190000534057617,41.7400016784668,36.04999923706055
2021-10-13,21.950000762939453,9.520000457763672,19.530000686645508,15.677851676940918,39.29600143432617,9.529999732971191,21.100000381469727,42.13999938964844,35.25
2021-10-14,22.18000030517578,9.430000305175781,19.670000076293945,15.867888450622559,39.79999923706055,9.909000396728516,21.229999542236328,42.66999816894531,35.400001525878906
2021-10-15,22.350000381469727,9.579999923706055,20.020000457763672,15.962903022766113,38.72800064086914,9.862000465393066,21.450000762939453,43.41999816894531,36.0
2021-10-18,22.18000030517578,9.40999984741211,20.149999618530273,15.859251022338867,37.59000015258789,9.670999526977539,21.420000076293945,43.41999816894531,36.099998474121094
2021-10-19,22.399999618530273,9.350000381469727,20.110000610351562,15.94562816619873,39.2760009765625,9.713000297546387,21.600000381469727,43.349998474121094,36.150001525878906
2021-10-20,22.6200008392334,9.239999771118164,20.440000534057617,16.11838722229004,38.709999084472656,9.8100004196167,21.940000534057617,43.90999984741211,36.54999923706055
2021-10-21,22.34000015258789,9.279999732971191,20.209999084472656,15.954267501831055,37.64799880981445,9.826000213623047,21.530000686645508,43.54999923706055,36.20000076293945
2021-10-22,22.56999969482422,9.270000457763672,20.3799991607666,16.049285888671875,37.74399948120117,9.710000038146973,21.440000534057617,43.54999923706055,36.95000076293945
2021-10-25,22.56999969482422,9.359999656677246,20.389999389648438,16.10974884033203,38.5099983215332,9.873000144958496,21.709999084472656,43.77000045776367,37.150001525878906
2021-10-26,22.760000228881836,9.4399995803833,20.5,16.170215606689453,37.20000076293945,9.57699966430664,21.68000030517578,43.88999938964844,36.650001525878906
2021-10-27,22.15999984741211,9.489999771118164,21.040000915527344,15.772870063781738,36.444000244140625,9.397000312805176,21.770000457763672,42.52000045776367,37.25
2021-10-28,22.299999237060547,9.479999542236328,21.229999542236328,15.833333969116211,37.0,9.508000373840332,21.690000534057617,42.5,37.79999923706055
2021-10-29,22.25,9.3100004196167,21.3700008392334,15.755593299865723,37.14799880981445,9.470999717712402,21.770000457763672,42.470001220703125,37.650001525878906
2021-11-01,22.469999313354492,9.390000343322754,21.65999984741211,15.876524925231934,38.34199905395508,9.9350004196167,21.760000228881836,43.29999923706055,38.79999923706055
2021-11-02,22.469999313354492,9.5,21.459999084472656,15.954267501831055,37.52000045776367,9.663999557495117,21.889999389648438,43.81999969482422,38.54999923706055
2021-11-03,21.579999923706055,9.4399995803833,21.170000076293945,15.40143871307373,37.215999603271484,9.607000350952148,21.700000762939453,41.84000015258789,38.20000076293945
2021-11-04,21.43000030517578,9.539999961853027,21.020000457763672,15.289146423339844,37.31399917602539,9.593000411987305,21.3700008392334,41.209999084472656,37.75
2021-11-05,21.979999542236328,9.65999984741211,20.81999969482422,15.60011100769043,37.891998291015625,9.682999610900879,21.040000915527344,41.599998474121094,37.650001525878906
2021-11-08,22.219999313354492,9.649999618530273,20.799999237060547,15.712406158447266,38.65599822998047,9.883999824523926,20.860000610351562,41.84000015258789,37.599998474121094
2021-11-09,22.540000915527344,9.630000114440918,20.979999542236328,15.90243911743164,37.61000061035156,9.890000343322754,21.260000228881836,42.650001525878906,38.20000076293945
2021-11-10,21.950000762939453,9.5,21.360000610351562,15.505094528198242,37.59000015258789,9.970000267028809,21.34000015258789,41.27000045776367,39.099998474121094
2021-11-11,21.920000076293945,9.729999542236328,21.280000686645508,15.531007766723633,38.49800109863281,10.14799976348877,21.360000610351562,41.459999084472656,39.54999923706055
2021-11-12,21.799999237060547,9.65999984741211,21.530000686645508,15.453266143798828,39.40599822998047,10.095999717712402,21.719999313354492,41.5,39.70000076293945
2021-11-15,21.790000915527344,9.529999732971191,21.469999313354492,15.505094528198242,40.284000396728516,10.154000282287598,21.93000030517578,41.88999938964844,40.0
2021-11-16,21.899999618530273,9.640000343322754,21.350000381469727,15.582837104797363,40.172000885009766,9.899999618530273,21.850000381469727,42.209999084472656,39.20000076293945
2021-11-17,21.399999618530273,9.829999923706055,21.489999771118164,15.23731803894043,40.933998107910156,9.895999908447266,22.190000534057617,41.2599983215332,39.95000076293945
2021-11-18,21.549999237060547,9.720000267028809,21.389999389648438,15.332335472106934,39.70800018310547,9.779999732971191,22.0,41.2400016784668,39.95000076293945
2021-11-19,20.8700008392334,9.680000305175781,21.389999389648438,14.839973449707031,38.36199951171875,9.607999801635742,22.0,39.470001220703125,40.04999923706055
2021-11-22,21.100000381469727,9.539999961853027,21.59000015258789,15.012731552124023,36.36000061035156,9.470999717712402,22.149999618530273,40.2599983215332,41.099998474121094
2021-11-23,21.8799991607666,9.649999618530273,21.770000457763672,15.539647102355957,34.75199890136719,9.057999610900879,22.1299991607666,41.88999938964844,41.54999923706055
2021-11-24,21.719999313354492,9.630000114440918,21.600000381469727,15.470541954040527,34.5,9.149999618530273,21.979999542236328,41.52000045776367,40.75
2021-11-26,19.43000030517578,9.329999923706055,21.8799991607666,13.984818458557129,32.81399917602539,8.907999992370605,21.760000228881836,36.810001373291016,40.150001525878906
2021-11-29,19.540000915527344,9.220000267028809,21.540000915527344,14.002094268798828,33.262001037597656,8.972000122070312,21.549999237060547,37.13999938964844,39.5
2021-11-30,18.700000762939453,8.970000267028809,21.030000686645508,13.475179672241211,32.18199920654297,8.710000038146973,21.200000762939453,35.970001220703125,37.900001525878906
2021-12-01,18.3700008392334,8.949999809265137,21.06999969482422,13.259231567382812,32.35599899291992,8.65999984741211,21.260000228881836,35.75,37.79999923706055
2021-12-02,18.790000915527344,8.930000305175781,21.280000686645508,13.475179672241211,33.04399871826172,8.758999824523926,21.520000457763672,36.34000015258789,39.04999923706055
2021-12-03,18.75,9.0,21.479999542236328,13.39743709564209,33.448001861572266,8.708999633789062,21.81999969482422,35.849998474121094,38.54999923706055
2021-12-06,19.729999542236328,9.119999885559082,21.520000457763672,13.907076835632324,34.52799987792969,8.765999794006348,21.780000686645508,37.81999969482422,38.70000076293945
2021-12-07,20.079999923706055,9.300000190734863,21.579999923706055,14.157576560974121,34.40399932861328,8.864999771118164,21.670000076293945,38.56999969482422,38.849998474121094
2021-12-08,20.399999618530273,9.449999809265137,21.56999969482422,14.442627906799316,34.571998596191406,8.946999549865723,21.829999923706055,39.59000015258789,38.150001525878906
2021-12-09,19.84000015258789,9.40999984741211,21.6299991607666,14.166213035583496,33.67399978637695,8.720000267028809,21.90999984741211,38.72999954223633,37.45000076293945
2021-12-10,20.229999542236328,9.4399995803833,21.600000381469727,14.442627906799316,32.694000244140625,8.774999618530273,21.969999313354492,39.41999816894531,37.75
2021-12-13,19.959999084472656,9.420000076293945,21.360000610351562,14.304420471191406,31.309999465942383,8.656999588012695,21.549999237060547,39.0,37.95000076293945
2021-12-14,19.690000534057617,9.430000305175781,21.520000457763672,14.114386558532715,30.11199951171875,8.574000358581543,21.81999969482422,38.65999984741211,37.79999923706055
2021-12-15,19.979999542236328,9.34000015258789,21.420000076293945,14.278508186340332,29.719999313354492,8.571000099182129,21.790000915527344,39.439998626708984,36.5
2021-12-16,20.059999465942383,9.369999885559082,21.56999969482422,14.347611427307129,32.0880012512207,8.720000267028809,21.899999618530273,39.880001068115234,37.0
2021-12-17,19.649999618530273,9.180000305175781,21.510000228881836,14.062560081481934,33.06999969482422,8.696999549865723,22.049999237060547,39.31999969482422,37.150001525878906
2021-12-20,19.299999237060547,9.010000228881836,21.5,13.915714263916016,32.47200012207031,8.678999900817871,22.139999389648438,38.599998474121094,37.25
2021-12-21,19.920000076293945,9.0600004196167,21.700000762939453,14.31305980682373,33.33399963378906,8.708999633789062,22.3799991607666,39.7400016784668,38.0
2021-12-22,20.260000228881836,9.270000457763672,21.899999618530273,14.46854305267334,35.19200134277344,9.020999908447266,22.709999084472656,40.0,38.79999923706055
2021-12-23,20.56999969482422,9.279999732971191,22.049999237060547,14.606749534606934,36.28799819946289,9.071000099182129,22.780000686645508,40.810001373291016,38.95000076293945
2021-12-27,21.020000457763672,9.289999961853027,22.270000457763672,14.883161544799805,36.624000549316406,9.031000137329102,23.170000076293945,41.13999938964844,38.650001525878906
2021-12-28,21.110000610351562,9.199999809265137,21.860000610351562,14.952266693115234,36.99599838256836,9.060999870300293,23.100000381469727,41.38999938964844,37.79999923706055
2021-12-29,21.239999771118164,9.229999542236328,21.969999313354492,15.021370887756348,36.928001403808594,9.015999794006348,23.18000030517578,41.79999923706055,37.900001525878906
2021-12-30,21.200000762939453,9.130000114440918,21.56999969482422,14.96090316772461,36.47200012207031,8.958999633789062,22.700000762939453,41.970001220703125,37.400001525878906
2021-12-31,20.90999984741211,9.199999809265137,21.540000915527344,14.753593444824219,35.23400115966797,8.989999771118164,22.75,40.959999084472656,36.95000076293945
2022-01-03,21.15999984741211,9.199999809265137,21.5,14.995455741882324,33.86600112915039,8.913000106811523,23.059999465942383,41.56999969482422,36.349998474121094
2022-01-04,21.450000762939453,9.15999984741211,22.040000915527344,15.159575462341309,34.821998596191406,9.081000328063965,23.540000915527344,42.040000915527344,36.95000076293945
2022-01-05,21.479999542236328,9.010000228881836,21.81999969482422,15.125024795532227,34.79600143432617,9.149999618530273,23.520000457763672,41.970001220703125,36.599998474121094
2022-01-06,21.969999313354492,8.920000076293945,21.889999389648438,15.410078048706055,34.810001373291016,8.972999572753906,23.540000915527344,42.5,36.099998474121094
2022-01-07,21.959999084472656,8.880000114440918,22.020000457763672,15.410078048706055,35.91999816894531,8.92199993133545,23.829999923706055,42.4900016784668,36.54999923706055
2022-01-10,21.709999084472656,8.8100004196167,21.81999969482422,15.332335472106934,35.52799987792969,8.79800033569336,23.40999984741211,41.9900016784668,36.54999923706055
2022-01-11,22.450000762939453,8.869999885559082,21.8700008392334,15.755593299865723,35.61800003051758,9.09000015258789,23.450000762939453,43.47999954223633,37.0
2022-01-12,22.700000762939453,8.930000305175781,21.84000015258789,15.971543312072754,35.667999267578125,9.095000267028809,23.700000762939453,44.040000915527344,36.400001525878906
2022-01-13,22.489999771118164,8.899999618530273,21.520000457763672,15.79014778137207,35.0620002746582,9.027000427246094,23.34000015258789,43.7400016784668,35.75
2022-01-14,23.170000076293945,9.010000228881836,21.829999923706055,16.11838722229004,34.90399932861328,9.031000137329102,23.209999084472656,44.81999969482422,35.70000076293945
2022-01-18,23.56999969482422,9.079999923706055,21.84000015258789,16.325698852539062,35.391998291015625,9.152999877929688,23.06999969482422,45.130001068115234,36.75
2022-01-19,23.59000015258789,9.25,22.190000534057617,16.222042083740234,37.2140007019043,9.564000129699707,23.540000915527344,45.099998474121094,37.95000076293945
2022-01-20,23.420000076293945,9.15999984741211,22.059999465942383,16.10974884033203,38.577999114990234,9.697999954223633,23.940000534057617,44.79999923706055,37.599998474121094
2022-01-21,23.5,9.1899995803833,22.260000228881836,16.170215606689453,39.18600082397461,9.590999603271484,23.799999237060547,44.88999938964844,37.20000076293945
2022-01-24,23.25,9.229999542236328,22.350000381469727,16.02337074279785,39.77199935913086,9.569999694824219,23.65999984741211,44.41999816894531,38.29999923706055
2022-01-25,23.549999237060547,9.15999984741211,22.399999618530273,16.247957229614258,41.13399887084961,9.579000473022461,23.780000686645508,45.27000045776367,38.900001525878906
2022-01-26,23.829999923706055,9.050000190734863,22.56999969482422,16.437992095947266,43.42399978637695,9.61299991607666,24.15999984741211,46.02000045776367,38.0
2022-01-27,23.93000030517578,9.0,22.40999984741211,16.645301818847656,44.42599868774414,9.501999855041504,24.25,46.86000061035156,37.150001525878906
2022-01-28,24.049999237060547,8.979999542236328,22.75,16.705764770507812,44.141998291015625,9.397000312805176,24.610000610351562,46.81999969482422,37.849998474121094
2022-01-31,24.200000762939453,8.930000305175781,22.610000610351562,16.826698303222656,43.944000244140625,9.536999702453613,24.920000076293945,47.16999816894531,36.54999923706055
2022-02-01,24.190000534057617,8.970000267028809,22.889999389648438,16.843975067138672,43.84199905395508,9.562000274658203,25.440000534057617,47.529998779296875,36.95000076293945
2022-02-02,24.219999313354492,8.760000228881836,22.540000915527344,17.016733169555664,44.08399963378906,9.63700008392334,25.639999389648438,48.0099983215332,36.349998474121094
2022-02-03,24.600000381469727,8.819999694824219,22.360000610351562,17.103113174438477,43.13999938964844,9.626999855041504,25.520000457763672,48.41999816894531,36.29999923706055
2022-02-04,25.200000762939453,8.869999885559082,22.559999465942383,17.241317749023438,42.604000091552734,9.559000015258789,25.790000915527344,49.099998474121094,36.900001525878906
2022-02-07,25.06999969482422,8.850000381469727,23.049999237060547,17.18085289001465,42.0620002746582,9.529000282287598,26.190000534057617,49.400001525878906,37.20000076293945
2022-02-08,24.6200008392334,8.859999656677246,22.950000762939453,16.921716690063477,41.69599914550781,9.62600040435791,25.969999313354492,48.36000061035156,37.54999923706055
2022-02-09,24.81999969482422,8.960000038146973,23.280000686645508,17.016733169555664,42.369998931884766,9.635000228881836,26.399999618530273,48.86000061035156,37.849998474121094
2022-02-10,24.719999313354492,8.930000305175781,23.059999465942383,16.947629928588867,41.981998443603516,9.579999923706055,26.1200008392334,48.880001068115234,37.20000076293945
2022-02-11,25.690000534057617,8.920000076293945,23.489999771118164,17.30178451538086,43.28799819946289,9.595999717712402,26.389999389648438,50.380001068115234,38.54999923706055
2022-02-14,25.959999084472656,8.869999885559082,23.65999984741211,17.465904235839844,44.2400016784668,9.604000091552734,26.239999771118164,50.939998626708984,38.54999923706055
2022-02-15,25.190000534057617,8.84000015258789,23.059999465942383,17.08583641052246,41.68000030517578,9.572999954223633,25.90999984741211,49.400001525878906,37.5
2022-02-16,24.850000381469727,8.819999694824219,23.309999465942383,16.99945831298828,42.619998931884766,9.949000358581543,26.540000915527344,48.470001220703125,37.54999923706055
2022-02-17,25.1299991607666,8.869999885559082,23.399999618530273,17.17221450805664,44.11399841308594,10.156000137329102,26.549999237060547,49.18000030517578,38.45000076293945
2022-02-18,25.31999969482422,8.84000015258789,23.610000610351562,17.3104248046875,43.560001373291016,9.942000389099121,26.65999984741211,49.54999923706055,38.29999923706055
2022-02-22,25.829999923706055,8.949999809265137,24.209999084472656,17.47454261779785,44.00199890136719,10.006999969482422,27.18000030517578,50.09000015258789,40.650001525878906
2022-02-23,26.049999237060547,8.90999984741211,24.34000015258789,17.73368263244629,46.29600143432617,10.187000274658203,27.489999771118164,50.529998779296875,42.099998474121094
2022-02-24,26.510000228881836,8.970000267028809,24.5,17.78550910949707,44.7239990234375,9.838000297546387,27.299999237060547,51.38999938964844,44.150001525878906
2022-02-25,26.280000686645508,8.819999694824219,23.3799991607666,17.569561004638672,44.39799880981445,9.835000038146973,26.100000381469727,50.689998626708984,40.54999923706055
2022-02-28,27.15999984741211,8.800000190734863,24.579999923706055,17.768234252929688,46.698001861572266,9.720000267028809,26.899999618530273,51.720001220703125,44.20000076293945
2022-03-01,29.3700008392334,9.050000190734863,25.6299991607666,18.66657829284668,47.86800003051758,9.800999641418457,27.520000457763672,54.65999984741211,47.04999923706055
2022-03-02,31.600000381469727,9.210000038146973,25.25,19.651302337646484,49.900001525878906,9.984999656677246,27.09000015258789,58.7400016784668,48.04999923706055
2022-03-03,30.670000076293945,9.369999885559082,25.530000686645508,19.495820999145508,51.91600036621094,10.060999870300293,27.260000228881836,57.90999984741211,55.54999923706055
2022-03-04,32.77000045776367,9.59000015258789,26.139999389648438,20.808788299560547,56.13399887084961,10.45300006866455,27.0,61.970001220703125,54.150001525878906
2022-03-07,34.15999984741211,9.609999656677246,26.59000015258789,21.42207908630371,55.94200134277344,10.435999870300293,27.200000762939453,62.93000030517578,61.400001525878906
2022-03-08,35.70000076293945,9.600000381469727,26.270000457763672,22.06128692626953,59.0,10.763999938964844,27.559999465942383,64.9800033569336,55.54999923706055
2022-03-09,31.219999313354492,9.460000038146973,25.829999923706055,19.590839385986328,55.09199905395508,10.088000297546387,27.549999237060547,58.31999969482422,51.79999923706055
2022-03-10,30.420000076293945,9.619999885559082,26.3799991607666,19.236682891845703,54.215999603271484,10.102999687194824,27.600000381469727,55.40999984741211,50.04999923706055
2022-03-11,31.1299991607666,9.619999885559082,26.59000015258789,19.73768424987793,51.95000076293945,9.942000389099121,27.790000915527344,57.84000015258789,51.75
2022-03-14,29.309999465942383,9.529999732971191,26.0,18.89980125427246,44.487998962402344,9.670000076293945,27.34000015258789,55.290000915527344,50.95000076293945
2022-03-15,27.31999969482422,9.369999885559082,26.219999313354492,18.08783721923828,45.237998962402344,9.232000350952148,27.079999923706055,51.869998931884766,52.849998474121094
2022-03-16,27.040000915527344,9.260000228881836,25.34000015258789,18.11374855041504,44.72200012207031,9.512999534606934,26.8799991607666,52.060001373291016,49.20000076293945
2022-03-17,29.469999313354492,9.359999656677246,26.1200008392334,19.34897804260254,46.68000030517578,9.498000144958496,27.309999465942383,56.150001525878906,51.20000076293945
2022-03-18,29.770000457763672,9.430000305175781,26.010000228881836,19.625389099121094,46.37799835205078,9.52299976348877,27.280000686645508,56.790000915527344,49.95000076293945
2022-03-21,32.18000030517578,9.600000381469727,26.75,20.54964828491211,48.4900016784668,9.630999565124512,27.860000610351562,59.630001068115234,53.150001525878906
2022-03-22,31.829999923706055,9.59000015258789,26.81999969482422,20.480545043945312,46.58399963378906,9.52299976348877,27.90999984741211,58.43000030517578,53.45000076293945
2022-03-23,33.47999954223633,9.619999885559082,26.989999771118164,21.206130981445312,46.854000091552734,9.557999610900879,28.170000076293945,60.52000045776367,52.95000076293945
2022-03-24,32.619998931884766,9.600000381469727,26.690000534057617,20.955631256103516,47.18600082397461,9.545999526977539,27.920000076293945,59.279998779296875,52.150001525878906
2022-03-25,33.150001525878906,9.739999771118164,26.8799991607666,21.128387451171875,43.459999084472656,9.359999656677246,27.989999771118164,60.45000076293945,53.04999923706055
2022-03-28,30.389999389648438,9.739999771118164,26.690000534057617,19.746320724487305,41.47999954223633,9.15999984741211,27.350000381469727,55.5099983215332,51.29999923706055
2022-03-29,30.940000534057617,9.510000228881836,26.040000915527344,20.091840744018555,39.7239990234375,9.182999610900879,27.15999984741211,56.83000183105469,49.45000076293945
2022-03-30,31.540000915527344,9.670000076293945,26.360000610351562,20.471906661987305,42.19200134277344,9.265000343322754,27.530000686645508,58.08000183105469,50.099998474121094
2022-03-31,29.93000030517578,9.649999618530273,27.15999984741211,19.936355590820312,41.779998779296875,9.175999641418457,26.709999084472656,55.689998626708984,49.29999923706055
2022-04-01,29.790000915527344,9.5600004196167,27.059999465942383,20.22140884399414,42.38600158691406,9.197999954223633,26.459999084472656,55.93000030517578,48.45000076293945
2022-04-04,30.709999084472656,9.710000038146973,27.649999618530273,20.70513343811035,42.597999572753906,9.182999610900879,27.040000915527344,56.81999969482422,49.900001525878906
2022-04-05,29.889999389648438,9.729999542236328,27.8799991607666,20.350976943969727,41.099998474121094,9.019000053405762,27.299999237060547,55.22999954223633,51.70000076293945
2022-04-06,29.049999237060547,9.729999542236328,27.8799991607666,20.074562072753906,40.917999267578125,8.944000244140625,27.15999984741211,54.439998626708984,51.75
2022-04-07,28.850000381469727,9.84000015258789,28.06999969482422,20.195491790771484,41.79999923706055,9.005000114440918,27.649999618530273,53.97999954223633,51.25
2022-04-08,29.209999084472656,10.100000381469727,28.34000015258789,20.42871856689453,45.0,9.097999572753906,28.15999984741211,55.27000045776367,52.650001525878906
2022-04-11,28.219999313354492,10.100000381469727,28.399999618530273,20.160940170288086,45.36800003051758,9.100000381469727,28.0,53.52000045776367,54.150001525878906
2022-04-12,29.81999969482422,10.09000015258789,28.8799991607666,21.024736404418945,43.20000076293945,9.0,28.260000228881836,56.08000183105469,55.099998474121094
2022-04-13,31.010000228881836,10.079999923706055,29.100000381469727,21.73304557800293,43.231998443603516,9.199999809265137,28.280000686645508,58.4900016784668,55.349998474121094
2022-04-14,31.700000762939453,10.0600004196167,29.209999084472656,22.113115310668945,43.731998443603516,9.185999870300293,28.290000915527344,59.650001525878906,54.54999923706055
2022-04-18,32.220001220703125,10.119999885559082,29.850000381469727,22.34634017944336,45.18000030517578,9.404999732971191,28.59000015258789,59.810001373291016,55.79999923706055
2022-04-19,30.6200008392334,9.84000015258789,29.670000076293945,21.568923950195312,44.30400085449219,9.215999603271484,28.690000534057617,57.63999938964844,54.650001525878906
2022-04-20,30.600000381469727,9.819999694824219,29.8799991607666,21.594837188720703,45.79999923706055,9.220000267028809,28.940000534057617,58.33000183105469,54.54999923706055
2022-04-21,30.93000030517578,9.90999984741211,29.399999618530273,21.603477478027344,44.87799835205078,8.98799991607666,28.959999084472656,58.849998474121094,53.349998474121094
2022-04-22,30.239999771118164,9.569999694824219,28.940000534057617,21.180217742919922,43.89799880981445,8.640000343322754,28.450000762939453,58.279998779296875,52.900001525878906
2022-04-25,29.43000030517578,9.470000267028809,29.34000015258789,21.05928611755371,39.79999923706055,8.565999984741211,28.280000686645508,57.630001068115234,53.25
2022-04-26,30.100000381469727,9.4399995803833,29.68000030517578,21.577564239501953,40.869998931884766,8.57800006866455,28.40999984741211,59.34000015258789,54.400001525878906
2022-04-27,30.06999969482422,9.40999984741211,30.049999237060547,21.741683959960938,41.1879997253418,8.527999877929688,28.799999237060547,60.790000915527344,54.29999923706055
2022-04-28,30.770000457763672,9.569999694824219,30.0,22.018096923828125,41.35599899291992,8.538999557495117,28.719999313354492,61.65999984741211,53.79999923706055
2022-04-29,30.549999237060547,9.579999923706055,29.979999542236328,21.931718826293945,42.61199951171875,8.70199966430664,28.579999923706055,61.310001373291016,52.099998474121094
2022-05-02,31.030000686645508,9.470000267028809,29.6299991607666,22.70049476623535,41.15399932861328,8.70199966430664,28.100000381469727,62.75,52.650001525878906
2022-05-03,30.200000762939453,9.430000305175781,29.290000915527344,22.303150177001953,41.83599853515625,8.930999755859375,27.920000076293945,62.599998474121094,52.45000076293945
2022-05-04,31.639999389648438,9.460000038146973,29.299999237060547,23.227407455444336,41.95399856567383,9.234000205993652,28.100000381469727,65.30999755859375,53.75
2022-05-05,31.770000457763672,9.479999542236328,29.40999984741211,23.04601287841797,40.45199966430664,9.145000457763672,28.18000030517578,65.27999877929688,54.900001525878906
2022-05-06,32.40999984741211,9.5600004196167,28.93000030517578,23.24468421936035,37.7599983215332,8.935999870300293,27.780000686645508,67.75,55.0
2022-05-09,30.139999389648438,9.369999885559082,28.200000762939453,21.94899559020996,39.20399856567383,8.842000007629395,27.110000610351562,64.63999938964844,53.400001525878906
2022-05-10,29.260000228881836,9.359999656677246,28.559999465942383,21.655303955078125,38.22999954223633,8.982000350952148,27.31999969482422,62.68000030517578,54.54999923706055
2022-05-11,30.65999984741211,9.369999885559082,29.209999084472656,22.34634017944336,37.5260009765625,9.256999969482422,27.520000457763672,65.45999908447266,56.45000076293945
2022-05-12,30.989999771118164,9.380000114440918,29.6200008392334,22.52773666381836,35.20399856567383,8.765000343322754,27.600000381469727,67.9000015258789,57.900001525878906
2022-05-13,31.950000762939453,9.609999656677246,29.309999465942383,22.847339630126953,35.84000015258789,8.75100040435791,27.8700008392334,70.36000061035156,58.20000076293945
2022-05-16,32.77000045776367,9.850000381469727,29.979999542236328,23.115116119384766,37.630001068115234,8.77400016784668,28.040000915527344,71.69999694824219,60.70000076293945
2022-05-17,31.920000076293945,9.979999542236328,29.8700008392334,22.631391525268555,38.12799835205078,8.861000061035156,28.3700008392334,69.79000091552734,61.79999923706055
2022-05-18,31.290000915527344,9.930000305175781,29.15999984741211,22.139028549194336,36.805999755859375,8.63599967956543,27.899999618530273,66.45999908447266,60.0
2022-05-19,31.860000610351562,9.90999984741211,29.040000915527344,22.389528274536133,37.167999267578125,8.946999549865723,28.149999618530273,68.0199966430664,58.849998474121094
2022-05-20,32.279998779296875,10.050000190734863,28.969999313354492,22.52773666381836,36.48400115966797,8.86299991607666,28.420000076293945,68.91000366210938,57.5
2022-05-23,32.38999938964844,9.970000267028809,29.229999542236328,22.726408004760742,37.06399917602539,8.899999618530273,28.270000457763672,68.47000122070312,59.5
2022-05-24,32.40999984741211,9.960000038146973,28.729999542236328,22.786874771118164,37.290000915527344,8.869000434875488,28.209999084472656,68.45999908447266,57.599998474121094
2022-05-25,32.59000015258789,9.899999618530273,28.540000915527344,23.15830421447754,37.31800079345703,8.829999923706055,28.15999984741211,69.5199966430664,57.04999923706055
2022-05-26,33.31999969482422,9.819999694824219,28.459999084472656,23.572927474975586,37.321998596191406,8.822999954223633,28.68000030517578,70.52999877929688,56.75
2022-05-27,33.77000045776367,9.859999656677246,28.889999389648438,23.927080154418945,38.39799880981445,8.864999771118164,28.68000030517578,72.87999725341797,57.900001525878906
2022-05-31,33.939998626708984,9.789999961853027,28.219999313354492,23.97027015686035,36.9119987487793,9.0,28.1299991607666,73.33999633789062,54.849998474121094
2022-06-01,33.88999938964844,9.819999694824219,27.469999313354492,24.384891510009766,37.029998779296875,9.25100040435791,28.200000762939453,75.8499984741211,52.45000076293945
2022-06-02,34.47999954223633,9.770000457763672,27.56999969482422,24.9290828704834,38.14400100708008,9.489999771118164,28.530000686645508,78.55999755859375,53.70000076293945
2022-06-03,35.43000030517578,9.819999694824219,27.559999465942383,25.412805557250977,36.49599838256836,9.4350004196167,28.3799991607666,80.05999755859375,53.400001525878906
2022-06-06,34.880001068115234,9.930000305175781,27.959999084472656,25.49054718017578,37.20000076293945,9.541000366210938,28.520000457763672,78.30999755859375,56.04999923706055
2022-06-07,35.38999938964844,9.670000076293945,28.520000457763672,25.810150146484375,36.821998596191406,9.420000076293945,28.649999618530273,77.61000061035156,55.349998474121094
2022-06-08,36.290000915527344,9.6899995803833,28.5,26.13839340209961,36.02799987792969,9.378000259399414,29.09000015258789,78.56999969482422,55.349998474121094
2022-06-09,35.939998626708984,9.819999694824219,28.510000228881836,26.224773406982422,35.6879997253418,9.038000106811523,29.239999771118164,79.36000061035156,54.95000076293945
2022-06-10,35.619998931884766,9.640000343322754,28.790000915527344,25.98291015625,35.7760009765625,9.076000213623047,28.989999771118164,77.4800033569336,55.25
2022-06-13,35.7400016784668,9.5,28.649999618530273,25.76696014404297,33.24599838256836,8.67300033569336,28.309999465942383,74.69000244140625,54.79999923706055
2022-06-14,35.2599983215332,9.520000457763672,28.530000686645508,25.481910705566406,33.625999450683594,8.543000221252441,28.239999771118164,74.41999816894531,53.849998474121094
2022-06-15,34.66999816894531,9.369999885559082,28.649999618530273,25.360977172851562,34.50400161743164,8.76200008392334,28.299999237060547,72.02999877929688,53.95000076293945
2022-06-16,34.83000183105469,9.40999984741211,29.100000381469727,25.421445846557617,34.895999908447266,8.850000381469727,28.649999618530273,72.69999694824219,55.349998474121094
2022-06-17,33.119998931884766,9.380000114440918,28.860000610351562,24.125755310058594,33.58399963378906,8.677000045776367,28.469999313354492,70.6500015258789,53.0
2022-06-21,33.45000076293945,9.4399995803833,27.799999237060547,24.238048553466797,34.87799835205078,8.723999977111816,28.110000610351562,71.01000213623047,50.150001525878906
2022-06-22,32.27000045776367,9.3100004196167,27.520000457763672,23.745683670043945,34.62799835205078,8.607999801635742,27.530000686645508,70.75,49.900001525878906
2022-06-23,31.760000228881836,9.25,26.149999618530273,23.296512603759766,34.29800033569336,8.447999954223633,26.350000381469727,69.91999816894531,48.150001525878906
2022-06-24,32.650001525878906,9.210000038146973,26.809999465942383,23.633392333984375,34.92599868774414,8.434000015258789,26.549999237060547,72.37000274658203,47.599998474121094
2022-06-27,33.290000915527344,9.1899995803833,26.15999984741211,23.711132049560547,34.82600021362305,8.454000473022461,26.719999313354492,71.86000061035156,46.650001525878906
2022-06-28,34.06999969482422,9.25,26.299999237060547,23.97890853881836,34.84600067138672,8.45300006866455,27.25,73.06999969482422,47.45000076293945
2022-06-29,33.47999954223633,9.300000190734863,26.25,23.365615844726562,36.540000915527344,8.524999618530273,27.420000076293945,70.22000122070312,47.400001525878906
2022-06-30,32.7400016784668,9.319999694824219,25.15999984741211,22.605478286743164,35.71799850463867,8.3100004196167,27.059999465942383,67.81999969482422,45.20000076293945
2022-07-01,33.34000015258789,9.119999885559082,24.610000610351562,22.97690773010254,36.21799850463867,8.260000228881836,26.030000686645508,70.26000213623047,43.150001525878906
2022-07-05,30.81999969482422,9.020000457763672,23.450000762939453,21.0851993560791,35.900001525878906,8.083000183105469,24.719999313354492,63.93000030517578,41.29999923706055
2022-07-06,30.1200008392334,9.039999961853027,23.739999771118164,20.51509666442871,35.625999450683594,8.010000228881836,24.760000228881836,61.439998626708984,41.25
2022-07-07,31.209999084472656,9.25,24.110000610351562,21.594837188720703,37.172000885009766,8.12600040435791,25.360000610351562,65.08000183105469,42.849998474121094
2022-07-08,32.040000915527344,9.449999809265137,25.170000076293945,21.931718826293945,40.04999923706055,8.293999671936035,26.040000915527344,65.94999694824219,45.75
2022-07-11,31.920000076293945,9.300000190734863,25.06999969482422,22.113115310668945,39.63600158691406,8.086999893188477,26.09000015258789,66.25,43.70000076293945
2022-07-12,29.709999084472656,9.270000457763672,23.65999984741211,20.9383544921875,37.63800048828125,7.829999923706055,25.020000457763672,62.36000061035156,41.650001525878906
2022-07-13,29.729999542236328,9.420000076293945,24.06999969482422,21.024736404418945,36.737998962402344,7.921999931335449,25.15999984741211,61.72999954223633,41.650001525878906
2022-07-14,29.84000015258789,9.350000381469727,24.290000915527344,20.87788963317871,35.5880012512207,7.824999809265137,25.09000015258789,60.88999938964844,41.0
2022-07-15,30.270000457763672,9.420000076293945,24.31999969482422,21.18885612487793,34.20399856567383,7.85699987411499,25.149999618530273,61.380001068115234,40.29999923706055
2022-07-18,31.709999084472656,9.5,24.59000015258789,21.629390716552734,34.237998962402344,8.017999649047852,25.799999237060547,62.880001068115234,41.79999923706055
2022-07-19,32.150001525878906,9.350000381469727,24.079999923706055,21.931718826293945,34.678001403808594,8.114999771118164,25.459999084472656,63.900001525878906,41.95000076293945
2022-07-20,31.93000030517578,9.1899995803833,23.8799991607666,21.931718826293945,34.599998474121094,7.96999979019165,24.989999771118164,62.779998779296875,42.349998474121094
2022-07-21,31.079999923706055,9.119999885559082,23.290000915527344,21.447996139526367,35.02199935913086,8.13599967956543,24.40999984741211,60.34000015258789,41.599998474121094
2022-07-22,30.700000762939453,8.880000114440918,22.889999389648438,21.27523422241211,37.65399932861328,8.095999717712402,24.65999984741211,60.77000045776367,39.150001525878906
2022-07-25,31.309999465942383,8.729999542236328,23.530000686645508,21.715770721435547,37.242000579833984,8.175000190734863,25.25,62.7599983215332,40.099998474121094
2022-07-26,31.0,8.739999771118164,24.1299991607666,21.655303955078125,37.34400177001953,8.09000015258789,25.780000686645508,61.95000076293945,41.75
2022-07-27,32.04999923706055,8.6899995803833,24.329999923706055,22.303150177001953,37.69599914550781,8.270999908447266,26.360000610351562,63.880001068115234,41.099998474121094
2022-07-28,31.959999084472656,8.859999656677246,24.809999465942383,22.09583854675293,38.683998107910156,8.25,26.90999984741211,62.84000015258789,42.5
2022-07-29,32.380001068115234,8.729999542236328,25.0,22.087202072143555,39.35200119018555,8.302000045776367,27.3799991607666,62.2400016784668,42.29999923706055
2022-08-01,31.15999984741211,8.739999771118164,24.649999618530273,21.525737762451172,40.667999267578125,8.444000244140625,26.31999969482422,60.150001525878906,41.79999923706055
2022-08-02,31.31999969482422,8.800000190734863,24.040000915527344,21.551651000976562,38.099998474121094,8.347999572753906,25.90999984741211,61.34000015258789,40.45000076293945
2022-08-03,30.270000457763672,8.859999656677246,24.15999984741211,21.206130981445312,37.47200012207031,8.357000350952148,25.709999084472656,58.81999969482422,40.25
2022-08-04,29.360000610351562,8.739999771118164,24.530000686645508,20.67057991027832,38.4379997253418,8.640000343322754,26.56999969482422,55.939998626708984,41.04999923706055
2022-08-05,29.489999771118164,8.869999885559082,24.68000030517578,20.532373428344727,39.52799987792969,8.664999961853027,26.299999237060547,57.290000915527344,40.79999923706055
2022-08-08,30.15999984741211,8.949999809265137,24.670000076293945,20.91244125366211,41.48400115966797,8.734999656677246,26.309999465942383,58.08000183105469,41.29999923706055
2022-08-09,30.1299991607666,8.9399995803833,24.860000610351562,21.111114501953125,41.130001068115234,8.67199993133545,26.75,59.869998931884766,41.099998474121094
2022-08-10,30.31999969482422,9.029999732971191,25.020000457763672,21.439353942871094,41.56800079345703,8.741000175476074,26.670000076293945,61.560001373291016,41.900001525878906
2022-08-11,31.06999969482422,9.119999885559082,25.34000015258789,22.03537368774414,42.209999084472656,8.880000114440918,27.190000534057617,61.689998626708984,42.150001525878906
2022-08-12,30.65999984741211,9.170000076293945,25.75,21.905803680419922,41.04999923706055,8.928999900817871,27.15999984741211,61.369998931884766,41.849998474121094
2022-08-15,29.579999923706055,9.100000381469727,25.350000381469727,21.5170955657959,40.0,8.67199993133545,26.600000381469727,59.439998626708984,41.599998474121094
2022-08-16,28.850000381469727,8.949999809265137,24.719999313354492,21.37025260925293,39.900001525878906,8.696000099182129,26.06999969482422,58.38999938964844,40.75
2022-08-17,29.170000076293945,8.949999809265137,24.799999237060547,21.543012619018555,39.75199890136719,8.586000442504883,26.209999084472656,58.77000045776367,40.0
2022-08-18,30.200000762939453,8.779999732971191,24.90999984741211,22.09583854675293,40.0,8.46500015258789,26.469999313354492,60.900001525878906,38.45000076293945
2022-08-19,30.06999969482422,8.90999984741211,25.100000381469727,22.09583854675293,39.41600036621094,8.305999755859375,26.459999084472656,60.61000061035156,39.5
2022-08-22,30.280000686645508,8.869999885559082,25.420000076293945,22.363615036010742,36.88600158691406,8.114999771118164,27.040000915527344,58.540000915527344,40.5
2022-08-23,31.209999084472656,8.859999656677246,26.389999389648438,22.73504638671875,36.731998443603516,8.20199966430664,27.510000228881836,59.880001068115234,41.25
2022-08-24,31.719999313354492,8.9399995803833,26.40999984741211,23.063289642333984,37.84000015258789,8.170999526977539,27.389999389648438,58.0099983215332,41.599998474121094
2022-08-25,31.229999542236328,8.84000015258789,26.149999618530273,22.67458152770996,39.86600112915039,8.206999778747559,26.899999618530273,57.9900016784668,40.20000076293945
2022-08-26,31.1200008392334,9.050000190734863,26.770000457763672,22.64002799987793,39.167999267578125,8.012999534606934,27.520000457763672,58.13999938964844,41.79999923706055
2022-08-29,32.38999938964844,9.100000381469727,27.260000228881836,23.115116119384766,39.78200149536133,8.039999961853027,27.09000015258789,59.380001068115234,43.25
2022-08-30,30.979999542236328,8.9399995803833,27.09000015258789,22.380891799926758,38.652000427246094,7.86899995803833,26.940000534057617,55.38999938964844,42.150001525878906
2022-08-31,29.959999084472656,8.850000381469727,26.8700008392334,21.67258071899414,38.529998779296875,7.826000213623047,26.75,52.86000061035156,42.70000076293945
2022-09-01,29.0,8.880000114440918,26.43000030517578,21.206130981445312,37.15800094604492,7.676000118255615,26.329999923706055,51.70000076293945,40.79999923706055
2022-09-02,29.299999237060547,8.9399995803833,26.610000610351562,21.378890991210938,37.42599868774414,7.764999866485596,26.700000762939453,53.380001068115234,41.54999923706055
2022-09-06,29.15999984741211,8.819999694824219,27.079999923706055,21.18885612487793,36.869998931884766,7.920000076293945,26.3700008392334,52.779998779296875,41.95000076293945
2022-09-07,27.670000076293945,8.890000343322754,26.829999923706055,20.342336654663086,37.82600021362305,8.055999755859375,26.1200008392334,50.29999923706055,42.95000076293945
2022-09-08,27.90999984741211,8.829999923706055,26.75,20.445993423461914,39.71799850463867,8.178999900817871,26.170000076293945,50.68000030517578,42.400001525878906
2022-09-09,29.15999984741211,8.970000267028809,27.260000228881836,21.137027740478516,40.27199935913086,8.168000221252441,26.65999984741211,52.90999984741211,44.04999923706055
2022-09-12,29.649999618530273,9.010000228881836,27.600000381469727,21.447996139526367,42.20000076293945,8.411999702453613,27.799999237060547,53.72999954223633,43.75
2022-09-13,29.469999313354492,8.9399995803833,27.56999969482422,21.40480613708496,38.9640007019043,8.168999671936035,27.739999771118164,54.22999954223633,43.79999923706055
2022-09-14,29.739999771118164,9.0,27.299999237060547,21.5170955657959,39.99599838256836,8.40999984741211,27.360000610351562,55.33000183105469,44.400001525878906
2022-09-15,28.68000030517578,8.819999694824219,27.030000686645508,20.731046676635742,39.68199920654297,8.407999992370605,27.25,53.060001373291016,42.79999923706055
2022-09-16,28.889999389648438,8.800000190734863,27.09000015258789,20.601476669311523,39.31399917602539,8.430999755859375,27.1299991607666,52.880001068115234,43.650001525878906
2022-09-19,28.959999084472656,8.649999618530273,27.079999923706055,20.748321533203125,41.10599899291992,8.536999702453613,27.5,53.63999938964844,42.29999923706055
2022-09-20,28.649999618530273,8.890000343322754,27.600000381469727,20.54964828491211,40.150001525878906,8.552000045776367,27.75,53.13999938964844,45.04999923706055
2022-09-21,28.479999542236328,8.8100004196167,27.360000610351562,20.454631805419922,39.77000045776367,8.440999984741211,27.530000686645508,53.619998931884766,45.349998474121094
2022-09-22,28.59000015258789,8.9399995803833,27.420000076293945,20.46327018737793,40.12799835205078,8.362000465393066,27.389999389648438,54.0099983215332,45.5
2022-09-23,27.290000915527344,8.75,26.90999984741211,19.625389099121094,38.257999420166016,7.953000068664551,26.8799991607666,51.540000915527344,44.099998474121094
2022-09-26,26.479999542236328,8.680000305175781,26.610000610351562,19.0898380279541,37.763999938964844,7.913000106811523,26.6299991607666,51.0099983215332,43.04999923706055
2022-09-27,27.139999389648438,8.6899995803833,26.639999389648438,19.41807746887207,38.50199890136719,7.872000217437744,26.59000015258789,52.720001220703125,43.650001525878906
2022-09-28,28.139999389648438,8.729999542236328,26.770000457763672,20.083200454711914,40.007999420166016,8.071999549865723,26.709999084472656,54.54999923706055,45.20000076293945
2022-09-29,27.950000762939453,8.720000267028809,26.770000457763672,19.89316749572754,40.9739990234375,8.041999816894531,26.81999969482422,53.56999969482422,44.79999923706055
2022-09-30,27.31999969482422,8.680000305175781,27.040000915527344,19.547645568847656,40.17599868774414,7.991000175476074,26.110000610351562,52.75,45.75
2022-10-03,28.389999389648438,8.6899995803833,27.1299991607666,20.169580459594727,41.15599822998047,8.385000228881836,26.229999542236328,55.9900016784668,45.650001525878906
2022-10-04,29.34000015258789,8.859999656677246,27.229999542236328,20.82606315612793,43.0,8.661999702453613,26.479999542236328,59.16999816894531,45.20000076293945
2022-10-05,29.959999084472656,8.90999984741211,27.31999969482422,21.40480613708496,41.75199890136719,8.510000228881836,26.350000381469727,59.119998931884766,45.54999923706055
2022-10-06,30.399999618530273,9.020000457763672,27.09000015258789,21.69849395751953,41.84600067138672,8.595999717712402,26.170000076293945,59.869998931884766,44.54999923706055
2022-10-07,31.299999237060547,9.079999923706055,27.360000610351562,22.147666931152344,40.61800003051758,8.458000183105469,26.290000915527344,60.849998474121094,44.599998474121094
2022-10-10,30.65999984741211,9.149999618530273,27.770000457763672,21.68121910095215,40.30799865722656,8.34000015258789,26.329999923706055,58.130001068115234,46.79999923706055
2022-10-11,29.959999084472656,9.109999656677246,27.639999389648438,21.292510986328125,39.444000244140625,8.279000282287598,26.389999389648438,57.58000183105469,45.349998474121094
2022-10-12,29.59000015258789,9.149999618530273,27.700000762939453,21.24068260192871,39.928001403808594,8.194999694824219,26.610000610351562,58.369998931884766,44.70000076293945
2022-10-13,30.299999237060547,9.119999885559082,27.84000015258789,21.70713233947754,39.060001373291016,8.385000228881836,26.670000076293945,59.86000061035156,44.95000076293945
2022-10-14,29.3799991607666,9.09000015258789,27.600000381469727,21.18885612487793,37.06999969482422,8.371000289916992,26.459999084472656,58.47999954223633,43.75
2022-10-17,29.34000015258789,9.140000343322754,27.309999465942383,21.145666122436523,36.92599868774414,8.470000267028809,26.34000015258789,57.66999816894531,43.849998474121094
2022-10-18,28.8700008392334,9.119999885559082,27.190000534057617,20.7915096282959,37.3120002746582,8.435999870300293,26.190000534057617,57.16999816894531,43.349998474121094
2022-10-19,29.440000534057617,9.09000015258789,27.100000381469727,20.843338012695312,36.86000061035156,8.206000328063965,26.239999771118164,58.47999954223633,42.900001525878906
2022-10-20,29.59000015258789,8.970000267028809,27.34000015258789,20.800148010253906,38.310001373291016,8.520999908447266,26.579999923706055,58.54999923706055,43.54999923706055
2022-10-21,29.799999237060547,8.979999542236328,27.270000457763672,20.774232864379883,37.38999938964844,8.652999877929688,26.610000610351562,58.33000183105469,43.400001525878906
2022-10-24,29.809999465942383,8.819999694824219,27.209999084472656,20.964271545410156,36.582000732421875,8.581999778747559,26.200000762939453,59.2400016784668,43.0
2022-10-25,29.75,8.8100004196167,27.309999465942383,21.145666122436523,35.880001068115234,8.534000396728516,26.450000762939453,60.2400016784668,42.79999923706055
2022-10-26,30.68000030517578,8.6899995803833,27.290000915527344,21.638029098510742,36.40399932861328,8.831000328063965,26.459999084472656,61.5099983215332,43.20000076293945
2022-10-27,30.989999771118164,8.630000114440918,27.18000030517578,21.76759910583496,36.07400131225586,8.906000137329102,26.450000762939453,62.459999084472656,43.099998474121094
2022-10-28,30.670000076293945,8.59000015258789,27.09000015258789,21.499820709228516,35.2859992980957,8.770999908447266,26.5,60.56999969482422,42.75
2022-10-31,30.190000534057617,8.630000114440918,27.40999984741211,21.24068260192871,34.32600021362305,8.59000015258789,26.920000076293945,59.720001220703125,44.900001525878906
2022-11-01,30.8799991607666,8.890000343322754,27.729999542236328,21.508459091186523,34.86800003051758,8.753000259399414,27.360000610351562,61.540000915527344,45.70000076293945
2022-11-02,31.190000534057617,8.930000305175781,27.350000381469727,21.931718826293945,34.24800109863281,8.654999732971191,27.530000686645508,63.599998474121094,43.25
2022-11-03,30.860000610351562,8.949999809265137,27.149999618530273,21.94899559020996,33.34199905395508,8.539999961853027,27.239999771118164,63.83000183105469,43.150001525878906
2022-11-04,32.209999084472656,9.09000015258789,27.25,22.752321243286133,34.79999923706055,8.928000450134277,27.649999618530273,64.87999725341797,43.599998474121094
2022-11-07,32.040000915527344,9.0600004196167,27.059999465942383,22.553651809692383,35.150001525878906,9.11299991607666,27.440000534057617,63.15999984741211,43.5
2022-11-08,31.209999084472656,9.239999771118164,26.84000015258789,22.018096923828125,35.465999603271484,9.26200008392334,27.360000610351562,62.61000061035156,42.70000076293945
2022-11-09,30.170000076293945,9.329999923706055,26.56999969482422,21.27523422241211,34.49599838256836,9.13700008392334,27.34000015258789,60.349998474121094,41.75
2022-11-10,30.540000915527344,9.380000114440918,26.200000762939453,21.456632614135742,36.65999984741211,9.628000259399414,26.809999465942383,60.66999816894531,41.650001525878906
2022-11-11,31.31999969482422,9.390000343322754,26.389999389648438,21.905803680419922,37.61600112915039,9.548999786376953,27.389999389648438,62.06999969482422,42.20000076293945
2022-11-14,30.209999084472656,9.5,26.219999313354492,21.257959365844727,37.518001556396484,9.446999549865723,27.270000457763672,59.849998474121094,42.25
2022-11-15,30.6299991607666,9.630000114440918,26.6299991607666,21.594837188720703,38.9739990234375,9.406999588012695,27.56999969482422,59.7400016784668,42.54999923706055
2022-11-16,30.239999771118164,9.579999923706055,26.56999969482422,21.361614227294922,38.39799880981445,9.3149995803833,27.049999237060547,59.47999954223633,42.099998474121094
2022-11-17,29.399999618530273,9.369999885559082,26.56999969482422,20.869251251220703,37.150001525878906,9.105999946594238,26.84000015258789,58.13999938964844,41.54999923706055
2022-11-18,28.809999465942383,9.489999771118164,26.549999237060547,20.558286666870117,36.03799819946289,9.095000267028809,27.010000228881836,56.939998626708984,41.349998474121094
2022-11-21,28.65999984741211,9.5,26.34000015258789,20.601476669311523,34.672000885009766,9.144000053405762,27.170000076293945,57.189998626708984,41.150001525878906
2022-11-22,28.959999084472656,9.479999542236328,26.260000228881836,20.929718017578125,34.5260009765625,9.232999801635742,27.18000030517578,59.08000183105469,40.849998474121094
2022-11-23,27.850000381469727,9.369999885559082,26.399999618530273,20.37689208984375,35.00600051879883,9.277000427246094,27.18000030517578,57.61000061035156,40.900001525878906
2022-11-25,27.739999771118164,9.350000381469727,26.639999389648438,20.083200454711914,34.0099983215332,9.109000205993652,27.209999084472656,55.65999984741211,40.349998474121094
2022-11-28,27.540000915527344,9.319999694824219,26.6299991607666,19.94499397277832,34.167999267578125,9.166999816894531,27.549999237060547,54.689998626708984,39.5
2022-11-29,27.889999389648438,9.399999618530273,26.639999389648438,20.333702087402344,33.92399978637695,9.295000076293945,27.579999923706055,55.36000061035156,39.599998474121094
2022-11-30,28.670000076293945,9.470000267028809,26.420000076293945,20.85197639465332,34.93600082397461,9.583000183105469,27.75,57.599998474121094,40.20000076293945
2022-12-01,28.639999389648438,9.420000076293945,26.18000030517578,20.713769912719727,36.0880012512207,9.656000137329102,27.049999237060547,56.599998474121094,39.5
2022-12-02,28.280000686645508,9.279999732971191,25.850000381469727,20.28187370300293,35.27399826049805,9.434000015258789,27.25,55.540000915527344,38.650001525878906
2022-12-05,27.3799991607666,9.350000381469727,25.649999618530273,19.495820999145508,34.75400161743164,9.255999565124512,27.260000228881836,53.529998779296875,37.599998474121094
2022-12-06,26.219999313354492,9.300000190734863,25.549999237060547,18.882526397705078,34.31999969482422,9.187000274658203,27.520000457763672,52.189998626708984,37.04999923706055
2022-12-07,25.559999465942383,9.319999694824219,25.729999542236328,18.52837371826172,34.2400016784668,9.317999839782715,27.829999923706055,50.68000030517578,37.900001525878906
2022-12-08,25.09000015258789,9.390000343322754,25.68000030517578,18.42471694946289,35.81999969482422,9.293999671936035,27.940000534057617,49.54999923706055,37.79999923706055
2022-12-09,25.25,9.380000114440918,25.739999771118164,18.519733428955078,36.11600112915039,9.482000350952148,27.920000076293945,49.970001220703125,37.25
2022-12-12,25.809999465942383,9.329999923706055,26.059999465942383,18.942995071411133,34.895999908447266,9.29800033569336,27.489999771118164,50.52000045776367,38.20000076293945
2022-12-13,26.600000381469727,9.4399995803833,25.950000762939453,19.400802612304688,35.84199905395508,9.604999542236328,27.799999237060547,52.38999938964844,38.0
2022-12-14,27.34000015258789,9.619999885559082,25.969999313354492,19.68585777282715,35.58399963378906,9.527999877929688,27.799999237060547,54.41999816894531,37.95000076293945
2022-12-15,26.850000381469727,9.479999542236328,26.030000686645508,19.435354232788086,33.36000061035156,9.35099983215332,27.600000381469727,52.650001525878906,38.20000076293945
2022-12-16,26.1200008392334,9.510000228881836,26.059999465942383,18.994821548461914,31.95400047302246,9.213000297546387,27.690000534057617,51.70000076293945,38.25
2022-12-19,26.520000457763672,9.5600004196167,25.850000381469727,19.013103485107422,30.850000381469727,9.076000213623047,27.469999313354492,52.95000076293945,37.849998474121094
2022-12-20,26.43000030517578,9.680000305175781,26.0,18.952163696289062,32.119998931884766,9.347999572753906,27.670000076293945,53.689998626708984,37.79999923706055
2022-12-21,27.200000762939453,9.729999542236328,26.309999465942383,19.3874454498291,31.309999465942383,9.274999618530273,27.809999465942383,54.7599983215332,38.75
2022-12-22,27.020000457763672,9.779999732971191,26.270000457763672,19.082746505737305,31.15399932861328,9.074000358581543,27.6200008392334,54.84000015258789,38.5
2022-12-23,27.81999969482422,9.789999961853027,26.360000610351562,19.56155776977539,32.60599899291992,9.482999801635742,27.84000015258789,57.349998474121094,38.95000076293945
2022-12-27,27.90999984741211,9.579999923706055,26.6200008392334,19.78790283203125,34.03799819946289,9.505000114440918,27.899999618530273,57.349998474121094,39.099998474121094
2022-12-28,27.5,9.529999732971191,27.030000686645508,19.474502563476562,33.15399932861328,9.355999946594238,28.440000534057617,56.83000183105469,39.599998474121094
2022-12-29,27.520000457763672,9.609999656677246,26.959999084472656,19.3874454498291,33.53200149536133,9.8100004196167,28.40999984741211,57.470001220703125,39.04999923706055
2022-12-30,28.280000686645508,9.529999732971191,26.93000030517578,19.73567008972168,33.02199935913086,9.928000450134277,28.5,59.939998626708984,39.900001525878906
2023-01-03,27.1299991607666,9.399999618530273,26.6299991607666,18.943458557128906,31.652000427246094,10.055999755859375,28.030000686645508,57.06999969482422,39.29999923706055
2023-01-04,25.690000534057617,9.359999656677246,26.110000610351562,18.40370750427246,33.24599838256836,10.005000114440918,27.829999923706055,54.709999084472656,37.75
2023-01-05,25.8799991607666,9.289999961853027,25.93000030517578,18.307945251464844,32.321998596191406,9.826000213623047,27.65999984741211,54.63999938964844,37.75
2023-01-06,25.81999969482422,9.170000076293945,25.93000030517578,18.29053497314453,33.36600112915039,10.109000205993652,27.959999084472656,54.400001525878906,37.599998474121094
2023-01-09,26.239999771118164,9.220000267028809,25.920000076293945,18.630054473876953,32.86399841308594,10.005000114440918,27.959999084472656,55.47999954223633,37.650001525878906
2023-01-10,26.309999465942383,9.329999923706055,25.940000534057617,18.53429412841797,32.959999084472656,10.005000114440918,27.829999923706055,56.0099983215332,37.0
2023-01-11,27.280000686645508,9.350000381469727,25.979999542236328,19.039220809936523,32.900001525878906,9.890000343322754,27.90999984741211,58.720001220703125,37.45000076293945
2023-01-12,27.6299991607666,9.380000114440918,26.5,19.21333122253418,33.17599868774414,9.883000373840332,28.329999923706055,59.31999969482422,37.599998474121094
2023-01-13,28.110000610351562,9.380000114440918,26.6299991607666,19.457090377807617,33.2239990234375,9.901000022888184,28.420000076293945,61.22999954223633,37.54999923706055
2023-01-17,28.540000915527344,9.539999961853027,26.969999313354492,19.64861488342285,32.36800003051758,9.656000137329102,28.5,61.790000915527344,37.900001525878906
2023-01-18,27.93000030517578,9.510000228881836,26.729999542236328,19.309093475341797,31.77199935913086,9.621000289916992,28.15999984741211,60.7400016784668,37.54999923706055
2023-01-19,28.399999618530273,9.449999809265137,26.489999771118164,19.657318115234375,32.52799987792969,9.600000381469727,27.93000030517578,62.869998931884766,37.29999923706055
2023-01-20,28.8700008392334,9.4399995803833,26.489999771118164,19.883665084838867,32.13600158691406,9.631999969482422,27.700000762939453,63.75,37.650001525878906
2023-01-23,28.950000762939453,9.430000305175781,26.149999618530273,20.083894729614258,31.604000091552734,9.694999694824219,27.459999084472656,64.77999877929688,36.5
2023-01-24,28.3799991607666,9.529999732971191,26.5,19.718257904052734,32.29800033569336,9.788000106811523,27.440000534057617,63.79999923706055,37.150001525878906
2023-01-25,28.450000762939453,9.640000343322754,26.420000076293945,19.509323120117188,31.492000579833984,9.638999938964844,27.6200008392334,62.56999969482422,37.29999923706055
2023-01-26,28.729999542236328,9.8100004196167,26.579999923706055,19.613792419433594,30.95400047302246,9.446999549865723,27.899999618530273,63.0099983215332,38.04999923706055
2023-01-27,28.31999969482422,9.979999542236328,26.540000915527344,19.256860733032227,29.93600082397461,9.385000228881836,27.829999923706055,62.16999816894531,37.95000076293945
2023-01-30,27.770000457763672,10.109999656677246,26.579999923706055,18.795461654663086,30.31399917602539,9.340999603271484,28.1299991607666,60.31999969482422,38.04999923706055
2023-01-31,28.15999984741211,10.380000114440918,26.579999923706055,19.178508758544922,30.615999221801758,9.369999885559082,28.190000534057617,61.83000183105469,38.599998474121094
2023-02-01,27.399999618530273,10.220000267028809,26.690000534057617,18.52558708190918,31.148000717163086,9.326000213623047,28.040000915527344,59.18000030517578,38.599998474121094
2023-02-02,27.030000686645508,10.380000114440918,26.489999771118164,18.32535743713379,30.676000595092773,9.46500015258789,28.190000534057617,58.970001220703125,38.54999923706055
2023-02-03,26.25,10.229999542236328,26.579999923706055,17.733373641967773,30.11199951171875,9.045000076293945,28.200000762939453,55.900001525878906,38.45000076293945
2023-02-06,26.790000915527344,10.0,26.65999984741211,17.959718704223633,29.775999069213867,8.991999626159668,28.059999465942383,57.380001068115234,38.20000076293945
2023-02-07,27.6299991607666,10.140000343322754,26.5,18.569114685058594,30.6560001373291,9.015000343322754,28.010000228881836,59.22999954223633,38.349998474121094
2023-02-08,28.030000686645508,10.149999618530273,26.610000610351562,18.647464752197266,30.525999069213867,8.973999977111816,28.010000228881836,59.38999938964844,38.95000076293945
2023-02-09,27.719999313354492,10.220000267028809,26.34000015258789,18.40370750427246,29.97800064086914,8.831000328063965,27.959999084472656,58.79999923706055,38.54999923706055
2023-02-10,28.520000457763672,10.239999771118164,26.65999984741211,18.908634185791016,28.479999542236328,8.76200008392334,28.309999465942383,60.33000183105469,40.0
2023-02-13,28.34000015258789,10.180000305175781,26.770000457763672,18.821577072143555,29.010000228881836,8.829000473022461,28.399999618530273,60.619998931884766,39.95000076293945
2023-02-14,28.25,10.270000457763672,26.709999084472656,18.952163696289062,27.93600082397461,8.635000228881836,28.350000381469727,59.91999816894531,39.849998474121094
2023-02-15,28.149999618530273,10.149999618530273,26.530000686645508,18.769344329833984,27.200000762939453,8.496999740600586,28.100000381469727,59.86000061035156,39.099998474121094
2023-02-16,27.90999984741211,10.220000267028809,26.5,18.569114685058594,28.031999588012695,8.538000106811523,28.219999313354492,58.59000015258789,38.95000076293945
2023-02-17,27.350000381469727,10.25,26.639999389648438,18.26441764831543,27.739999771118164,8.51200008392334,28.299999237060547,58.2400016784668,38.900001525878906
2023-02-21,27.31999969482422,10.3100004196167,26.790000915527344,18.238300323486328,28.187999725341797,8.744000434875488,28.690000534057617,58.439998626708984,38.349998474121094
2023-02-22,26.610000610351562,10.3100004196167,26.540000915527344,17.89007568359375,27.423999786376953,8.784000396728516,28.56999969482422,56.5099983215332,37.849998474121094
2023-02-23,27.200000762939453,10.520000457763672,26.09000015258789,18.212182998657227,26.79599952697754,8.782999992370605,28.350000381469727,57.689998626708984,37.849998474121094
2023-02-24,27.479999542236328,10.210000038146973,25.649999618530273,18.46464729309082,26.118000030517578,8.434000015258789,28.1200008392334,57.560001373291016,36.29999923706055
2023-02-27,27.15999984741211,10.449999809265137,25.479999542236328,18.40370750427246,26.426000595092773,8.697999954223633,28.030000686645508,57.709999084472656,35.849998474121094
2023-02-28,27.540000915527344,10.34000015258789,25.059999465942383,18.57781982421875,26.239999771118164,8.817000389099121,27.5,58.75,35.75
2023-03-01,27.989999771118164,10.600000381469727,25.190000534057617,18.882518768310547,26.610000610351562,8.86299991607666,27.700000762939453,59.56999969482422,36.0
2023-03-02,28.020000457763672,10.489999771118164,25.139999389648438,18.917339324951172,26.70199966430664,8.909000396728516,27.959999084472656,59.970001220703125,36.0
2023-03-03,28.479999542236328,10.720000267028809,25.360000610351562,19.361326217651367,26.99799919128418,9.034000396728516,28.18000030517578,61.380001068115234,35.95000076293945
2023-03-06,28.6299991607666,10.670000076293945,25.25,19.26556396484375,26.676000595092773,9.019000053405762,28.31999969482422,62.31999969482422,35.20000076293945
2023-03-07,27.559999465942383,10.789999961853027,25.1200008392334,18.725814819335938,25.709999084472656,8.616000175476074,28.110000610351562,60.08000183105469,35.349998474121094
2023-03-08,27.329999923706055,10.720000267028809,24.760000228881836,18.490764617919922,25.50200080871582,8.677000045776367,28.100000381469727,59.81999969482422,34.79999923706055
2023-03-09,27.040000915527344,10.819999694824219,24.360000610351562,18.14253807067871,25.72599983215332,8.758999824523926,28.020000457763672,57.9900016784668,33.95000076293945
2023-03-10,27.40999984741211,10.850000381469727,24.579999923706055,18.395002365112305,25.579999923706055,8.880000114440918,27.860000610351562,58.869998931884766,34.650001525878906
2023-03-13,26.6299991607666,10.720000267028809,24.420000076293945,18.125125885009766,27.354000091552734,9.269000053405762,27.639999389648438,57.63999938964844,34.75
2023-03-14,25.719999313354492,10.600000381469727,24.610000610351562,17.637611389160156,27.700000762939453,9.112000465393066,27.6200008392334,56.939998626708984,35.29999923706055
2023-03-15,24.6299991607666,10.550000190734863,24.579999923706055,16.941160202026367,27.115999221801758,8.866000175476074,27.350000381469727,54.91999816894531,35.5
2023-03-16,24.68000030517578,10.640000343322754,24.700000762939453,17.028217315673828,26.327999114990234,9.027999877929688,27.34000015258789,55.63999938964844,35.400001525878906
2023-03-17,24.059999465942383,10.640000343322754,24.770000457763672,16.775754928588867,25.913999557495117,9.008999824523926,27.06999969482422,55.5,35.75
2023-03-20,24.489999771118164,10.529999732971191,24.75,16.906339645385742,26.04400062561035,9.137999534606934,27.09000015258789,56.41999816894531,35.20000076293945
2023-03-21,24.989999771118164,10.649999618530273,24.520000457763672,17.158802032470703,25.945999145507812,8.994999885559082,26.809999465942383,56.599998474121094,34.45000076293945
2023-03-22,25.170000076293945,10.819999694824219,24.459999084472656,17.193622589111328,26.65399932861328,9.128999710083008,26.329999923706055,57.400001525878906,33.75
2023-03-23,24.90999984741211,10.729999542236328,24.399999618530273,17.071746826171875,26.50200080871582,9.140000343322754,25.959999084472656,57.72999954223633,33.599998474121094
2023-03-24,24.84000015258789,10.710000038146973,24.8700008392334,17.1065673828125,26.489999771118164,9.050999641418457,26.290000915527344,57.7400016784668,35.150001525878906
2023-03-27,25.889999389648438,10.770000457763672,25.25,17.68113899230957,26.18199920654297,9.034000396728516,26.510000228881836,60.15999984741211,35.5
2023-03-28,26.09000015258789,10.949999809265137,25.290000915527344,17.698549270629883,26.312000274658203,8.935999870300293,26.889999389648438,60.66999816894531,35.599998474121094
2023-03-29,25.84000015258789,10.960000038146973,25.290000915527344,17.454792022705078,26.6200008392334,8.958999633789062,26.84000015258789,59.720001220703125,35.79999923706055
2023-03-30,26.15999984741211,11.3100004196167,25.15999984741211,17.585378646850586,26.8799991607666,9.119999885559082,26.889999389648438,59.5099983215332,35.25
2023-03-31,26.579999923706055,11.380000114440918,25.229999542236328,17.881370544433594,27.007999420166016,9.194000244140625,27.139999389648438,60.790000915527344,35.29999923706055
2023-04-03,28.309999465942383,11.59000015258789,25.270000457763672,18.46464729309082,26.992000579833984,9.178000450134277,27.440000534057617,62.720001220703125,35.650001525878906
2023-04-04,28.260000228881836,11.600000381469727,24.940000534057617,18.395002365112305,26.974000930786133,9.475000381469727,27.31999969482422,62.11000061035156,35.25
2023-04-05,28.280000686645508,11.869999885559082,24.90999984741211,18.569114685058594,26.31999969482422,9.270000457763672,27.25,63.90999984741211,34.79999923706055
2023-04-06,28.329999923706055,12.220000267028809,24.739999771118164,18.455944061279297,27.100000381469727,9.336999893188477,27.030000686645508,63.529998779296875,34.54999923706055
2023-04-10,28.09000015258789,12.199999809265137,25.079999923706055,18.473352432250977,26.200000762939453,9.269000053405762,27.079999923706055,63.900001525878906,34.75
2023-04-11,28.520000457763672,12.460000038146973,24.90999984741211,18.63875961303711,26.777999877929688,9.263999938964844,27.149999618530273,64.77999877929688,34.25
2023-04-12,29.09000015258789,12.300000190734863,24.81999969482422,18.89992904663086,27.125999450683594,9.41100025177002,27.100000381469727,64.94000244140625,34.349998474121094
2023-04-13,28.780000686645508,12.260000228881836,24.770000457763672,18.760637283325195,27.959999084472656,9.706000328063965,27.18000030517578,64.47000122070312,33.900001525878906
2023-04-14,28.860000610351562,12.390000343322754,25.110000610351562,18.77804946899414,27.841999053955078,9.652000427246094,26.979999542236328,64.33000183105469,34.75
2023-04-17,28.31999969482422,12.5,25.329999923706055,18.58652687072754,28.8799991607666,9.699000358581543,27.209999084472656,63.150001525878906,35.29999923706055
2023-04-18,28.270000457763672,12.579999923706055,25.479999542236328,18.52558708190918,30.052000045776367,10.01099967956543,27.3700008392334,62.31999969482422,35.54999923706055
2023-04-19,27.719999313354492,12.550000190734863,25.15999984741211,18.212182998657227,29.76799964904785,10.098999977111816,27.18000030517578,60.310001373291016,34.650001525878906
2023-04-20,27.049999237060547,13.0600004196167,24.8700008392334,17.820430755615234,29.38599967956543,10.098999977111816,27.0,59.18000030517578,34.150001525878906
2023-04-21,27.309999465942383,12.800000190734863,24.40999984741211,17.968425750732422,29.648000717163086,10.390999794006348,26.709999084472656,59.45000076293945,33.70000076293945
2023-04-24,27.68000030517578,13.270000457763672,24.299999237060547,18.25571060180664,28.323999404907227,10.08899974822998,26.5,60.290000915527344,33.04999923706055
2023-04-25,27.010000228881836,13.630000114440918,24.209999084472656,17.77690315246582,27.45400047302246,10.093999862670898,26.280000686645508,59.11000061035156,32.849998474121094
2023-04-26,26.06999969482422,13.489999771118164,24.09000015258789,17.289386749267578,28.010000228881836,10.067999839782715,26.290000915527344,57.959999084472656,32.349998474121094
2023-04-27,26.260000228881836,13.850000381469727,23.450000762939453,17.30679702758789,27.601999282836914,10.0,26.149999618530273,57.77000045776367,31.799999237060547
2023-04-28,26.940000534057617,13.850000381469727,23.3799991607666,17.637611389160156,27.79400062561035,9.940999984741211,26.31999969482422,58.36000061035156,31.899999618530273
2023-05-01,26.649999618530273,13.520000457763672,23.229999542236328,17.48961639404297,26.850000381469727,9.76099967956543,26.59000015258789,59.029998779296875,31.049999237060547
2023-05-02,25.270000457763672,13.3100004196167,23.059999465942383,16.7496395111084,26.503999710083008,9.852999687194824,26.40999984741211,56.380001068115234,30.75
2023-05-03,24.149999618530273,13.260000228881836,23.489999771118164,16.157655715942383,26.33799934387207,9.704000473022461,26.510000228881836,53.33000183105469,32.20000076293945
2023-05-04,24.31999969482422,13.529999732971191,23.469999313354492,16.209890365600586,26.850000381469727,9.70199966430664,26.389999389648438,53.689998626708984,32.349998474121094
2023-05-05,25.290000915527344,13.930000305175781,23.780000686645508,16.758342742919922,27.700000762939453,9.793999671936035,26.6299991607666,55.06999969482422,33.04999923706055
2023-05-08,25.760000228881836,13.739999771118164,23.59000015258789,17.036922454833984,28.788000106811523,9.90999984741211,26.520000457763672,56.650001525878906,32.79999923706055
2023-05-09,25.950000762939453,13.829999923706055,23.15999984741211,17.184917449951172,29.013999938964844,10.211000442504883,26.25,57.27000045776367,32.349998474121094
2023-05-10,25.729999542236328,14.079999923706055,23.209999084472656,17.115272521972656,29.667999267578125,10.317999839782715,26.170000076293945,57.7599983215332,32.150001525878906
2023-05-11,25.3799991607666,13.789999961853027,22.959999084472656,16.88022232055664,28.61199951171875,10.109999656677246,26.200000762939453,57.11000061035156,31.700000762939453
2023-05-12,24.940000534057617,13.880000114440918,22.739999771118164,16.6103458404541,27.8439998626709,9.78499984741211,25.68000030517578,56.22999954223633,31.950000762939453
2023-05-15,25.31999969482422,13.899999618530273,23.06999969482422,16.888927459716797,28.194000244140625,9.864999771118164,25.729999542236328,57.099998474121094,33.20000076293945
2023-05-16,25.079999923706055,13.770000457763672,22.610000610351562,16.758342742919922,27.601999282836914,9.842000007629395,25.270000457763672,57.279998779296875,32.45000076293945
2023-05-17,25.850000381469727,13.739999771118164,22.200000762939453,17.26327133178711,27.540000915527344,9.961000442504883,24.850000381469727,59.470001220703125,31.450000762939453
2023-05-18,25.559999465942383,13.600000381469727,22.229999542236328,17.1326847076416,27.200000762939453,9.770999908447266,24.860000610351562,59.43000030517578,30.850000381469727
2023-05-19,25.530000686645508,13.65999984741211,22.270000457763672,17.05433464050293,27.804000854492188,9.871000289916992,24.649999618530273,59.27000045776367,30.700000762939453
2023-05-22,25.559999465942383,13.710000038146973,22.6299991607666,17.04562759399414,27.5,9.890999794006348,25.040000915527344,60.16999816894531,30.649999618530273
2023-05-23,25.920000076293945,13.649999618530273,23.0,17.176212310791016,26.860000610351562,9.75,24.90999984741211,60.68000030517578,31.450000762939453
2023-05-24,26.270000457763672,13.579999923706055,23.030000686645508,17.40256118774414,26.200000762939453,9.51099967956543,24.829999923706055,61.81999969482422,30.649999618530273
2023-05-25,25.68000030517578,13.40999984741211,22.8799991607666,17.04562759399414,26.115999221801758,9.468999862670898,24.649999618530273,60.470001220703125,30.649999618530273
2023-05-26,25.989999771118164,13.649999618530273,23.6200008392334,17.26327133178711,26.27400016784668,9.444999694824219,24.920000076293945,61.349998474121094,31.299999237060547
2023-05-30,24.959999084472656,13.539999961853027,23.200000762939453,16.65387535095215,25.93000030517578,9.430000305175781,24.280000686645508,59.040000915527344,30.200000762939453
2023-05-31,24.389999389648438,13.430000305175781,23.100000381469727,16.314355850219727,25.260000228881836,9.220999717712402,24.059999465942383,57.779998779296875,30.299999237060547
2023-06-01,25.040000915527344,13.460000038146973,23.489999771118164,16.67128562927246,25.8439998626709,9.300000190734863,24.43000030517578,57.66999816894531,31.100000381469727
2023-06-02,25.760000228881836,13.470000267028809,23.829999923706055,17.063039779663086,26.20800018310547,9.267000198364258,24.729999542236328,59.349998474121094,31.600000381469727
2023-06-05,25.780000686645508,13.359999656677246,23.649999618530273,17.04562759399414,26.076000213623047,9.505000114440918,24.639999389648438,59.779998779296875,31.700000762939453
2023-06-06,25.65999984741211,13.460000038146973,23.729999542236328,17.010807037353516,26.107999801635742,9.550000190734863,24.690000534057617,60.38999938964844,31.850000381469727
2023-06-07,25.959999084472656,13.40999984741211,23.270000457763672,17.245859146118164,25.714000701904297,9.430000305175781,24.530000686645508,62.650001525878906,31.200000762939453
2023-06-08,25.530000686645508,13.90999984741211,23.530000686645508,16.993396759033203,25.125999450683594,9.350000381469727,24.809999465942383,61.65999984741211,31.799999237060547
2023-06-09,25.280000686645508,13.739999771118164,23.3700008392334,16.88022232055664,24.50200080871582,9.333999633789062,25.110000610351562,61.65999984741211,31.899999618530273
2023-06-12,24.239999771118164,13.800000190734863,24.049999237060547,16.357885360717773,25.02400016784668,9.161999702453613,25.270000457763672,58.9900016784668,32.099998474121094
2023-06-13,24.989999771118164,13.640000343322754,24.170000076293945,16.784460067749023,25.055999755859375,9.059000015258789,25.84000015258789,60.25,32.150001525878906
2023-06-14,24.8700008392334,13.899999618530273,24.190000534057617,16.697404861450195,25.540000915527344,9.015000343322754,25.8700008392334,60.81999969482422,31.75
2023-06-15,25.530000686645508,14.020000457763672,25.059999465942383,17.150096893310547,25.74799919128418,9.12600040435791,26.770000457763672,62.77000045776367,33.25
2023-06-16,25.850000381469727,14.119999885559082,25.950000762939453,17.385149002075195,26.13599967956543,9.085000038146973,27.56999969482422,63.459999084472656,34.29999923706055
2023-06-20,25.670000076293945,14.220000267028809,25.969999313354492,17.16750717163086,25.643999099731445,8.890000343322754,27.639999389648438,62.04999923706055,34.79999923706055
2023-06-21,26.09000015258789,14.140000343322754,27.200000762939453,17.411266326904297,24.922000885009766,8.74899959564209,28.190000534057617,62.220001220703125,36.5
2023-06-22,25.079999923706055,13.84000015258789,26.809999465942383,16.906339645385742,23.77199935913086,8.532999992370605,27.68000030517578,60.72999954223633,36.650001525878906
2023-06-23,25.040000915527344,13.5600004196167,25.489999771118164,16.862812042236328,23.72800064086914,8.48900032043457,27.059999465942383,60.18000030517578,36.150001525878906
2023-06-26,25.18000030517578,13.180000305175781,25.6200008392334,16.984689712524414,24.079999923706055,8.564000129699707,27.43000030517578,60.52000045776367,36.04999923706055
2023-06-27,24.520000457763672,12.930000305175781,24.540000915527344,16.71481704711914,24.02400016784668,8.552000045776367,26.90999984741211,59.619998931884766,34.29999923706055
2023-06-28,24.959999084472656,12.600000381469727,23.739999771118164,16.906339645385742,23.27199935913086,8.446000099182129,26.299999237060547,60.970001220703125,33.0
2023-06-29,25.18000030517578,12.5,23.40999984741211,17.036922454833984,22.70599937438965,8.293999671936035,26.270000457763672,61.290000915527344,32.95000076293945
2023-06-30,25.469999313354492,12.760000228881836,22.190000534057617,17.237154006958008,22.756000518798828,8.364999771118164,27.31999969482422,62.65999984741211,32.20000076293945
2023-07-03,25.420000076293945,12.960000038146973,22.399999618530273,17.1065673828125,22.68400001525879,8.428000450134277,27.920000076293945,61.33000183105469,32.20000076293945
2023-07-05,25.940000534057617,12.960000038146973,22.15999984741211,17.385149002075195,23.219999313354492,8.498000144958496,27.75,62.06999969482422,33.29999923706055
2023-07-06,25.899999618530273,12.819999694824219,22.75,17.35032844543457,22.937999725341797,8.385000228881836,27.68000030517578,62.7400016784668,32.54999923706055
2023-07-07,26.479999542236328,12.930000305175781,22.350000381469727,17.62890625,23.100000381469727,8.4399995803833,27.190000534057617,63.59000015258789,32.25
2023-07-10,26.34000015258789,12.930000305175781,22.459999084472656,17.672433853149414,22.920000076293945,8.60099983215332,27.59000015258789,63.459999084472656,32.099998474121094
2023-07-11,26.889999389648438,13.020000457763672,22.549999237060547,17.977130889892578,23.079999923706055,8.57800006866455,27.940000534057617,64.61000061035156,32.70000076293945
2023-07-12,27.190000534057617,13.239999771118164,21.829999923706055,18.168655395507812,23.72800064086914,8.791000366210938,27.290000915527344,65.94999694824219,31.549999237060547
2023-07-13,27.65999984741211,13.289999961853027,22.6299991607666,18.368886947631836,23.881999969482422,8.994999885559082,28.1200008392334,66.12999725341797,31.950000762939453
2023-07-14,26.989999771118164,13.380000114440918,23.15999984741211,18.046775817871094,23.549999237060547,8.97700023651123,28.25,65.0199966430664,32.79999923706055
2023-07-17,26.559999465942383,13.130000114440918,22.799999237060547,17.91619300842285,23.784000396728516,9.045000076293945,28.299999237060547,64.94999694824219,32.5
2023-07-18,26.989999771118164,13.1899995803833,23.84000015258789,18.168655395507812,24.3439998626709,9.085000038146973,28.600000381469727,66.4000015258789,33.25
2023-07-19,26.90999984741211,13.300000190734863,24.59000015258789,18.186065673828125,24.17799949645996,9.001999855041504,28.889999389648438,67.41000366210938,35.54999923706055
2023-07-20,26.989999771118164,13.529999732971191,24.350000381469727,18.299238204956055,23.648000717163086,8.83899974822998,28.860000610351562,68.16999816894531,35.5
2023-07-21,27.3799991607666,13.680000305175781,23.959999084472656,18.55170249938965,23.851999282836914,8.892000198364258,28.790000915527344,69.44000244140625,34.400001525878906
2023-07-24,28.059999465942383,13.710000038146973,25.170000076293945,18.89992904663086,23.652000427246094,8.850000381469727,29.309999465942383,71.88999938964844,36.900001525878906
2023-07-25,28.25,13.670000076293945,25.0,18.952163696289062,23.739999771118164,8.954999923706055,29.190000534057617,70.61000061035156,37.0
2023-07-26,28.040000915527344,13.489999771118164,24.389999389648438,18.943458557128906,23.381999969482422,8.930000305175781,29.219999313354492,71.72000122070312,35.5
2023-07-27,28.34000015258789,13.510000228881836,24.229999542236328,19.10015869140625,22.802000045776367,8.642999649047852,28.799999237060547,72.68000030517578,35.29999923706055
2023-07-28,28.639999389648438,13.279999732971191,23.780000686645508,19.27427101135254,23.00200080871582,8.649999618530273,28.510000228881836,72.80000305175781,34.95000076293945
2023-07-31,29.040000915527344,13.380000114440918,23.09000015258789,19.439678192138672,23.666000366210938,8.788999557495117,27.649999618530273,73.33999633789062,33.54999923706055
2023-08-01,28.93000030517578,13.479999542236328,22.93000030517578,19.430973052978516,22.8700008392334,8.605999946594238,27.860000610351562,72.61000061035156,33.150001525878906
2023-08-02,28.3700008392334,13.399999618530273,22.670000076293945,19.134981155395508,22.993999481201172,8.529999732971191,27.399999618530273,70.2300033569336,32.54999923706055
2023-08-03,28.979999542236328,13.260000228881836,22.489999771118164,19.41356086730957,23.148000717163086,8.444999694824219,27.530000686645508,70.13999938964844,32.349998474121094
2023-08-04,29.229999542236328,13.130000114440918,22.739999771118164,19.5528507232666,23.284000396728516,8.515999794006348,27.8799991607666,70.37000274658203,32.54999923706055
2023-08-07,29.170000076293945,13.180000305175781,22.649999618530273,19.605085372924805,22.940000534057617,8.527999877929688,27.200000762939453,71.31999969482422,33.25
2023-08-08,29.25,13.109999656677246,22.729999542236328,19.67473030090332,22.70800018310547,8.35099983215332,27.270000457763672,71.56999969482422,33.25
2023-08-09,29.729999542236328,13.1899995803833,22.600000381469727,19.953310012817383,22.884000778198242,8.244999885559082,27.399999618530273,74.12999725341797,32.599998474121094
2023-08-10,29.3799991607666,13.359999656677246,22.610000610351562,19.744375228881836,23.81800079345703,8.413000106811523,27.549999237060547,73.43000030517578,32.5
2023-08-11,29.489999771118164,13.550000190734863,22.290000915527344,19.726964950561523,23.913999557495117,8.444999694824219,27.34000015258789,74.58999633789062,32.20000076293945
2023-08-14,29.350000381469727,13.369999885559082,22.260000228881836,19.613792419433594,23.50200080871582,8.354000091552734,27.56999969482422,73.48999786376953,31.549999237060547
2023-08-15,28.889999389648438,13.25,21.799999237060547,19.41356086730957,22.739999771118164,8.236000061035156,27.239999771118164,71.94000244140625,30.700000762939453
2023-08-16,28.309999465942383,13.4399995803833,22.06999969482422,19.143688201904297,22.356000900268555,8.180999755859375,27.6200008392334,72.0,30.799999237060547
2023-08-17,28.520000457763672,13.369999885559082,22.299999237060547,19.29168128967285,22.527999877929688,8.26200008392334,27.889999389648438,70.94000244140625,30.399999618530273
2023-08-18,28.860000610351562,13.369999885559082,22.520000457763672,19.44838523864746,23.167999267578125,8.418000221252441,28.309999465942383,71.01000213623047,31.450000762939453
2023-08-21,28.760000228881836,13.199999809265137,22.100000381469727,19.361326217651367,22.97599983215332,8.416999816894531,28.420000076293945,70.08999633789062,30.75
2023-08-22,28.649999618530273,13.180000305175781,21.93000030517578,19.361326217651367,23.082000732421875,8.49899959564209,28.0,70.56999969482422,30.799999237060547
2023-08-23,28.270000457763672,13.529999732971191,22.31999969482422,19.143688201904297,23.63599967956543,8.581999778747559,28.399999618530273,70.31999969482422,31.450000762939453
2023-08-24,28.31999969482422,13.65999984741211,22.360000610351562,19.204626083374023,22.81800079345703,8.640000343322754,28.610000610351562,70.56999969482422,31.25
2023-08-25,28.799999237060547,13.930000305175781,22.290000915527344,19.44838523864746,22.639999389648438,8.720999717712402,28.56999969482422,72.62999725341797,30.700000762939453
2023-08-28,28.719999313354492,14.140000343322754,22.690000534057617,19.335208892822266,23.06399917602539,8.934000015258789,29.139999389648438,70.43000030517578,30.649999618530273
2023-08-29,29.059999465942383,14.100000381469727,22.299999237060547,19.465797424316406,23.0,9.038000106811523,28.940000534057617,70.16999816894531,29.899999618530273
2023-08-30,29.190000534057617,14.020000457763672,22.15999984741211,19.509323120117188,22.739999771118164,9.017999649047852,28.81999969482422,70.43000030517578,30.100000381469727
2023-08-31,29.719999313354492,13.970000267028809,22.06999969482422,19.744375228881836,22.673999786376953,8.954999923706055,28.40999984741211,70.44000244140625,29.950000762939453
2023-09-01,30.440000534057617,14.25,22.200000762939453,20.049074172973633,22.52199935913086,8.868000030517578,28.520000457763672,71.08000183105469,29.600000381469727
2023-09-05,30.8700008392334,14.609999656677246,22.3700008392334,20.275419235229492,22.56599998474121,8.567999839782715,28.489999771118164,71.02999877929688,29.700000762939453
2023-09-06,31.139999389648438,14.470000267028809,22.299999237060547,20.371179580688477,22.469999313354492,8.437000274658203,28.56999969482422,71.58999633789062,30.25
2023-09-07,30.8799991607666,14.75,22.309999465942383,20.327653884887695,22.43000030517578,8.376999855041504,28.360000610351562,72.23999786376953,29.850000381469727
2023-09-08,31.030000686645508,14.640000343322754,22.18000030517578,20.48435401916504,22.027999877929688,8.26200008392334,28.479999542236328,72.9800033569336,29.649999618530273
2023-09-11,31.06999969482422,14.649999618530273,22.329999923706055,20.59752655029297,22.527999877929688,8.322999954223633,28.600000381469727,74.91999816894531,29.149999618530273
2023-09-12,31.6200008392334,14.850000381469727,21.989999771118164,20.815168380737305,22.799999237060547,8.404999732971191,28.15999984741211,74.97000122070312,29.25
2023-09-13,31.610000610351562,14.850000381469727,22.15999984741211,20.87610626220703,23.073999404907227,8.331999778747559,28.25,75.33000183105469,29.600000381469727
2023-09-14,32.220001220703125,14.979999542236328,22.1299991607666,21.111160278320312,22.97800064086914,8.383000373840332,28.489999771118164,75.41000366210938,29.549999237060547
2023-09-15,32.31999969482422,14.970000267028809,21.969999313354492,21.02410125732422,23.038000106811523,8.564000129699707,28.030000686645508,74.62000274658203,29.899999618530273
2023-09-18,32.439998626708984,15.119999885559082,21.81999969482422,21.05021858215332,22.98200035095215,8.61400032043457,27.59000015258789,74.36000061035156,29.25
2023-09-19,32.45000076293945,15.260000228881836,21.969999313354492,21.05892562866211,23.22800064086914,8.696000099182129,27.59000015258789,73.56999969482422,29.149999618530273
2023-09-20,31.969999313354492,15.010000228881836,22.200000762939453,20.719406127929688,23.242000579833984,8.579000473022461,27.65999984741211,72.02999877929688,29.350000381469727
2023-09-21,32.0099983215332,15.029999732971191,21.90999984741211,20.71070098876953,23.288000106811523,8.48799991607666,27.229999542236328,72.16999816894531,28.75
2023-09-22,32.04999923706055,15.0600004196167,21.959999084472656,20.649761199951172,23.04599952697754,8.557999610900879,27.260000228881836,71.0,29.0
2023-09-25,31.989999771118164,14.729999542236328,22.209999084472656,20.554000854492188,22.77199935913086,8.416999816894531,27.3700008392334,70.33999633789062,29.450000762939453
2023-09-26,32.16999816894531,14.59000015258789,22.1200008392334,20.614938735961914,22.58799934387207,8.345999717712402,27.440000534057617,71.0,29.450000762939453
2023-09-27,32.779998779296875,14.680000305175781,22.34000015258789,20.867401123046875,22.511999130249023,8.211000442504883,27.510000228881836,71.66000366210938,29.149999618530273
2023-09-28,32.369998931884766,14.979999542236328,22.489999771118164,20.649761199951172,23.47599983215332,8.37600040435791,27.530000686645508,69.66999816894531,29.049999237060547
2023-09-29,32.06999969482422,14.779999732971191,22.020000457763672,20.379886627197266,23.016000747680664,8.362000465393066,27.06999969482422,67.66000366210938,27.850000381469727
2023-10-02,31.5,14.770000457763672,22.520000457763672,20.162246704101562,22.29800033569336,8.119999885559082,27.18000030517578,67.87999725341797,28.850000381469727
2023-10-03,31.719999313354492,14.4399995803833,22.5,20.18836212158203,21.77199935913086,8.052000045776367,27.110000610351562,66.5199966430664,28.850000381469727
2023-10-04,29.989999771118164,14.529999732971191,22.40999984741211,19.169803619384766,21.6299991607666,8.024999618530273,27.06999969482422,61.97999954223633,28.399999618530273
2023-10-05,29.290000915527344,14.579999923706055,22.809999465942383,18.891223907470703,21.20599937438965,7.9629998207092285,27.190000534057617,61.79999923706055,29.149999618530273
2023-10-06,29.389999389648438,14.859999656677246,22.739999771118164,18.89992904663086,21.329999923706055,8.11299991607666,26.90999984741211,61.66999816894531,28.950000762939453
2023-10-09,30.690000534057617,15.079999923706055,22.559999465942383,19.526735305786133,21.058000564575195,8.20199966430664,26.81999969482422,62.97999954223633,29.100000381469727
2023-10-10,30.479999542236328,15.09000015258789,22.420000076293945,19.570262908935547,21.690000534057617,8.14799976348877,26.969999313354492,63.70000076293945,28.600000381469727
2023-10-11,30.059999465942383,14.720000267028809,22.59000015258789,19.430973052978516,21.54800033569336,8.192000389099121,26.639999389648438,62.63999938964844,28.399999618530273
2023-10-12,30.110000610351562,14.779999732971191,22.850000381469727,19.361326217651367,20.91200065612793,8.01200008392334,27.299999237060547,61.52000045776367,29.049999237060547
2023-10-13,31.670000076293945,14.920000076293945,22.799999237060547,20.11871910095215,21.167999267578125,8.13599967956543,27.139999389648438,63.83000183105469,29.049999237060547
2023-10-16,31.3700008392334,15.020000457763672,22.6200008392334,20.083894729614258,21.197999954223633,8.23799991607666,27.270000457763672,64.43000030517578,29.049999237060547
2023-10-17,31.479999542236328,15.210000038146973,22.579999923706055,20.127424240112305,21.031999588012695,8.28499984741211,27.469999313354492,64.66999816894531,28.799999237060547
2023-10-18,31.84000015258789,15.199999809265137,22.719999313354492,20.388591766357422,20.93600082397461,8.175000190734863,27.68000030517578,66.22000122070312,29.25
2023-10-19,32.5099983215332,15.09000015258789,23.100000381469727,20.667173385620117,20.488000869750977,8.220999717712402,27.729999542236328,66.97000122070312,29.75
2023-10-20,32.16999816894531,14.890000343322754,22.799999237060547,20.527881622314453,20.351999282836914,8.267000198364258,27.459999084472656,66.72000122070312,29.350000381469727
2023-10-23,31.540000915527344,15.210000038146973,22.649999618530273,20.170949935913086,20.79800033569336,8.281000137329102,27.260000228881836,65.54000091552734,29.5
2023-10-24,30.81999969482422,15.289999961853027,22.31999969482422,19.779197692871094,20.739999771118164,8.206999778747559,27.399999618530273,63.849998474121094,29.049999237060547
2023-10-25,31.459999084472656,15.319999694824219,22.25,20.049074172973633,20.68400001525879,8.355999946594238,27.299999237060547,64.31999969482422,28.700000762939453
2023-10-26,30.899999618530273,14.989999771118164,22.149999618530273,19.831430435180664,20.827999114990234,8.354000091552734,27.190000534057617,63.779998779296875,29.100000381469727
2023-10-27,31.440000534057617,15.15999984741211,22.270000457763672,20.11001205444336,20.663999557495117,8.326000213623047,27.559999465942383,65.2699966430664,29.0
2023-10-30,30.68000030517578,14.869999885559082,22.18000030517578,19.59638023376465,20.746000289916992,8.611000061035156,27.3799991607666,63.16999816894531,28.649999618530273
2023-10-31,30.200000762939453,14.979999542236328,22.239999771118164,19.526735305786133,20.691999435424805,8.604000091552734,27.440000534057617,63.06999969482422,28.299999237060547
2023-11-01,30.079999923706055,15.220000267028809,22.1299991607666,19.430973052978516,20.43000030517578,8.510000228881836,27.489999771118164,62.279998779296875,28.399999618530273
2023-11-02,30.700000762939453,15.210000038146973,21.950000762939453,19.840137481689453,20.530000686645508,8.515000343322754,27.780000686645508,63.790000915527344,28.549999237060547
2023-11-03,30.190000534057617,15.359999656677246,22.309999465942383,19.50061798095703,20.643999099731445,8.59000015258789,28.270000457763672,62.619998931884766,28.850000381469727
2023-11-06,30.190000534057617,15.479999542236328,22.280000686645508,19.56155776977539,20.47599983215332,8.359999656677246,28.459999084472656,63.650001525878906,28.950000762939453
2023-11-07,28.959999084472656,15.260000228881836,21.969999313354492,18.856399536132812,19.516000747680664,8.241999626159668,28.3700008392334,61.630001068115234,28.799999237060547
2023-11-08,28.270000457763672,15.050000190734863,22.1299991607666,18.508176803588867,19.43400001525879,8.020000457763672,28.3700008392334,60.72999954223633,29.549999237060547
2023-11-09,28.299999237060547,15.359999656677246,21.90999984741211,18.490764617919922,18.398000717163086,7.949999809265137,28.06999969482422,61.31999969482422,29.200000762939453
2023-11-10,28.899999618530273,15.140000343322754,21.729999542236328,18.751934051513672,17.865999221801758,7.801000118255615,28.06999969482422,62.13999938964844,28.799999237060547
2023-11-13,29.350000381469727,15.289999961853027,22.290000915527344,19.091453552246094,18.200000762939453,7.993000030517578,28.81999969482422,63.77000045776367,28.950000762939453
2023-11-14,29.25,15.069999694824219,22.389999389648438,18.995691299438477,18.84000015258789,8.210000038146973,28.90999984741211,63.22999954223633,28.799999237060547
2023-11-15,28.719999313354492,15.109999656677246,22.1299991607666,18.83028221130371,19.076000213623047,8.293000221252441,28.850000381469727,62.4900016784668,28.399999618530273
2023-11-16,27.469999313354492,15.100000381469727,22.270000457763672,18.046775817871094,19.197999954223633,8.265999794006348,28.34000015258789,59.68000030517578,28.0
2023-11-17,28.530000686645508,15.09000015258789,22.06999969482422,18.53429412841797,19.45199966430664,8.303000450134277,28.1200008392334,62.0099983215332,27.850000381469727
2023-11-20,29.139999389648438,15.319999694824219,22.09000015258789,18.856399536132812,19.899999618530273,8.50100040435791,28.56999969482422,63.25,27.649999618530273
2023-11-21,29.290000915527344,15.420000076293945,22.18000030517578,18.96087074279785,19.8700008392334,8.619999885559082,28.760000228881836,63.689998626708984,28.049999237060547
2023-11-22,28.940000534057617,15.140000343322754,22.149999618530273,18.769344329833984,19.486000061035156,8.524999618530273,28.5,63.16999816894531,28.299999237060547
2023-11-24,28.700000762939453,15.010000228881836,21.93000030517578,18.58652687072754,19.884000778198242,8.569999694824219,27.93000030517578,62.20000076293945,27.75
2023-11-27,28.389999389648438,15.140000343322754,21.649999618530273,18.43853187561035,19.738000869750977,8.486000061035156,28.0,62.08000183105469,27.100000381469727
2023-11-28,28.889999389648438,15.119999885559082,21.610000610351562,18.673582077026367,19.43000030517578,8.6899995803833,28.31999969482422,63.2599983215332,27.649999618530273
2023-11-29,29.360000610351562,15.0600004196167,21.729999542236328,18.934751510620117,18.972000122070312,8.574999809265137,28.299999237060547,64.76000213623047,28.25
2023-11-30,28.43000030517578,14.710000038146973,21.950000762939453,18.38629722595215,18.70400047302246,8.574999809265137,28.25,62.130001068115234,28.75
2023-12-01,28.049999237060547,14.350000381469727,22.040000915527344,18.14253807067871,18.5,8.623000144958496,27.979999542236328,61.349998474121094,28.799999237060547
2023-12-04,27.799999237060547,14.600000381469727,22.09000015258789,18.046775817871094,17.988000869750977,8.486000061035156,27.649999618530273,61.900001525878906,29.649999618530273
2023-12-05,27.450000762939453,14.289999961853027,22.270000457763672,17.820430755615234,17.285999298095703,8.3100004196167,27.6299991607666,60.91999816894531,30.0
2023-12-06,26.40999984741211,13.350000381469727,22.0,17.219741821289062,17.535999298095703,8.211999893188477,27.440000534057617,58.689998626708984,29.899999618530273
2023-12-07,26.469999313354492,13.270000457763672,22.18000030517578,17.219741821289062,17.95599937438965,8.368000030517578,27.719999313354492,58.130001068115234,30.350000381469727
2023-12-08,26.950000762939453,13.319999694824219,22.170000076293945,17.4373836517334,17.408000946044922,8.45199966430664,27.6299991607666,59.439998626708984,29.899999618530273
2023-12-11,27.06999969482422,12.9399995803833,22.0,17.463499069213867,17.72800064086914,8.41100025177002,28.15999984741211,59.16999816894531,28.950000762939453
2023-12-12,26.09000015258789,12.930000305175781,22.110000610351562,16.93245506286621,18.106000900268555,8.586000442504883,27.920000076293945,57.43000030517578,29.649999618530273
2023-12-13,26.540000915527344,12.630000114440918,21.90999984741211,17.22844696044922,18.535999298095703,8.642999649047852,27.709999084472656,58.66999816894531,28.899999618530273
2023-12-14,27.299999237060547,12.779999732971191,21.950000762939453,17.611494064331055,20.392000198364258,8.842000007629395,27.84000015258789,61.25,29.25
2023-12-15,27.309999465942383,12.75,21.979999542236328,17.68984603881836,21.65399932861328,8.697999954223633,27.719999313354492,61.630001068115234,29.700000762939453
2023-12-18,27.790000915527344,12.449999809265137,21.829999923706055,17.89043617248535,21.799999237060547,8.71399974822998,27.93000030517578,62.689998626708984,29.350000381469727
2023-12-19,28.299999237060547,12.59000015258789,21.649999618530273,18.116323471069336,22.65399932861328,8.788000106811523,27.530000686645508,63.54999923706055,29.549999237060547
2023-12-20,28.09000015258789,12.329999923706055,21.520000457763672,17.872365951538086,21.989999771118164,8.843000411987305,27.34000015258789,63.040000915527344,29.049999237060547
2023-12-21,28.1299991607666,12.140000343322754,21.65999984741211,17.86332893371582,22.389999389648438,8.906999588012695,27.149999618530273,62.560001373291016,29.25
2023-12-22,28.010000228881836,12.319999694824219,21.6200008392334,17.7006893157959,22.170000076293945,8.973999977111816,27.149999618530273,61.56999969482422,29.299999237060547
2023-12-26,28.610000610351562,12.25,21.920000076293945,17.917543411254883,21.583999633789062,9.0649995803833,27.479999542236328,62.33000183105469,30.149999618530273
2023-12-27,28.190000534057617,12.380000114440918,21.739999771118164,17.718761444091797,21.29800033569336,9.180000305175781,27.420000076293945,62.060001373291016,29.649999618530273
2023-12-28,27.479999542236328,12.90999984741211,21.729999542236328,17.438655853271484,20.83799934387207,9.248000144958496,27.280000686645508,60.560001373291016,30.0
2023-12-29,27.309999465942383,12.399999618530273,21.56999969482422,17.339265823364258,20.218000411987305,9.116000175476074,27.010000228881836,60.70000076293945,29.850000381469727
2024-01-02,27.0,12.489999771118164,21.329999923706055,17.248910903930664,19.95800018310547,9.041999816894531,26.549999237060547,60.43000030517578,29.049999237060547
2024-01-03,27.920000076293945,12.460000038146973,21.420000076293945,17.754901885986328,19.763999938964844,8.963000297546387,26.639999389648438,62.290000915527344,28.799999237060547
2024-01-04,27.610000610351562,12.579999923706055,21.450000762939453,17.60129737854004,19.134000778198242,8.812999725341797,26.469999313354492,60.83000183105469,29.299999237060547
2024-01-05,28.049999237060547,12.579999923706055,21.229999542236328,17.78200912475586,18.964000701904297,8.875,26.18000030517578,60.79999923706055,29.399999618530273
2024-01-08,27.190000534057617,12.859999656677246,20.90999984741211,17.42058563232422,18.422000885009766,8.72599983215332,26.049999237060547,58.77000045776367,28.700000762939453
2024-01-09,27.56999969482422,12.739999771118164,21.1299991607666,17.62840461730957,18.030000686645508,8.590999603271484,26.110000610351562,59.84000015258789,29.200000762939453
2024-01-10,27.299999237060547,12.649999618530273,21.079999923706055,17.44769287109375,18.440000534057617,8.489999771118164,25.93000030517578,59.65999984741211,29.25
2024-01-11,27.700000762939453,12.819999694824219,20.959999084472656,17.6826171875,18.277999877929688,8.456999778747559,26.0,61.290000915527344,29.0
2024-01-12,27.899999618530273,12.699999809265137,20.610000610351562,17.83622169494629,18.038000106811523,8.348999977111816,25.850000381469727,61.22999954223633,28.700000762939453
2024-01-16,27.700000762939453,13.170000076293945,20.3799991607666,17.574190139770508,17.246000289916992,8.276000022888184,25.829999923706055,61.08000183105469,28.100000381469727
2024-01-17,27.799999237060547,13.029999732971191,20.299999237060547,17.6645450592041,16.940000534057617,8.166999816894531,25.389999389648438,61.689998626708984,28.0
2024-01-18,28.1299991607666,13.380000114440918,20.350000381469727,17.80911636352539,17.371999740600586,8.357000350952148,25.540000915527344,62.70000076293945,28.049999237060547
2024-01-19,28.079999923706055,13.550000190734863,20.420000076293945,17.7006893157959,17.483999252319336,8.291000366210938,25.549999237060547,62.810001373291016,28.299999237060547
2024-01-22,28.459999084472656,13.579999923706055,20.420000076293945,17.854293823242188,17.285999298095703,8.241999626159668,25.709999084472656,64.55999755859375,28.299999237060547
2024-01-23,28.40999984741211,13.6899995803833,20.440000534057617,17.86332893371582,17.48200035095215,8.319000244140625,25.989999771118164,63.75,28.5
2024-01-24,28.670000076293945,14.0,20.670000076293945,18.00790023803711,17.823999404907227,8.307999610900879,25.969999313354492,64.13999938964844,29.049999237060547
2024-01-25,29.34000015258789,13.90999984741211,20.600000381469727,18.233787536621094,17.351999282836914,8.222000122070312,25.6200008392334,65.27999877929688,29.100000381469727
2024-01-26,29.799999237060547,13.850000381469727,20.399999618530273,18.47774887084961,17.68400001525879,8.423999786376953,25.3700008392334,66.48999786376953,28.649999618530273
2024-01-29,29.40999984741211,13.699999809265137,20.200000762939453,18.22475242614746,18.170000076293945,8.579999923706055,25.239999771118164,64.91000366210938,28.350000381469727
2024-01-30,29.579999923706055,13.899999618530273,20.540000915527344,18.32414436340332,17.988000869750977,8.508000373840332,25.690000534057617,65.62999725341797,28.799999237060547
2024-01-31,28.850000381469727,13.899999618530273,20.530000686645508,18.04404067993164,18.055999755859375,8.439000129699707,25.729999542236328,63.630001068115234,28.399999618530273
2024-02-01,28.239999771118164,13.720000267028809,20.459999084472656,17.6826171875,17.75,8.428000450134277,25.389999389648438,62.70000076293945,28.450000762939453
2024-02-02,27.690000534057617,13.880000114440918,20.360000610351562,17.42058563232422,17.440000534057617,8.222999572753906,25.059999465942383,61.099998474121094,28.600000381469727
2024-02-05,28.010000228881836,13.739999771118164,20.360000610351562,17.64647674560547,17.488000869750977,8.29800033569336,25.15999984741211,63.209999084472656,28.100000381469727
2024-02-06,28.25,13.789999961853027,20.280000686645508,17.691652297973633,17.468000411987305,8.329999923706055,25.280000686645508,63.5099983215332,28.149999618530273
2024-02-07,28.5,13.949999809265137,20.149999618530273,17.818151473999023,16.50200080871582,8.121999740600586,25.010000228881836,65.01000213623047,28.299999237060547
2024-02-08,29.360000610351562,13.970000267028809,20.049999237060547,18.1434326171875,16.375999450683594,8.184000015258789,25.170000076293945,67.02999877929688,27.850000381469727
2024-02-09,29.40999984741211,14.039999961853027,19.93000030517578,18.260894775390625,15.92199993133545,8.07800006866455,24.8700008392334,66.80000305175781,27.950000762939453
2024-02-12,29.489999771118164,13.800000190734863,19.950000762939453,18.269929885864258,16.479999542236328,8.201000213623047,25.059999465942383,67.76000213623047,27.899999618530273
2024-02-13,29.690000534057617,13.649999618530273,20.0,18.206680297851562,15.95199966430664,8.045000076293945,24.959999084472656,68.37000274658203,27.799999237060547
2024-02-14,29.299999237060547,13.739999771118164,19.729999542236328,17.90850830078125,17.209999084472656,8.194000244140625,24.610000610351562,66.27999877929688,27.200000762939453
2024-02-15,29.780000686645508,13.390000343322754,19.40999984741211,18.04404067993164,17.56599998474121,8.270000457763672,24.469999313354492,66.30999755859375,26.5
2024-02-16,29.93000030517578,13.600000381469727,19.450000762939453,18.06211280822754,17.486000061035156,8.329999923706055,24.649999618530273,66.5199966430664,26.149999618530273
2024-02-20,29.6299991607666,13.520000457763672,19.56999969482422,17.827186584472656,18.0,8.324999809265137,24.780000686645508,65.30000305175781,26.899999618530273
2024-02-21,29.84000015258789,13.539999961853027,19.25,17.998863220214844,17.54800033569336,8.151000022888184,24.40999984741211,65.79000091552734,26.850000381469727
2024-02-22,29.969999313354492,13.449999809265137,19.09000015258789,18.080183029174805,17.781999588012695,8.286999702453613,24.219999313354492,66.29000091552734,27.049999237060547
2024-02-23,29.360000610351562,13.220000267028809,18.899999618530273,17.718761444091797,17.940000534057617,8.279999732971191,24.049999237060547,64.9800033569336,26.600000381469727
2024-02-26,29.670000076293945,13.420000076293945,19.200000762939453,17.962718963623047,17.597999572753906,8.105999946594238,24.040000915527344,66.16000366210938,26.799999237060547
2024-02-27,29.93000030517578,13.65999984741211,19.34000015258789,18.08922004699707,17.323999404907227,8.187000274658203,24.049999237060547,67.02999877929688,27.299999237060547
2024-02-28,29.809999465942383,13.699999809265137,19.600000381469727,17.962718963623047,17.058000564575195,8.10099983215332,24.15999984741211,65.80999755859375,27.049999237060547
2024-02-29,29.729999542236328,13.1899995803833,19.559999465942383,17.962718963623047,17.378000259399414,8.093999862670898,23.969999313354492,66.75,26.950000762939453
2024-03-01,30.290000915527344,12.800000190734863,19.299999237060547,18.1253604888916,17.511999130249023,8.151000022888184,24.209999084472656,67.75,26.200000762939453
2024-03-04,30.100000381469727,12.609999656677246,19.56999969482422,18.1253604888916,17.697999954223633,8.267000198364258,24.34000015258789,67.06999969482422,26.399999618530273
2024-03-05,29.829999923706055,12.680000305175781,19.3700008392334,17.98982810974121,17.45400047302246,8.116999626159668,24.270000457763672,65.58000183105469,25.899999618530273
2024-03-06,30.1200008392334,13.0,19.479999542236328,18.116323471069336,19.106000900268555,8.333999633789062,24.260000228881836,66.02999877929688,25.299999237060547
2024-03-07,30.1200008392334,12.960000038146973,19.860000610351562,18.1253604888916,19.007999420166016,8.45300006866455,24.56999969482422,66.2699966430664,25.200000762939453
2024-03-08,29.799999237060547,12.859999656677246,19.979999542236328,17.926578521728516,18.79199981689453,8.375,24.969999313354492,65.61000061035156,25.700000762939453
2024-03-11,29.969999313354492,13.3100004196167,20.09000015258789,18.080183029174805,18.965999603271484,8.62600040435791,24.920000076293945,66.93000030517578,26.200000762939453
2024-03-12,29.8700008392334,13.239999771118164,20.09000015258789,17.998863220214844,19.13800048828125,8.496000289916992,25.209999084472656,67.2300033569336,26.200000762939453
2024-03-13,30.579999923706055,13.239999771118164,20.049999237060547,18.360286712646484,19.469999313354492,8.642000198364258,25.270000457763672,69.12999725341797,25.950000762939453
2024-03-14,31.0,13.149999618530273,19.81999969482422,18.568103790283203,19.66200065612793,8.545999526977539,25.270000457763672,69.95999908447266,25.600000381469727
2024-03-15,31.030000686645508,13.260000228881836,19.950000762939453,18.595211029052734,19.84000015258789,8.63599967956543,25.260000228881836,70.41999816894531,25.5
2024-03-18,31.649999618530273,13.289999961853027,19.950000762939453,18.89338493347168,19.003999710083008,8.430999755859375,25.100000381469727,71.36000061035156,26.100000381469727
2024-03-19,31.799999237060547,13.029999732971191,20.020000457763672,18.94759750366211,18.34600067138672,8.24899959564209,25.100000381469727,71.76000213623047,26.5
2024-03-20,31.399999618530273,13.119999885559082,20.079999923706055,18.71267318725586,18.832000732421875,8.359000205993652,25.540000915527344,71.05000305175781,26.25
2024-03-21,31.270000457763672,13.319999694824219,20.15999984741211,18.6403865814209,18.709999084472656,8.348999977111816,25.559999465942383,70.73999786376953,26.299999237060547
2024-03-22,31.190000534057617,13.239999771118164,20.100000381469727,18.531963348388672,18.173999786376953,8.236000061035156,25.170000076293945,70.9000015258789,26.649999618530273
2024-03-25,31.600000381469727,13.270000457763672,20.059999465942383,18.721708297729492,18.530000686645508,8.310999870300293,25.3700008392334,71.26000213623047,26.799999237060547
2024-03-26,31.3700008392334,13.460000038146973,19.780000686645508,18.55906867980957,18.31800079345703,8.3100004196167,25.170000076293945,70.0,26.299999237060547
2024-03-27,31.469999313354492,13.329999923706055,19.540000915527344,18.540998458862305,18.224000930786133,8.263999938964844,25.030000686645508,69.88999938964844,26.549999237060547
2024-03-28,31.90999984741211,13.489999771118164,20.18000030517578,18.721708297729492,18.70400047302246,8.354999542236328,25.209999084472656,70.93000030517578,27.049999237060547
2024-04-01,32.189998626708984,13.550000190734863,20.110000610351562,18.82110023498535,18.479999542236328,8.288000106811523,25.059999465942383,70.80000305175781,26.899999618530273
2024-04-02,32.689998626708984,13.460000038146973,19.780000686645508,19.164451599121094,18.38800048828125,8.498000144958496,24.950000762939453,72.18000030517578,26.450000762939453
2024-04-03,32.849998474121094,13.260000228881836,19.889999389648438,19.309022903442383,18.780000686645508,8.630999565124512,25.190000534057617,72.20999908447266,26.850000381469727
2024-04-04,33.36000061035156,13.359999656677246,20.0,19.426485061645508,18.770000457763672,8.555999755859375,25.110000610351562,72.83999633789062,26.899999618530273
2024-04-05,33.43000030517578,13.149999618530273,19.90999984741211,19.435518264770508,18.45599937438965,8.543000221252441,25.15999984741211,72.63999938964844,27.299999237060547
2024-04-08,33.279998779296875,12.960000038146973,19.959999084472656,19.381305694580078,19.312000274658203,8.881999969482422,25.1200008392334,71.87999725341797,27.299999237060547
2024-04-09,32.90999984741211,12.90999984741211,19.760000228881836,19.245771408081055,20.058000564575195,8.994000434875488,25.0,72.23999786376953,26.950000762939453
2024-04-10,33.310001373291016,12.819999694824219,19.829999923706055,19.426485061645508,19.309999465942383,8.880000114440918,24.81999969482422,72.81999969482422,26.950000762939453
2024-04-11,33.16999816894531,12.59000015258789,19.68000030517578,19.33612823486328,19.29199981689453,9.019000053405762,24.760000228881836,72.81999969482422,26.549999237060547
2024-04-12,33.220001220703125,12.300000190734863,19.920000076293945,19.444555282592773,19.290000915527344,8.98900032043457,24.90999984741211,73.04000091552734,26.75
2024-04-15,33.22999954223633,12.140000343322754,19.81999969482422,19.399375915527344,18.983999252319336,8.937000274658203,24.770000457763672,72.95999908447266,26.549999237060547
2024-04-16,33.11000061035156,11.960000038146973,19.729999542236328,19.426485061645508,18.658000946044922,8.829000473022461,24.520000457763672,73.76000213623047,26.5
2024-04-17,32.15999984741211,11.84000015258789,19.670000076293945,18.911455154418945,18.93000030517578,8.675000190734863,24.559999465942383,71.44999694824219,26.049999237060547
2024-04-18,32.040000915527344,12.0,19.479999542236328,18.78495979309082,18.884000778198242,8.657999992370605,24.329999923706055,70.9000015258789,26.0
2024-04-19,32.06999969482422,12.020000457763672,19.700000762939453,18.78495979309082,18.850000381469727,8.58899974822998,24.6200008392334,71.04000091552734,26.700000762939453
2024-04-22,32.0,12.069999694824219,20.059999465942383,18.803030014038086,18.606000900268555,8.479999542236328,24.899999618530273,70.5999984741211,27.649999618530273
2024-04-23,32.43000030517578,12.029999732971191,20.15999984741211,18.983741760253906,18.736000061035156,8.368000030517578,24.940000534057617,71.44999694824219,28.299999237060547
2024-04-24,32.36000061035156,12.050000190734863,20.010000228881836,18.956634521484375,18.42799949645996,8.32699966430664,24.90999984741211,71.72000122070312,28.75
2024-04-25,32.68000030517578,11.789999961853027,20.15999984741211,19.056026458740234,18.058000564575195,8.420000076293945,24.969999313354492,72.54000091552734,29.100000381469727
2024-04-26,32.72999954223633,11.760000228881836,20.040000915527344,19.065061569213867,17.601999282836914,8.428000450134277,24.959999084472656,72.55999755859375,29.25
2024-04-29,32.43000030517578,12.09000015258789,20.0,18.956634521484375,17.993999481201172,8.720999717712402,25.030000686645508,72.5,28.600000381469727
2024-04-30,31.969999313354492,11.920000076293945,19.950000762939453,18.721708297729492,17.559999465942383,8.609999656677246,24.649999618530273,70.98999786376953,28.450000762939453
2024-05-01,31.020000457763672,11.819999694824219,20.020000457763672,18.24282455444336,17.45400047302246,8.718000411987305,24.790000915527344,68.36000061035156,28.350000381469727
2024-05-02,31.100000381469727,11.880000114440918,20.440000534057617,18.288000106811523,17.22800064086914,8.751999855041504,25.299999237060547,68.7300033569336,28.5
2024-05-03,30.829999923706055,11.899999618530273,20.530000686645508,18.22475242614746,17.43000030517578,8.76099967956543,25.549999237060547,67.69999694824219,29.350000381469727
2024-05-06,31.020000457763672,11.970000267028809,20.84000015258789,18.360286712646484,17.979999542236328,8.774999618530273,26.010000228881836,68.48999786376953,30.299999237060547
2024-05-07,30.940000534057617,12.130000114440918,20.809999465942383,18.32414436340332,17.8700008392334,9.0,26.110000610351562,67.5199966430664,30.299999237060547
2024-05-08,31.149999618530273,12.069999694824219,20.450000762939453,18.32414436340332,17.63599967956543,8.96500015258789,25.780000686645508,67.33000183105469,29.850000381469727
2024-05-09,31.31999969482422,11.979999542236328,20.43000030517578,18.37835693359375,17.860000610351562,9.048999786376953,25.530000686645508,67.62000274658203,29.950000762939453
2024-05-10,30.829999923706055,11.869999885559082,20.829999923706055,18.179576873779297,18.121999740600586,9.159000396728516,25.68000030517578,66.37999725341797,30.850000381469727
2024-05-13,31.079999923706055,11.520000457763672,20.899999618530273,18.315109252929688,17.785999298095703,9.196999549865723,25.809999465942383,66.73999786376953,31.700000762939453
2024-05-14,30.690000534057617,11.649999618530273,20.8700008392334,18.1615047454834,17.992000579833984,9.527000427246094,25.649999618530273,65.44000244140625,31.299999237060547
2024-05-15,30.8799991607666,11.539999961853027,20.700000762939453,18.260894775390625,18.59000015258789,9.786999702453613,25.530000686645508,66.43000030517578,30.950000762939453
2024-05-16,31.020000457763672,11.34000015258789,20.5,18.39642906188965,18.256000518798828,9.76099967956543,25.450000762939453,67.43000030517578,30.850000381469727
2024-05-17,31.25,11.229999542236328,20.309999465942383,18.577138900756836,18.601999282836914,9.979999542236328,25.520000457763672,68.36000061035156,30.450000762939453
2024-05-20,31.200000762939453,11.529999732971191,20.56999969482422,18.577138900756836,19.09600067138672,9.668999671936035,25.770000457763672,67.54000091552734,31.899999618530273
2024-05-21,30.889999389648438,11.470000267028809,20.479999542236328,18.45064353942871,18.959999084472656,9.694000244140625,25.719999313354492,66.83999633789062,32.150001525878906
2024-05-22,30.440000534057617,11.279999732971191,20.559999465942383,18.19764518737793,18.351999282836914,9.539999961853027,25.920000076293945,65.68000030517578,31.899999618530273
2024-05-23,30.309999465942383,11.3100004196167,20.6299991607666,18.107290267944336,17.81999969482422,9.354000091552734,25.739999771118164,65.80999755859375,32.04999923706055
2024-05-24,30.610000610351562,11.40999984741211,20.719999313354492,18.22475242614746,17.790000915527344,9.456000328063965,25.860000610351562,66.22000122070312,32.099998474121094
2024-05-28,31.5,11.5600004196167,20.59000015258789,18.6403865814209,18.040000915527344,9.727999687194824,25.68000030517578,67.16000366210938,32.150001525878906
2024-05-29,31.100000381469727,11.350000381469727,20.40999984741211,18.441606521606445,17.634000778198242,9.541999816894531,25.43000030517578,65.66999816894531,32.0
2024-05-30,30.649999618530273,11.260000228881836,20.079999923706055,18.206680297851562,17.5,9.413000106811523,25.290000915527344,64.16000366210938,31.549999237060547
2024-05-31,30.420000076293945,11.34000015258789,19.899999618530273,18.152467727661133,16.827999114990234,9.529999732971191,25.270000457763672,64.69999694824219,31.600000381469727
2024-06-03,29.260000228881836,11.579999923706055,19.75,17.6826171875,16.989999771118164,9.350000381469727,24.84000015258789,62.47999954223633,31.350000381469727
2024-06-04,29.010000228881836,11.609999656677246,19.709999084472656,17.492870330810547,16.81800079345703,9.109000205993652,24.6200008392334,62.84000015258789,30.75
2024-06-05,29.360000610351562,11.699999809265137,19.559999465942383,17.619369506835938,17.18600082397461,9.16100025177002,24.5,63.130001068115234,30.350000381469727
2024-06-06,29.899999618530273,11.680000305175781,20.079999923706055,17.899471282958984,17.15999984741211,9.25,24.920000076293945,64.25,30.0
2024-06-07,29.719999313354492,11.520000457763672,19.940000534057617,17.89043617248535,16.719999313354492,8.880000114440918,24.670000076293945,63.75,29.5
2024-06-10,30.6299991607666,11.390000343322754,19.979999542236328,18.269929885864258,16.6299991607666,8.920999526977539,24.700000762939453,64.62000274658203,28.899999618530273
2024-06-11,30.649999618530273,11.470000267028809,19.889999389648438,18.35124969482422,16.332000732421875,8.779000282287598,24.530000686645508,64.68000030517578,29.399999618530273
2024-06-12,30.8799991607666,11.5600004196167,19.950000762939453,18.387392044067383,16.5939998626709,8.821000099182129,24.520000457763672,64.11000061035156,28.899999618530273
2024-06-13,30.81999969482422,11.800000190734863,20.229999542236328,18.414499282836914,16.305999755859375,8.736000061035156,24.6299991607666,64.61000061035156,28.950000762939453
2024-06-14,30.950000762939453,11.75,19.940000534057617,18.37835693359375,16.417999267578125,8.803999900817871,24.459999084472656,64.36000061035156,28.450000762939453
2024-06-17,31.600000381469727,11.5600004196167,19.75,18.577138900756836,16.416000366210938,8.925999641418457,24.110000610351562,65.5199966430664,27.75
2024-06-18,31.940000534057617,11.569999694824219,19.84000015258789,18.79399299621582,16.356000900268555,8.954999923706055,24.149999618530273,66.41000366210938,27.399999618530273
2024-06-20,32.11000061035156,11.569999694824219,19.549999237060547,18.848207473754883,16.969999313354492,9.027000427246094,23.959999084472656,66.97000122070312,26.899999618530273
2024-06-21,31.860000610351562,11.619999885559082,19.34000015258789,18.757850646972656,17.5,9.107999801635742,23.969999313354492,67.26000213623047,26.600000381469727
2024-06-24,32.2400016784668,11.890000343322754,19.329999923706055,18.938562393188477,17.945999145507812,9.140999794006348,24.079999923706055,67.3499984741211,26.399999618530273
2024-06-25,31.8700008392334,11.800000190734863,18.979999542236328,18.82110023498535,17.3439998626709,9.036999702453613,23.700000762939453,67.30000305175781,25.850000381469727
2024-06-26,31.8700008392334,11.789999961853027,18.770000457763672,18.86627769470215,17.148000717163086,9.300000190734863,23.649999618530273,67.9000015258789,25.899999618530273
2024-06-27,32.290000915527344,12.119999885559082,18.719999313354492,18.956634521484375,17.238000869750977,9.072999954223633,23.6200008392334,68.11000061035156,26.75
2024-06-28,32.150001525878906,12.199999809265137,18.309999465942383,18.857242584228516,17.81800079345703,9.147000312805176,23.649999618530273,67.5999984741211,26.549999237060547
2024-07-01,32.86000061035156,12.210000038146973,18.360000610351562,19.209630966186523,17.913999557495117,8.982999801635742,23.899999618530273,69.55000305175781,27.100000381469727
2024-07-02,32.7400016784668,12.3100004196167,18.329999923706055,19.218666076660156,18.65399932861328,9.15999984741211,23.899999618530273,69.41000366210938,26.799999237060547
2024-07-03,32.810001373291016,12.289999961853027,18.280000686645508,19.254806518554688,18.95199966430664,9.166000366210938,24.149999618530273,69.33999633789062,26.700000762939453
2024-07-05,32.810001373291016,12.220000267028809,18.43000030517578,19.22770118713379,18.889999389648438,9.42199993133545,24.299999237060547,69.41999816894531,27.200000762939453
2024-07-08,32.459999084472656,12.220000267028809,17.84000015258789,19.056026458740234,18.549999237060547,9.197999954223633,23.65999984741211,68.45999908447266,26.450000762939453
2024-07-09,32.119998931884766,12.010000228881836,17.899999618530273,18.86627769470215,18.00200080871582,9.04800033569336,23.270000457763672,68.20999908447266,26.5
2024-07-10,32.34000015258789,12.069999694824219,17.81999969482422,18.884349822998047,18.20400047302246,9.152999877929688,23.0,67.81999969482422,25.950000762939453
2024-07-11,32.5099983215332,11.890000343322754,18.0,18.92049217224121,18.312000274658203,9.23900032043457,23.1200008392334,68.30999755859375,26.5
2024-07-12,32.22999954223633,11.760000228881836,18.190000534057617,18.83917236328125,17.83799934387207,9.178999900817871,22.989999771118164,67.88999938964844,25.799999237060547
2024-07-15,32.16999816894531,12.0,17.770000457763672,18.766887664794922,17.450000762939453,9.145999908447266,22.479999542236328,67.41000366210938,25.0
2024-07-16,31.770000457763672,12.0,17.93000030517578,18.577138900756836,17.694000244140625,9.190999984741211,22.670000076293945,66.97000122070312,24.950000762939453
2024-07-17,32.2400016784668,11.850000381469727,18.059999465942383,18.721708297729492,17.576000213623047,9.140999794006348,22.59000015258789,67.6500015258789,25.399999618530273
2024-07-18,32.09000015258789,11.670000076293945,17.780000686645508,18.676530838012695,17.034000396728516,8.895999908447266,22.549999237060547,67.56999969482422,25.049999237060547
2024-07-19,31.40999984741211,11.470000267028809,17.84000015258789,18.32414436340332,16.79400062561035,8.861000061035156,22.399999618530273,66.30999755859375,25.450000762939453
2024-07-22,31.270000457763672,11.3100004196167,18.239999771118164,18.35124969482422,16.757999420166016,8.734999656677246,23.110000610351562,66.45999908447266,25.600000381469727
2024-07-23,30.93000030517578,11.25,18.270000457763672,18.134395599365234,17.062000274658203,8.704000473022461,23.219999313354492,65.43000030517578,25.299999237060547
2024-07-24,31.010000228881836,11.069999694824219,18.309999465942383,18.215715408325195,17.170000076293945,8.720999717712402,22.93000030517578,66.04000091552734,25.450000762939453
2024-07-25,31.270000457763672,11.369999885559082,18.420000076293945,18.32414436340332,16.652000427246094,8.592000007629395,23.299999237060547,66.54000091552734,25.149999618530273
2024-07-26,30.739999771118164,11.319999694824219,18.020000457763672,18.080183029174805,16.58799934387207,8.60099983215332,22.6200008392334,66.0999984741211,24.600000381469727
2024-07-29,30.40999984741211,11.5600004196167,18.06999969482422,17.89043617248535,16.600000381469727,8.729999542236328,22.549999237060547,65.12999725341797,24.799999237060547
2024-07-30,30.15999984741211,11.65999984741211,17.799999237060547,17.800081253051758,16.399999618530273,8.79800033569336,22.170000076293945,64.56999969482422,24.549999237060547
2024-07-31,31.299999237060547,11.65999984741211,17.65999984741211,18.387392044067383,16.92799949645996,8.95199966430664,22.309999465942383,67.4000015258789,24.700000762939453
2024-08-01,30.829999923706055,11.390000343322754,17.649999618530273,18.1434326171875,16.6299991607666,8.83899974822998,22.1200008392334,66.19000244140625,24.899999618530273
2024-08-02,29.729999542236328,11.1899995803833,17.84000015258789,17.519977569580078,16.40999984741211,8.767999649047852,22.450000762939453,63.810001373291016,25.100000381469727
2024-08-05,29.690000534057617,11.109999656677246,17.93000030517578,17.58322525024414,15.557999610900879,8.368000030517578,22.700000762939453,64.66000366210938,25.25
2024-08-06,29.3700008392334,11.010000228881836,17.81999969482422,17.375408172607422,16.06800079345703,8.402999877929688,22.329999923706055,63.68000030517578,25.350000381469727
2024-08-07,30.18000030517578,11.09000015258789,17.75,17.76393699645996,16.288000106811523,8.402999877929688,22.260000228881836,64.97000122070312,25.25
2024-08-08,30.450000762939453,11.319999694824219,17.56999969482422,17.917543411254883,16.916000366210938,8.562000274658203,22.010000228881836,65.79000091552734,25.049999237060547
2024-08-09,30.709999084472656,11.399999618530273,17.5,18.01693344116211,16.601999282836914,8.46500015258789,21.920000076293945,65.83000183105469,25.350000381469727
2024-08-12,31.549999237060547,11.3100004196167,17.709999084472656,18.39642906188965,16.875999450683594,8.64900016784668,21.670000076293945,66.98999786376953,25.0
2024-08-13,31.1299991607666,11.3100004196167,17.559999465942383,18.22475242614746,17.18000030517578,8.616000175476074,21.149999618530273,65.27999877929688,24.799999237060547
2024-08-14,30.770000457763672,11.119999885559082,17.68000030517578,18.053075790405273,17.07200050354004,8.491000175476074,21.25,63.959999084472656,25.0
2024-08-15,31.170000076293945,11.029999732971191,17.549999237060547,18.19764518737793,17.27400016784668,8.755999565124512,21.25,64.73999786376953,24.600000381469727
2024-08-16,30.75,11.1899995803833,17.34000015258789,17.917543411254883,17.38599967956543,8.767999649047852,21.06999969482422,63.65999984741211,24.799999237060547
2024-08-19,30.010000228881836,11.180000305175781,17.700000762939453,17.60129737854004,17.152000427246094,8.800999641418457,21.469999313354492,62.31999969482422,24.799999237060547
2024-08-20,29.790000915527344,10.949999809265137,17.6299991607666,17.492870330810547,17.0,8.722000122070312,21.489999771118164,61.790000915527344,25.0
2024-08-21,29.3700008392334,10.979999542236328,17.59000015258789,17.285053253173828,17.41200065612793,8.875,21.600000381469727,60.93000030517578,24.549999237060547
2024-08-22,29.709999084472656,11.039999961853027,17.360000610351562,17.402515411376953,17.00200080871582,8.680000305175781,21.110000610351562,61.72999954223633,24.149999618530273
2024-08-23,30.3799991607666,11.300000190734863,17.31999969482422,17.745866775512695,17.558000564575195,8.833999633789062,21.350000381469727,63.11000061035156,23.950000762939453
2024-08-26,31.149999618530273,11.630000114440918,17.149999618530273,18.035003662109375,17.700000762939453,8.824999809265137,21.530000686645508,63.40999984741211,23.649999618530273
2024-08-27,30.639999389648438,11.989999771118164,17.360000610351562,17.772974014282227,17.84000015258789,8.817999839782715,21.649999618530273,62.380001068115234,24.100000381469727
2024-08-28,30.229999542236328,11.930000305175781,17.25,17.52901268005371,17.31800079345703,8.585000038146973,21.450000762939453,61.47999954223633,24.399999618530273
2024-08-29,30.709999084472656,11.970000267028809,17.469999313354492,17.800081253051758,17.8799991607666,8.621000289916992,21.739999771118164,62.75,24.649999618530273
2024-08-30,29.950000762939453,11.819999694824219,17.700000762939453,17.47480010986328,17.719999313354492,8.50100040435791,21.860000610351562,62.2599983215332,24.850000381469727
2024-09-03,28.719999313354492,11.819999694824219,17.959999084472656,16.887487411499023,17.357999801635742,8.307999610900879,22.170000076293945,58.9900016784668,25.399999618530273
2024-09-04,28.200000762939453,11.75,18.15999984741211,16.625455856323242,17.194000244140625,8.32699966430664,22.329999923706055,58.11000061035156,26.049999237060547
2024-09-05,28.309999465942383,11.770000457763672,18.040000915527344,16.706775665283203,17.260000228881836,8.5,22.450000762939453,57.38999938964844,25.75
2024-09-06,27.860000610351562,11.600000381469727,17.889999389648438,16.462814331054688,16.780000686645508,8.458000183105469,22.030000686645508,56.68000030517578,25.399999618530273
2024-09-09,27.93000030517578,11.479999542236328,17.93000030517578,16.462814331054688,17.40399932861328,8.645000457763672,22.290000915527344,57.220001220703125,25.5
2024-09-10,27.1200008392334,11.319999694824219,17.850000381469727,16.065250396728516,17.804000854492188,8.630000114440918,21.889999389648438,56.15999984741211,25.700000762939453
2024-09-11,27.459999084472656,11.5,17.899999618530273,16.227890014648438,18.65999984741211,8.758999824523926,21.940000534057617,56.470001220703125,25.850000381469727
2024-09-12,28.15999984741211,11.670000076293945,17.950000762939453,16.571243286132812,19.27400016784668,8.984000205993652,22.200000762939453,57.7599983215332,25.899999618530273
2024-09-13,28.1200008392334,11.649999618530273,18.15999984741211,16.507993698120117,19.63599967956543,9.156000137329102,22.1200008392334,57.79999923706055,26.5
2024-09-16,28.450000762939453,11.829999923706055,18.09000015258789,16.715810775756836,19.743999481201172,9.041999816894531,22.040000915527344,58.88999938964844,25.899999618530273
2024-09-17,28.790000915527344,12.210000038146973,18.15999984741211,16.90555763244629,20.492000579833984,9.0,22.1299991607666,59.650001525878906,25.899999618530273
2024-09-18,28.399999618530273,12.699999809265137,18.110000610351562,16.7248477935791,19.347999572753906,8.871999740600586,22.239999771118164,59.33000183105469,25.850000381469727
2024-09-19,29.1299991607666,13.0,17.920000076293945,17.104341506958008,19.913999557495117,9.048999786376953,22.200000762939453,61.20000076293945,25.5
2024-09-20,29.1299991607666,13.180000305175781,17.739999771118164,17.158554077148438,19.54199981689453,8.958000183105469,22.170000076293945,60.95000076293945,25.549999237060547
2024-09-23,28.920000076293945,13.149999618530273,18.170000076293945,17.059162139892578,19.04800033569336,8.79800033569336,22.719999313354492,59.65999984741211,26.049999237060547
2024-09-24,29.350000381469727,13.430000305175781,18.170000076293945,17.248910903930664,19.559999465942383,9.081000328063965,22.81999969482422,60.47999954223633,25.950000762939453
2024-09-25,28.790000915527344,13.569999694824219,18.229999542236328,17.013986587524414,19.0939998626709,9.069999694824219,23.030000686645508,59.7400016784668,26.399999618530273
2024-09-26,27.8700008392334,13.489999771118164,18.149999618530273,16.571243286132812,19.260000228881836,9.27400016784668,22.770000457763672,58.09000015258789,26.200000762939453
2024-09-27,28.360000610351562,13.260000228881836,18.270000457763672,16.797130584716797,18.59000015258789,9.184000015258789,23.200000762939453,58.34000015258789,26.049999237060547
2024-09-30,28.309999465942383,13.220000267028809,18.489999771118164,16.797130584716797,18.332000732421875,8.979999542236328,23.049999237060547,58.43000030517578,26.200000762939453
2024-10-01,29.190000534057617,13.3100004196167,18.670000076293945,17.176626205444336,18.43199920654297,9.109999656677246,23.040000915527344,59.86000061035156,26.75
2024-10-02,29.479999542236328,13.140000343322754,18.780000686645508,17.330230712890625,18.77199935913086,9.23900032043457,23.020000457763672,60.619998931884766,27.450000762939453
2024-10-03,30.670000076293945,13.390000343322754,18.639999389648438,17.953685760498047,18.437999725341797,9.111000061035156,22.8799991607666,63.5,27.100000381469727
2024-10-04,30.829999923706055,13.239999771118164,18.469999313354492,18.025970458984375,18.600000381469727,9.095999717712402,22.68000030517578,63.25,26.600000381469727
2024-10-07,32.0099983215332,13.029999732971191,18.549999237060547,18.604246139526367,18.9060001373291,8.940999984741211,22.639999389648438,65.30999755859375,26.850000381469727
2024-10-08,30.59000015258789,13.0600004196167,18.3799991607666,17.953685760498047,18.81399917602539,8.793000221252441,22.290000915527344,62.880001068115234,26.799999237060547
2024-10-09,30.299999237060547,12.819999694824219,18.3700008392334,17.76393699645996,19.125999450683594,8.732000350952148,22.329999923706055,62.79999923706055,27.0
2024-10-10,31.34000015258789,12.869999885559082,18.299999237060547,18.306072235107422,19.73200035095215,8.906999588012695,22.229999542236328,65.23999786376953,27.149999618530273
2024-10-11,31.190000534057617,12.819999694824219,18.229999542236328,18.260894775390625,19.687999725341797,9.024999618530273,22.040000915527344,65.04000091552734,26.899999618530273
2024-10-14,30.6299991607666,12.880000114440918,17.829999923706055,17.90850830078125,19.04199981689453,9.135000228881836,21.81999969482422,64.01000213623047,26.350000381469727
2024-10-15,29.450000762939453,13.039999961853027,17.56999969482422,17.285053253173828,18.56999969482422,9.04699993133545,21.6200008392334,61.81999969482422,26.0
2024-10-16,29.3700008392334,12.720000267028809,17.700000762939453,17.203733444213867,18.847999572753906,9.128000259399414,21.469999313354492,61.900001525878906,26.100000381469727
2024-10-17,29.450000762939453,12.779999732971191,17.690000534057617,17.248910903930664,19.13599967956543,9.116000175476074,21.489999771118164,61.939998626708984,26.299999237060547
2024-10-18,28.959999084472656,12.779999732971191,17.579999923706055,16.968807220458984,19.892000198364258,9.29800033569336,21.239999771118164,60.77000045776367,25.700000762939453
2024-10-21,29.290000915527344,12.680000305175781,17.700000762939453,17.14048194885254,19.469999313354492,9.22700023651123,21.34000015258789,61.09000015258789,25.700000762939453
2024-10-22,29.950000762939453,12.65999984741211,17.940000534057617,17.556119918823242,19.881999969482422,9.451000213623047,21.6299991607666,62.689998626708984,25.799999237060547
2024-10-23,29.75,12.899999618530273,18.059999465942383,17.438655853271484,19.506000518798828,9.352999687194824,21.68000030517578,61.95000076293945,25.899999618530273
2024-10-24,29.579999923706055,12.819999694824219,18.149999618530273,17.384445190429688,21.266000747680664,9.425000190734863,21.700000762939453,61.7599983215332,26.049999237060547
2024-10-25,30.030000686645508,12.779999732971191,17.959999084472656,17.60129737854004,21.809999465942383,9.35099983215332,21.549999237060547,62.81999969482422,25.549999237060547
2024-10-28,28.459999084472656,12.760000228881836,17.809999465942383,16.742919921875,22.34000015258789,9.479000091552734,21.329999923706055,59.84000015258789,25.200000762939453
2024-10-29,28.15999984741211,12.800000190734863,17.899999618530273,16.64352798461914,22.200000762939453,9.597999572753906,21.18000030517578,59.290000915527344,25.649999618530273
2024-10-30,28.829999923706055,12.880000114440918,17.850000381469727,16.995914459228516,21.115999221801758,9.274999618530273,21.40999984741211,60.7400016784668,25.75
2024-10-31,29.489999771118164,13.130000114440918,17.889999389648438,17.312158584594727,20.579999923706055,9.095999717712402,21.549999237060547,61.869998931884766,25.700000762939453
2024-11-01,29.059999465942383,12.819999694824219,17.950000762939453,17.059162139892578,20.288000106811523,9.060999870300293,21.5,60.79999923706055,25.549999237060547
2024-11-04,29.979999542236328,12.75,17.93000030517578,17.556119918823242,19.79400062561035,9.005999565124512,21.549999237060547,62.47999954223633,25.600000381469727
2024-11-05,30.079999923706055,12.729999542236328,18.030000686645508,17.6645450592041,19.738000869750977,9.14799976348877,21.6200008392334,63.220001220703125,25.75
2024-11-06,29.950000762939453,12.84000015258789,18.260000228881836,17.592260360717773,19.062000274658203,9.074000358581543,21.610000610351562,63.13999938964844,25.700000762939453
2024-11-07,30.020000457763672,12.989999771118164,18.3799991607666,17.62840461730957,18.823999404907227,9.126999855041504,22.030000686645508,63.290000915527344,25.549999237060547
2024-11-08,29.450000762939453,12.829999923706055,18.479999542236328,17.330230712890625,18.20400047302246,8.875,22.1200008392334,62.25,25.549999237060547
2024-11-11,28.670000076293945,12.510000228881836,18.350000381469727,17.041091918945312,18.06999969482422,8.822999954223633,21.940000534057617,60.61000061035156,25.200000762939453
2024-11-12,28.59000015258789,12.569999694824219,18.25,16.98687744140625,17.368000030517578,8.678000450134277,21.729999542236328,60.630001068115234,24.700000762939453
2024-11-13,28.65999984741211,12.390000343322754,18.1299991607666,17.041091918945312,17.13599967956543,8.571000099182129,21.549999237060547,60.43000030517578,24.299999237060547
2024-11-14,28.860000610351562,12.609999656677246,17.920000076293945,17.050127029418945,17.34600067138672,8.604000091552734,21.290000915527344,61.11000061035156,24.0
2024-11-15,28.309999465942383,12.630000114440918,18.06999969482422,16.83327293395996,17.493999481201172,8.607999801635742,21.3700008392334,60.279998779296875,24.200000762939453
2024-11-18,29.219999313354492,12.960000038146973,18.209999084472656,17.330230712890625,18.507999420166016,8.86400032043457,21.600000381469727,62.189998626708984,24.649999618530273
2024-11-19,29.260000228881836,12.899999618530273,18.15999984741211,17.393478393554688,19.016000747680664,8.916000366210938,21.40999984741211,62.529998779296875,24.75
2024-11-20,29.1200008392334,12.739999771118164,18.290000915527344,17.438655853271484,18.676000595092773,8.784000396728516,21.239999771118164,62.59000015258789,24.950000762939453
2024-11-21,29.56999969482422,12.619999885559082,18.079999923706055,17.64647674560547,18.8799991607666,8.833000183105469,21.020000457763672,62.84000015258789,24.850000381469727
2024-11-22,29.81999969482422,12.609999656677246,18.06999969482422,17.673582077026367,18.3799991607666,8.824000358581543,21.09000015258789,63.11000061035156,24.649999618530273
2024-11-25,29.06999969482422,12.600000381469727,17.920000076293945,17.330230712890625,17.81999969482422,8.60099983215332,21.209999084472656,61.400001525878906,24.299999237060547
2024-11-26,28.899999618530273,12.829999923706055,17.770000457763672,17.285053253173828,17.899999618530273,8.494999885559082,21.209999084472656,61.09000015258789,24.350000381469727
2024-11-27,28.959999084472656,12.8100004196167,17.739999771118164,17.131446838378906,17.854000091552734,8.513999938964844,21.239999771118164,60.619998931884766,23.950000762939453
2024-11-29,29.0,12.510000228881836,17.8700008392334,17.158554077148438,18.04800033569336,8.706000328063965,21.200000762939453,60.290000915527344,23.950000762939453
2024-12-02,28.770000457763672,12.5,17.920000076293945,17.013986587524414,18.01799964904785,8.67199993133545,21.020000457763672,60.18000030517578,23.850000381469727
2024-12-03,29.5,12.550000190734863,17.8799991607666,17.29408836364746,17.841999053955078,8.723999977111816,21.1299991607666,61.7400016784668,23.899999618530273
2024-12-04,29.059999465942383,12.5,17.760000228881836,17.122413635253906,17.99799919128418,8.621000289916992,20.989999771118164,61.0,23.799999237060547
2024-12-05,28.940000534057617,12.510000228881836,18.0,17.050127029418945,17.68600082397461,8.583999633789062,21.139999389648438,60.900001525878906,24.25
2024-12-06,28.469999313354492,12.699999809265137,18.18000030517578,16.797130584716797,17.552000045776367,8.503999710083008,21.200000762939453,59.880001068115234,24.200000762939453
2024-12-09,28.829999923706055,12.5600004196167,18.239999771118164,17.032058715820312,17.79400062561035,8.590999603271484,21.100000381469727,61.130001068115234,24.350000381469727
2024-12-10,28.850000381469727,12.380000114440918,18.5,17.041091918945312,17.697999954223633,8.619999885559082,21.219999313354492,61.25,24.5
2024-12-11,29.5,12.470000267028809,18.479999542236328,17.375408172607422,17.908000946044922,8.590999603271484,21.299999237060547,62.54999923706055,24.549999237060547
2024-12-12,29.479999542236328,12.34000015258789,18.3799991607666,17.393478393554688,17.81800079345703,8.53499984741211,21.270000457763672,62.7599983215332,24.299999237060547
2024-12-13,29.829999923706055,12.170000076293945,18.260000228881836,17.510940551757812,17.465999603271484,8.430000305175781,21.09000015258789,62.86000061035156,24.100000381469727
2024-12-16,29.610000610351562,12.109999656677246,18.360000610351562,17.402515411376953,17.333999633789062,8.569000244140625,20.959999084472656,62.119998931884766,24.0
2024-12-17,29.399999618530273,11.770000457763672,18.280000686645508,17.29408836364746,17.20199966430664,8.590999603271484,20.739999771118164,61.220001220703125,23.75
2024-12-18,29.200000762939453,11.579999923706055,18.030000686645508,17.203733444213867,16.583999633789062,8.427000045776367,20.219999313354492,60.779998779296875,23.700000762939453
2024-12-19,29.09000015258789,11.529999732971191,18.09000015258789,17.2127685546875,16.68600082397461,8.463000297546387,20.459999084472656,60.189998626708984,23.350000381469727
2024-12-20,29.280000686645508,11.479999542236328,18.260000228881836,17.32119369506836,16.841999053955078,8.491999626159668,20.739999771118164,61.040000915527344,23.299999237060547
2024-12-23,29.270000457763672,11.510000228881836,18.3700008392334,17.303871154785156,17.04199981689453,8.583000183105469,20.719999313354492,61.22999954223633,23.649999618530273
2024-12-24,29.469999313354492,11.539999961853027,18.360000610351562,17.438608169555664,17.329999923706055,8.631999969482422,20.760000228881836,61.81999969482422,23.5
2024-12-26,29.350000381469727,11.40999984741211,18.6299991607666,17.294246673583984,16.989999771118164,8.585000038146973,21.139999389648438,61.220001220703125,23.700000762939453
2024-12-27,29.6299991607666,11.4399995803833,18.56999969482422,17.467479705810547,16.763999938964844,8.42199993133545,21.010000228881836,61.400001525878906,23.950000762939453
2024-12-30,29.920000076293945,11.380000114440918,18.579999923706055,17.74657440185547,16.54599952697754,8.265999794006348,21.06999969482422,62.47999954223633,24.049999237060547
2024-12-31,29.950000762939453,11.430000305175781,18.770000457763672,17.852436065673828,16.70400047302246,8.305000305175781,21.479999542236328,62.9900016784668,24.100000381469727
2025-01-02,30.639999389648438,11.670000076293945,18.889999389648438,18.131532669067383,16.75,8.458999633789062,21.530000686645508,64.23999786376953,23.899999618530273
2025-01-03,30.93000030517578,11.649999618530273,18.520000457763672,18.102659225463867,16.941999435424805,8.569999694824219,21.06999969482422,64.4000015258789,23.350000381469727
2025-01-06,30.780000686645508,11.5,18.780000686645508,18.160404205322266,16.88599967956543,8.555000305175781,21.190000534057617,63.68000030517578,23.850000381469727
2025-01-07,31.149999618530273,11.579999923706055,18.780000686645508,18.266267776489258,17.020000457763672,8.71500015258789,21.200000762939453,63.61000061035156,23.950000762939453
2025-01-08,30.799999237060547,11.479999542236328,18.649999618530273,18.19890022277832,17.01799964904785,8.76200008392334,21.1299991607666,63.11000061035156,23.600000381469727
2025-01-10,32.220001220703125,11.569999694824219,19.229999542236328,18.930320739746094,17.357999801635742,8.777999877929688,21.760000228881836,65.05000305175781,23.549999237060547
2025-01-13,32.68000030517578,11.5,19.5,19.09392738342285,17.242000579833984,8.706999778747559,22.25,65.83999633789062,24.100000381469727
2025-01-14,32.41999816894531,11.1899995803833,19.43000030517578,19.055431365966797,17.229999542236328,8.609999656677246,22.110000610351562,66.27999877929688,24.149999618530273
2025-01-15,33.349998474121094,11.079999923706055,19.549999237060547,19.575124740600586,17.68000030517578,8.602999687194824,22.040000915527344,68.1500015258789,24.100000381469727
2025-01-16,32.88999938964844,11.09000015258789,19.280000686645508,19.411518096923828,17.23200035095215,8.553999900817871,21.579999923706055,66.52999877929688,23.75
2025-01-17,32.650001525878906,10.989999771118164,19.6200008392334,19.2382869720459,17.441999435424805,8.612000465393066,21.809999465942383,66.13999938964844,23.75
2025-01-21,32.18000030517578,10.859999656677246,19.860000610351562,19.016935348510742,17.507999420166016,8.649999618530273,22.420000076293945,65.58000183105469,24.649999618530273
2025-01-22,31.969999313354492,11.029999732971191,19.700000762939453,18.949569702148438,18.054000854492188,8.678999900817871,22.229999542236328,64.5,24.5
2025-01-23,31.579999923706055,11.170000076293945,19.90999984741211,18.83407974243164,18.209999084472656,8.682999610900879,22.399999618530273,64.55000305175781,24.5
2025-01-24,31.709999084472656,11.319999694824219,19.760000228881836,18.843704223632812,18.055999755859375,8.687999725341797,22.25,64.2699966430664,24.200000762939453
2025-01-27,31.149999618530273,11.380000114440918,19.6299991607666,18.429874420166016,17.5939998626709,8.675000190734863,22.110000610351562,63.54999923706055,23.850000381469727
2025-01-28,31.34000015258789,11.460000038146973,19.790000915527344,18.381755828857422,17.474000930786133,8.619000434875488,22.110000610351562,64.22000122070312,24.200000762939453
2025-01-29,31.049999237060547,11.520000457763672,20.18000030517578,18.362506866455078,17.6299991607666,8.704000473022461,22.450000762939453,63.86000061035156,24.899999618530273
2025-01-30,31.079999923706055,11.539999961853027,20.049999237060547,18.314388275146484,18.134000778198242,8.87600040435791,22.25,64.12999725341797,24.950000762939453
2025-01-31,31.18000030517578,11.479999542236328,19.790000915527344,18.37213134765625,18.486000061035156,8.979000091552734,22.15999984741211,63.9900016784668,24.75
2025-02-03,31.059999465942383,11.449999809265137,19.989999771118164,18.506866455078125,18.503999710083008,8.831000328063965,22.43000030517578,65.44000244140625,25.0
2025-02-04,31.1299991607666,11.630000114440918,20.149999618530273,18.44912338256836,18.229999542236328,8.850000381469727,22.739999771118164,64.80999755859375,25.450000762939453
2025-02-05,30.610000610351562,11.619999885559082,20.170000076293945,18.247018814086914,18.197999954223633,8.984000205993652,22.489999771118164,63.52000045776367,25.25
2025-02-06,30.440000534057617,11.550000190734863,20.280000686645508,18.208524703979492,17.959999084472656,9.072999954223633,22.549999237060547,64.19999694824219,25.850000381469727
2025-02-07,30.579999923706055,11.420000076293945,19.969999313354492,18.28551483154297,17.770000457763672,8.897000312805176,22.280000686645508,65.16000366210938,25.600000381469727
2025-02-10,31.170000076293945,11.550000190734863,20.170000076293945,18.612730026245117,18.013999938964844,9.053000450134277,22.270000457763672,65.22000122070312,25.5
2025-02-11,31.559999465942383,11.75,20.010000228881836,18.91107177734375,17.983999252319336,9.020999908447266,22.270000457763672,66.48999786376953,25.5
2025-02-12,30.780000686645508,11.75,20.200000762939453,18.564611434936523,17.854000091552734,9.085000038146973,21.940000534057617,64.44000244140625,25.350000381469727
2025-02-13,30.81999969482422,12.029999732971191,20.219999313354492,18.574234008789062,18.243999481201172,9.149999618530273,21.940000534057617,65.41000366210938,25.5
2025-02-14,30.639999389648438,12.239999771118164,20.31999969482422,18.603105545043945,17.895999908447266,8.961000442504883,22.1299991607666,64.68000030517578,26.5
2025-02-18,31.06999969482422,12.239999771118164,20.600000381469727,18.89182472229004,18.031999588012695,9.001999855041504,22.190000534057617,64.9000015258789,26.649999618530273
2025-02-19,31.219999313354492,12.390000343322754,20.469999313354492,19.180543899536133,17.823999404907227,8.9399995803833,22.020000457763672,64.94000244140625,26.200000762939453
2025-02-20,31.34000015258789,12.59000015258789,20.540000915527344,19.151670455932617,17.920000076293945,8.961999893188477,22.299999237060547,64.91000366210938,26.0
2025-02-21,30.43000030517578,12.680000305175781,20.239999771118164,18.757089614868164,17.738000869750977,8.869000434875488,22.229999542236328,63.40999984741211,26.149999618530273
2025-02-24,30.639999389648438,12.510000228881836,19.969999313354492,18.708969116210938,17.173999786376953,8.819999694824219,22.06999969482422,63.470001220703125,25.75
2025-02-25,29.940000534057617,12.739999771118164,19.940000534057617,18.429874420166016,17.016000747680664,8.843000411987305,22.049999237060547,62.09000015258789,25.5
2025-02-26,29.790000915527344,12.539999961853027,19.8700008392334,18.247018814086914,16.979999542236328,8.845000267028809,21.90999984741211,61.400001525878906,25.149999618530273
2025-02-27,30.260000228881836,12.149999618530273,19.43000030517578,18.46837043762207,16.82200050354004,8.678000450134277,21.81999969482422,62.70000076293945,24.5
2025-02-28,30.15999984741211,11.84000015258789,19.06999969482422,18.314388275146484,16.899999618530273,8.638999938964844,21.530000686645508,62.5099983215332,24.149999618530273
2025-03-03,29.450000762939453,11.720000267028809,18.68000030517578,18.227771759033203,17.145999908447266,8.718000411987305,21.270000457763672,61.38999938964844,23.799999237060547
2025-03-04,29.329999923706055,11.619999885559082,18.520000457763672,18.343257904052734,17.31800079345703,8.774999618530273,21.030000686645508,61.349998474121094,23.5
2025-03-05,28.649999618530273,11.699999809265137,18.649999618530273,18.0449161529541,17.308000564575195,8.847000122070312,21.200000762939453,59.810001373291016,23.950000762939453
2025-03-06,28.6200008392334,11.680000305175781,18.8799991607666,17.9198055267334,17.260000228881836,8.847000122070312,21.510000228881836,58.65999984741211,24.149999618530273
2025-03-07,29.020000457763672,11.760000228881836,19.06999969482422,18.093034744262695,17.392000198364258,8.8100004196167,21.520000457763672,58.970001220703125,24.049999237060547
2025-03-10,28.579999923706055,12.140000343322754,19.18000030517578,17.967924118041992,17.139999389648438,8.755000114440918,21.299999237060547,58.560001373291016,24.5
2025-03-11,28.809999465942383,11.989999771118164,19.059999465942383,18.01604461669922,17.280000686645508,8.993000030517578,21.270000457763672,59.13999938964844,24.25
2025-03-12,29.299999237060547,12.140000343322754,18.780000686645508,18.0449161529541,17.389999389648438,9.064000129699707,21.040000915527344,60.290000915527344,24.25
2025-03-13,28.84000015258789,12.350000381469727,18.889999389648438,17.736949920654297,17.573999404907227,9.100000381469727,21.219999313354492,59.650001525878906,24.5
2025-03-14,29.1200008392334,12.350000381469727,18.829999923706055,17.929428100585938,17.649999618530273,9.092000007629395,21.469999313354492,60.20000076293945,24.450000762939453
2025-03-17,29.34000015258789,12.699999809265137,18.959999084472656,18.01604461669922,17.73200035095215,9.178000450134277,21.43000030517578,61.13999938964844,24.850000381469727
2025-03-18,29.18000030517578,12.739999771118164,18.889999389648438,17.967924118041992,17.724000930786133,9.164999961853027,21.34000015258789,60.810001373291016,24.75
2025-03-19,29.280000686645508,12.489999771118164,18.8700008392334,18.150779724121094,17.56999969482422,9.126999855041504,21.219999313354492,60.849998474121094,24.700000762939453
2025-03-20,29.770000457763672,12.75,18.979999542236328,18.227771759033203,17.41200065612793,9.008999824523926,21.290000915527344,61.560001373291016,24.299999237060547
2025-03-21,29.780000686645508,12.609999656677246,18.8799991607666,18.18927574157715,17.52400016784668,8.993000030517578,21.15999984741211,61.560001373291016,24.450000762939453
2025-03-24,30.18000030517578,12.399999618530273,18.93000030517578,18.304763793945312,17.423999786376953,8.887999534606934,21.149999618530273,61.970001220703125,24.049999237060547
2025-03-25,30.170000076293945,12.550000190734863,18.770000457763672,18.324012756347656,17.549999237060547,8.946999549865723,21.18000030517578,62.099998474121094,23.899999618530273
2025-03-26,30.43000030517578,12.460000038146973,18.559999465942383,18.391380310058594,17.75,8.934000015258789,21.15999984741211,62.77000045776367,23.450000762939453
2025-03-27,30.459999084472656,12.3100004196167,18.510000228881836,18.45874786376953,17.916000366210938,9.020000457763672,21.3799991607666,63.040000915527344,23.350000381469727
2025-03-28,30.18000030517578,12.319999694824219,18.459999084472656,18.420249938964844,17.784000396728516,8.996000289916992,21.479999542236328,62.779998779296875,23.100000381469727
2025-03-31,31.110000610351562,12.210000038146973,18.559999465942383,18.862953186035156,18.110000610351562,9.13700008392334,21.34000015258789,64.25,23.399999618530273
2025-04-01,31.020000457763672,12.529999732971191,18.719999313354492,18.776336669921875,18.059999465942383,9.008000373840332,21.75,64.61000061035156,23.600000381469727
2025-04-02,31.270000457763672,12.680000305175781,18.700000762939453,18.949569702148438,17.804000854492188,8.878000259399414,21.700000762939453,65.44999694824219,23.5
2025-04-03,29.139999389648438,12.369999885559082,18.68000030517578,17.967924118041992,16.968000411987305,8.654000282287598,21.3700008392334,60.540000915527344,23.450000762939453
2025-04-04,27.600000381469727,12.239999771118164,18.739999771118164,17.07289695739746,16.81399917602539,8.390000343322754,20.729999542236328,58.189998626708984,23.100000381469727
2025-04-07,26.829999923706055,12.100000381469727,18.719999313354492,16.7264347076416,16.604000091552734,8.340999603271484,20.75,56.880001068115234,23.299999237060547
2025-04-08,25.790000915527344,11.84000015258789,18.739999771118164,16.168245315551758,16.5939998626709,8.388999938964844,20.59000015258789,55.290000915527344,23.350000381469727
2025-04-09,27.309999465942383,11.699999809265137,19.049999237060547,16.909290313720703,16.799999237060547,8.506999969482422,21.09000015258789,57.20000076293945,23.649999618530273
2025-04-10,26.530000686645508,11.680000305175781,19.18000030517578,16.495458602905273,16.756000518798828,8.526000022888184,21.329999923706055,55.38999938964844,23.450000762939453
2025-04-11,26.969999313354492,11.649999618530273,19.579999923706055,16.649442672729492,16.785999298095703,8.640000343322754,21.68000030517578,56.380001068115234,24.149999618530273
2025-04-14,27.110000610351562,11.59000015258789,19.420000076293945,16.70718765258789,17.43000030517578,8.710000038146973,21.670000076293945,56.900001525878906,23.899999618530273
2025-04-15,27.040000915527344,11.40999984741211,19.5,16.69756317138672,17.753999710083008,8.795999526977539,21.610000610351562,57.029998779296875,23.649999618530273
2025-04-16,27.559999465942383,11.59000015258789,19.579999923706055,16.89966583251953,17.729999542236328,8.859999656677246,21.709999084472656,57.58000183105469,23.75
2025-04-17,28.190000534057617,11.600000381469727,19.579999923706055,17.198009490966797,17.47599983215332,8.847999572753906,21.6200008392334,58.709999084472656,23.799999237060547
2025-04-21,27.809999465942383,11.579999923706055,19.510000228881836,16.95741081237793,17.13599967956543,8.835000038146973,21.600000381469727,58.31999969482422,23.450000762939453
2025-04-22,28.079999923706055,11.729999542236328,19.229999542236328,17.092145919799805,17.02400016784668,8.76099967956543,21.579999923706055,58.88999938964844,23.350000381469727
2025-04-23,27.59000015258789,11.6899995803833,19.09000015258789,16.928537368774414,17.152000427246094,8.843999862670898,21.700000762939453,58.45000076293945,23.149999618530273
2025-04-24,27.739999771118164,11.65999984741211,19.1299991607666,17.06327247619629,17.33799934387207,8.902000427246094,21.8799991607666,59.18000030517578,23.100000381469727
2025-04-25,27.899999618530273,11.850000381469727,19.170000076293945,17.188385009765625,17.163999557495117,8.897000312805176,21.850000381469727,59.65999984741211,23.200000762939453
2025-04-28,27.399999618530273,11.680000305175781,18.979999542236328,17.024778366088867,17.347999572753906,9.055999755859375,21.889999389648438,59.099998474121094,22.649999618530273
2025-04-29,26.760000228881836,11.529999732971191,18.649999618530273,16.755306243896484,17.15399932861328,8.956999778747559,21.690000534057617,57.869998931884766,22.399999618530273
2025-04-30,25.829999923706055,11.399999618530273,18.739999771118164,16.341476440429688,17.200000762939453,8.848999977111816,21.469999313354492,56.91999816894531,22.600000381469727
2025-05-01,26.209999084472656,11.279999732971191,18.780000686645508,16.53395652770996,17.238000869750977,8.82800006866455,21.6299991607666,57.79999923706055,22.649999618530273
2025-05-02,26.079999923706055,11.34000015258789,18.809999465942383,16.5435791015625,17.365999221801758,8.821000099182129,21.75,57.209999084472656,23.049999237060547
2025-05-05,25.489999771118164,11.399999618530273,18.3700008392334,16.322227478027344,17.238000869750977,8.79699993133545,21.6200008392334,57.130001068115234,22.600000381469727
2025-05-06,26.329999923706055,11.430000305175781,18.3700008392334,16.668689727783203,17.784000396728516,9.031000137329102,21.489999771118164,58.36000061035156,22.700000762939453
2025-05-07,25.889999389648438,11.199999809265137,18.270000457763672,16.428091049194336,17.6200008392334,8.932999610900879,21.520000457763672,57.220001220703125,22.75
2025-05-08,26.670000076293945,11.4399995803833,18.15999984741211,16.81304931640625,17.781999588012695,8.963000297546387,21.610000610351562,59.060001373291016,22.549999237060547
2025-05-09,27.040000915527344,11.649999618530273,18.239999771118164,16.976655960083008,17.878000259399414,9.116999626159668,21.700000762939453,59.619998931884766,22.200000762939453
2025-05-12,27.479999542236328,11.5600004196167,18.299999237060547,17.207632064819336,17.239999771118164,8.958999633789062,22.219999313354492,60.279998779296875,21.950000762939453
2025-05-13,28.200000762939453,11.890000343322754,18.18000030517578,17.592592239379883,17.423999786376953,9.0600004196167,22.270000457763672,61.2400016784668,22.049999237060547
2025-05-14,27.8700008392334,11.829999923706055,18.1299991607666,17.467479705810547,17.392000198364258,8.956000328063965,22.219999313354492,61.040000915527344,22.25
2025-05-15,27.420000076293945,11.59000015258789,18.110000610351562,17.23650360107422,17.562000274658203,9.064000129699707,21.780000686645508,60.45000076293945,22.549999237060547
2025-05-16,27.670000076293945,11.569999694824219,17.940000534057617,17.265377044677734,17.538000106811523,9.031000137329102,21.719999313354492,60.349998474121094,22.350000381469727
2025-05-19,27.780000686645508,11.520000457763672,18.190000534057617,17.159513473510742,17.808000564575195,9.154999732971191,21.799999237060547,60.310001373291016,22.5
2025-05-20,27.829999923706055,11.479999542236328,18.5,17.313495635986328,18.5939998626709,9.645999908447266,21.920000076293945,60.81999969482422,23.049999237060547
2025-05-21,27.459999084472656,11.640000343322754,18.709999084472656,17.188385009765625,18.878000259399414,9.88599967956543,22.079999923706055,60.41999816894531,23.149999618530273
2025-05-22,27.229999542236328,11.5,18.610000610351562,17.101768493652344,18.416000366210938,9.859999656677246,22.1299991607666,60.0,23.200000762939453
2025-05-23,27.540000915527344,11.479999542236328,18.520000457763672,17.178760528564453,18.239999771118164,10.015000343322754,22.1299991607666,59.869998931884766,23.100000381469727
2025-05-27,27.270000457763672,11.420000076293945,18.3799991607666,17.03440284729004,17.902000427246094,9.904999732971191,22.110000610351562,59.11000061035156,22.549999237060547
2025-05-28,27.440000534057617,11.279999732971191,18.239999771118164,17.07289695739746,17.690000534057617,9.892000198364258,21.770000457763672,59.16999816894531,22.549999237060547
2025-05-29,27.139999389648438,11.329999923706055,18.15999984741211,16.841922760009766,17.83799934387207,9.87600040435791,21.780000686645508,58.72999954223633,22.799999237060547
2025-05-30,26.93000030517578,11.34000015258789,18.1200008392334,16.687938690185547,17.756000518798828,9.675000190734863,21.6200008392334,58.150001525878906,22.649999618530273
2025-06-02,27.90999984741211,11.229999542236328,18.020000457763672,17.198009490966797,18.13599967956543,9.75100040435791,21.520000457763672,59.61000061035156,22.850000381469727
2025-06-03,28.110000610351562,11.289999961853027,18.209999084472656,17.40011215209961,18.513999938964844,9.845000267028809,21.559999465942383,59.869998931884766,22.75
2025-06-04,27.809999465942383,11.210000038146973,18.3799991607666,17.24612808227539,18.332000732421875,10.050999641418457,21.649999618530273,58.709999084472656,23.049999237060547
2025-06-05,27.989999771118164,11.170000076293945,18.5,17.380863189697266,18.465999603271484,10.437999725341797,21.809999465942383,59.4900016784668,23.100000381469727
2025-06-06,28.520000457763672,11.149999618530273,18.6200008392334,17.631086349487305,19.131999969482422,10.699999809265137,21.989999771118164,60.02000045776367,23.399999618530273
2025-06-09,28.739999771118164,11.220000267028809,18.260000228881836,17.708078384399414,19.719999313354492,11.109999656677246,21.829999923706055,60.47999954223633,23.049999237060547
2025-06-10,28.610000610351562,11.140000343322754,18.270000457763672,17.631086349487305,19.416000366210938,11.121000289916992,21.860000610351562,60.27000045776367,22.700000762939453
2025-06-11,29.809999465942383,11.130000114440918,18.260000228881836,18.141157150268555,19.531999588012695,11.470999717712402,21.770000457763672,62.31999969482422,22.700000762939453
2025-06-12,29.84000015258789,11.069999694824219,18.309999465942383,18.141157150268555,19.398000717163086,11.78600025177002,21.690000534057617,62.04999923706055,22.450000762939453
2025-06-13,31.860000610351562,10.9399995803833,18.389999389648438,19.016935348510742,18.881999969482422,11.201000213623047,22.290000915527344,64.04000091552734,23.100000381469727
2025-06-16,31.299999237060547,11.260000228881836,18.09000015258789,18.978439331054688,18.871999740600586,11.375,22.3799991607666,63.97999954223633,22.799999237060547
2025-06-17,32.7599983215332,10.9399995803833,18.229999542236328,19.661741256713867,19.158000946044922,11.539999961853027,22.559999465942383,65.55000305175781,23.299999237060547
2025-06-18,32.7400016784668,10.90999984741211,18.399999618530273,19.729108810424805,19.09600067138672,12.053999900817871,22.489999771118164,66.31999969482422,24.200000762939453
2025-06-20,33.119998931884766,10.989999771118164,18.34000015258789,19.87346839904785,19.18000030517578,11.536999702453613,22.389999389648438,67.27999877929688,24.0
2025-06-23,30.649999618530273,11.010000228881836,17.959999084472656,18.680097579956055,19.63800048828125,11.770000457763672,22.139999389648438,63.40999984741211,23.549999237060547
2025-06-24,29.209999084472656,10.930000305175781,17.84000015258789,18.03529167175293,19.43000030517578,11.987000465393066,21.950000762939453,60.540000915527344,22.799999237060547
2025-06-25,29.190000534057617,11.0600004196167,17.600000381469727,17.977548599243164,19.527999877929688,12.404999732971191,21.579999923706055,60.2400016784668,22.549999237060547
2025-06-26,29.309999465942383,10.960000038146973,17.559999465942383,18.03529167175293,20.781999588012695,12.88599967956543,21.56999969482422,60.47999954223633,22.25
2025-06-27,29.110000610351562,11.15999984741211,17.719999313354492,17.93905258178711,20.70599937438965,12.201000213623047,21.729999542236328,60.029998779296875,22.399999618530273
2025-06-30,29.190000534057617,10.960000038146973,17.700000762939453,17.929428100585938,20.121999740600586,12.286999702453613,21.780000686645508,60.220001220703125,22.200000762939453
2025-07-01,29.510000228881836,10.6899995803833,17.579999923706055,18.131532669067383,20.23200035095215,12.35200023651123,21.790000915527344,61.2599983215332,22.649999618530273
2025-07-02,30.200000762939453,10.600000381469727,18.010000228881836,18.506866455078125,21.209999084472656,13.015999794006348,22.110000610351562,61.619998931884766,23.200000762939453
2025-07-03,30.079999923706055,11.020000457763672,18.15999984741211,18.429874420166016,20.808000564575195,12.513999938964844,22.25,61.650001525878906,23.149999618530273
2025-07-07,30.520000457763672,10.9399995803833,17.540000915527344,18.612730026245117,20.29199981689453,12.515999794006348,21.649999618530273,62.72999954223633,22.700000762939453
2025-07-08,30.75,10.890000343322754,17.34000015258789,18.766714096069336,20.239999771118164,12.473999977111816,21.579999923706055,63.70000076293945,22.649999618530273
2025-07-09,30.719999313354492,11.069999694824219,17.389999389648438,18.670473098754883,20.25,12.28600025177002,21.43000030517578,63.81999969482422,22.600000381469727
2025-07-10,30.200000762939453,10.90999984741211,17.389999389648438,18.526113510131836,20.979999542236328,12.407999992370605,21.549999237060547,62.75,22.899999618530273
2025-07-11,30.950000762939453,11.039999961853027,17.270000457763672,18.930320739746094,22.209999084472656,12.819999694824219,21.459999084472656,63.83000183105469,22.5
2025-07-14,30.34000015258789,10.960000038146973,17.459999084472656,18.6993465423584,21.82200050354004,12.428000450134277,21.450000762939453,63.130001068115234,22.450000762939453
2025-07-15,30.200000762939453,11.029999732971191,17.510000228881836,18.6993465423584,21.826000213623047,12.42300033569336,21.350000381469727,63.2400016784668,22.299999237060547
2025-07-16,30.15999984741211,11.050000190734863,17.6299991607666,18.66084861755371,22.576000213623047,12.899999618530273,21.68000030517578,62.77000045776367,22.350000381469727
2025-07-17,30.520000457763672,11.140000343322754,17.549999237060547,18.89182472229004,23.447999954223633,13.293999671936035,21.84000015258789,63.2599983215332,22.100000381469727
2025-07-18,30.399999618530273,11.149999618530273,17.809999465942383,18.80521011352539,22.8439998626709,12.98900032043457,21.979999542236328,62.599998474121094,22.600000381469727
2025-07-21,30.31999969482422,10.930000305175781,17.579999923706055,18.71859359741211,23.062000274658203,13.104000091552734,21.860000610351562,62.04999923706055,22.450000762939453
2025-07-22,30.209999084472656,10.84000015258789,17.459999084472656,18.62235450744629,23.389999389648438,13.107999801635742,21.8799991607666,61.619998931884766,22.600000381469727
2025-07-23,30.219999313354492,10.880000114440918,17.469999313354492,18.603105545043945,23.40399932861328,12.880999565124512,21.84000015258789,61.970001220703125,22.350000381469727
2025-07-24,30.469999313354492,10.970000267028809,17.56999969482422,18.612730026245117,22.573999404907227,12.82800006866455,21.850000381469727,61.65999984741211,22.399999618530273
2025-07-25,30.030000686645508,10.869999885559082,17.489999771118164,18.391380310058594,22.34600067138672,12.76200008392334,21.760000228881836,61.18000030517578,22.299999237060547
2025-07-28,30.979999542236328,10.930000305175781,17.329999923706055,18.747465133666992,22.493999481201172,12.57800006866455,21.670000076293945,62.77000045776367,22.25
2025-07-29,31.959999084472656,10.989999771118164,17.200000762939453,19.26715850830078,22.902000427246094,12.739999771118164,21.530000686645508,64.80000305175781,21.950000762939453
2025-07-30,32.380001068115234,10.930000305175781,17.25,19.286407470703125,21.68400001525879,11.87600040435791,21.350000381469727,65.70999908447266,21.799999237060547
2025-07-31,31.84000015258789,10.90999984741211,17.260000228881836,19.07468032836914,21.73200035095215,11.781000137329102,21.209999084472656,64.38999938964844,21.75
2025-08-01,30.940000534057617,10.829999923706055,17.170000076293945,18.526113510131836,22.02199935913086,12.005000114440918,21.209999084472656,62.689998626708984,21.5
2025-08-04,30.510000228881836,10.880000114440918,17.1200008392334,18.391380310058594,21.781999588012695,12.107000350952148,21.360000610351562,62.400001525878906,21.549999237060547
2025-08-05,30.100000381469727,10.800000190734863,16.899999618530273,18.12190818786621,21.47800064086914,11.993000030517578,21.209999084472656,62.189998626708984,21.25
2025-08-06,29.65999984741211,10.770000457763672,16.920000076293945,17.996797561645508,20.881999969482422,12.1899995803833,21.1200008392334,61.849998474121094,21.25
2025-08-07,29.5,10.779999732971191,17.079999923706055,17.996797561645508,21.131999969482422,12.189000129699707,21.25,61.630001068115234,21.649999618530273
2025-08-08,29.549999237060547,10.90999984741211,17.040000915527344,17.958301544189453,20.489999771118164,12.11299991607666,21.06999969482422,61.86000061035156,21.5
2025-08-11,29.700000762939453,11.010000228881836,17.139999389648438,18.073789596557617,20.941999435424805,12.097999572753906,21.56999969482422,61.86000061035156,21.450000762939453
2025-08-12,29.450000762939453,11.25,16.709999084472656,17.862060546875,20.56599998474121,12.197999954223633,21.969999313354492,61.650001525878906,21.100000381469727
2025-08-13,29.290000915527344,11.229999542236328,16.799999237060547,17.804317474365234,20.709999084472656,12.215999603271484,22.06999969482422,61.72999954223633,21.200000762939453
2025-08-14,29.81999969482422,11.130000114440918,16.770000457763672,17.996797561645508,20.937999725341797,12.378000259399414,21.8700008392334,62.810001373291016,21.0
2025-08-15,29.450000762939453,11.039999961853027,17.09000015258789,17.852436065673828,20.38599967956543,12.234000205993652,22.18000030517578,61.959999084472656,21.100000381469727
2025-08-18,29.65999984741211,10.9399995803833,17.100000381469727,17.958301544189453,20.43199920654297,12.14799976348877,22.1299991607666,62.619998931884766,21.049999237060547
2025-08-19,29.3700008392334,10.949999809265137,16.989999771118164,17.823566436767578,20.22599983215332,11.946000099182129,21.969999313354492,62.2400016784668,20.950000762939453
2025-08-20,29.84000015258789,11.100000381469727,17.06999969482422,18.006420135498047,20.336000442504883,12.220000267028809,22.020000457763672,63.45000076293945,21.149999618530273
2025-08-21,30.110000610351562,11.010000228881836,17.309999465942383,18.18927574157715,20.260000228881836,12.369999885559082,22.309999465942383,64.19000244140625,21.149999618530273
2025-08-22,30.260000228881836,10.989999771118164,17.299999237060547,18.227771759033203,20.54199981689453,12.39799976348877,22.399999618530273,64.4800033569336,21.100000381469727
2025-08-25,30.649999618530273,10.989999771118164,17.350000381469727,18.410625457763672,20.04400062561035,12.225000381469727,22.299999237060547,64.58999633789062,21.200000762939453
2025-08-26,30.010000228881836,11.0,17.219999313354492,18.11228370666504,20.115999221801758,12.321999549865723,22.280000686645508,63.45000076293945,21.25
2025-08-27,30.200000762939453,10.989999771118164,17.100000381469727,18.18927574157715,19.95800018310547,12.29800033569336,22.260000228881836,63.47999954223633,21.100000381469727
2025-08-28,30.43000030517578,11.0,17.260000228881836,18.343257904052734,20.167999267578125,12.404999732971191,22.309999465942383,64.1500015258789,21.200000762939453
2025-08-29,30.31999969482422,10.90999984741211,17.56999969482422,18.29513931274414,20.233999252319336,12.522000312805176,22.389999389648438,63.56999969482422,21.399999618530273
2025-09-02,31.100000381469727,10.8100004196167,17.719999313354492,18.757089614868164,20.81999969482422,12.807999610900879,22.15999984741211,66.13999938964844,21.100000381469727
2025-09-03,30.3799991607666,10.770000457763672,17.559999465942383,18.45874786376953,20.92799949645996,12.963000297546387,22.010000228881836,64.9800033569336,20.850000381469727
2025-09-04,30.06999969482422,10.579999923706055,17.639999389648438,18.275890350341797,20.510000228881836,12.532999992370605,22.049999237060547,64.80999755859375,20.850000381469727
2025-09-05,29.540000915527344,10.470000267028809,17.530000686645508,18.02566909790039,20.33799934387207,12.57800006866455,21.920000076293945,63.77000045776367,20.850000381469727
2025-09-08,29.729999542236328,10.520000457763672,17.65999984741211,18.12190818786621,20.79599952697754,12.616000175476074,22.09000015258789,63.4900016784668,21.0
2025-09-09,29.8799991607666,10.609999656677246,17.579999923706055,18.237396240234375,20.777999877929688,12.5,22.020000457763672,64.5,20.799999237060547
2025-09-10,30.43000030517578,10.609999656677246,17.469999313354492,18.45874786376953,21.511999130249023,12.656999588012695,21.920000076293945,65.04000091552734,20.700000762939453
2025-09-11,29.809999465942383,10.59000015258789,17.600000381469727,18.12190818786621,21.742000579833984,12.628999710083008,22.110000610351562,63.79999923706055,20.899999618530273
2025-09-12,30.06999969482422,10.600000381469727,17.899999618530273,18.18927574157715,22.131999969482422,12.753000259399414,22.31999969482422,64.3499984741211,21.0
2025-09-15,30.360000610351562,10.710000038146973,17.780000686645508,18.391380310058594,21.871999740600586,12.8149995803833,22.25,65.19999694824219,21.100000381469727
2025-09-16,30.84000015258789,10.609999656677246,17.959999084472656,18.6993465423584,21.459999084472656,12.685999870300293,22.399999618530273,66.12999725341797,21.450000762939453
2025-09-17,30.549999237060547,10.4399995803833,17.8799991607666,18.564611434936523,21.052000045776367,12.385000228881836,22.25,65.61000061035156,21.25
2025-09-18,30.399999618530273,10.350000381469727,17.739999771118164,18.439498901367188,21.097999572753906,12.614999771118164,22.170000076293945,65.41999816894531,21.100000381469727
2025-09-19,29.959999084472656,10.369999885559082,17.739999771118164,18.170026779174805,20.969999313354492,12.845999717712402,21.959999084472656,63.939998626708984,21.049999237060547
2025-09-22,29.950000762939453,10.210000038146973,17.610000610351562,18.11228370666504,21.672000885009766,12.97700023651123,21.670000076293945,64.05999755859375,20.600000381469727
2025-09-23,30.540000915527344,10.329999923706055,17.75,18.420249938964844,22.357999801635742,13.475000381469727,21.690000534057617,65.12000274658203,21.0
2025-09-24,31.010000228881836,10.350000381469727,17.719999313354492,18.63197898864746,22.06800079345703,13.442999839782715,21.65999984741211,65.37000274658203,20.899999618530273
2025-09-25,31.25,10.390000343322754,17.719999313354492,18.785961151123047,23.006000518798828,13.98900032043457,21.670000076293945,65.51000213623047,21.149999618530273
2025-09-26,31.239999771118164,10.460000038146973,17.6200008392334,18.853328704833984,23.18199920654297,14.383000373840332,21.739999771118164,66.20999908447266,20.950000762939453
2025-09-29,30.34000015258789,10.470000267028809,17.6299991607666,18.429874420166016,23.06999969482422,14.57699966430664,21.68000030517578,64.68000030517578,20.950000762939453
2025-09-30,30.049999237060547,10.600000381469727,17.450000762939453,18.304763793945312,22.833999633789062,14.288000106811523,21.459999084472656,64.48999786376953,20.549999237060547
2025-10-01,29.770000457763672,10.359999656677246,17.549999237060547,18.19890022277832,22.829999923706055,14.206999778747559,21.729999542236328,63.209999084472656,20.649999618530273
2025-10-02,29.200000762939453,10.489999771118164,17.670000076293945,17.890933990478516,22.81599998474121,14.284000396728516,21.8799991607666,61.959999084472656,20.799999237060547
2025-10-03,29.280000686645508,10.510000228881836,17.610000610351562,17.967924118041992,23.13599967956543,14.638999938964844,21.790000915527344,62.22999954223633,20.75
2025-10-06,29.790000915527344,10.699999809265137,17.600000381469727,18.18927574157715,24.266000747680664,14.817000389099121,21.780000686645508,63.58000183105469,20.700000762939453
2025-10-07,29.899999618530273,10.609999656677246,17.510000228881836,18.304763793945312,24.591999053955078,14.779000282287598,21.84000015258789,63.709999084472656,20.5
2025-10-08,30.06999969482422,10.430000305175781,17.579999923706055,18.314388275146484,26.856000900268555,15.220000267028809,21.920000076293945,63.81999969482422,20.5
2025-10-09,29.610000610351562,10.369999885559082,17.450000762939453,18.064165115356445,25.88599967956543,14.767000198364258,21.84000015258789,62.849998474121094,20.450000762939453
2025-10-10,28.489999771118164,10.270000457763672,17.299999237060547,17.477102279663086,25.9060001373291,14.579000473022461,21.559999465942383,60.900001525878906,20.200000762939453
2025-10-13,28.8700008392334,9.979999542236328,17.219999313354492,17.708078384399414,26.97800064086914,14.831000328063965,21.579999923706055,61.90999984741211,20.149999618530273
2025-10-14,28.25,10.100000381469727,17.260000228881836,17.40011215209961,27.67799949645996,14.944999694824219,21.559999465942383,61.02000045776367,20.200000762939453
2025-10-15,28.25,9.960000038146973,17.420000076293945,17.40973472595215,28.172000885009766,15.125,21.59000015258789,61.630001068115234,20.149999618530273
2025-10-16,27.780000686645508,10.050000190734863,17.510000228881836,17.188385009765625,29.52400016784668,15.564000129699707,21.649999618530273,60.880001068115234,20.25
2025-10-17,27.8700008392334,9.890000343322754,17.540000915527344,17.313495635986328,26.52400016784668,14.621000289916992,21.81999969482422,61.45000076293945,20.25
2025-10-20,27.75,10.029999732971191,17.56999969482422,17.380863189697266,27.586000442504883,14.984000205993652,22.059999465942383,61.380001068115234,20.399999618530273
2025-10-21,27.93000030517578,9.720000267028809,17.459999084472656,17.448230743408203,25.687999725341797,14.03600025177002,22.020000457763672,61.310001373291016,20.149999618530273
2025-10-22,28.799999237060547,9.640000343322754,17.530000686645508,17.890933990478516,26.464000701904297,14.82800006866455,22.030000686645508,63.15999984741211,20.200000762939453
2025-10-23,29.729999542236328,9.680000305175781,17.670000076293945,18.362506866455078,26.347999572753906,14.8100004196167,22.260000228881836,64.5199966430664,20.549999237060547
2025-10-24,29.790000915527344,9.529999732971191,17.6200008392334,18.352882385253906,26.055999755859375,14.62600040435791,22.25,64.44000244140625,20.549999237060547
2025-10-27,29.700000762939453,9.3100004196167,17.8700008392334,18.362506866455078,25.483999252319336,14.428000450134277,22.639999389648438,64.56999969482422,21.049999237060547
2025-10-28,29.079999923706055,9.300000190734863,17.90999984741211,18.054540634155273,25.576000213623047,14.468000411987305,22.850000381469727,64.08999633789062,21.25
2025-10-29,29.34000015258789,9.300000190734863,17.920000076293945,18.247018814086914,25.582000732421875,14.52400016784668,22.799999237060547,65.2699966430664,21.25
2025-10-30,29.25,9.239999771118164,17.829999923706055,18.275890350341797,26.47599983215332,14.685999870300293,22.969999313354492,64.98999786376953,21.0
2025-10-31,29.56999969482422,9.300000190734863,17.790000915527344,18.420249938964844,26.333999633789062,14.354000091552734,23.139999389648438,65.56999969482422,21.200000762939453
2025-11-03,29.670000076293945,9.420000076293945,17.969999313354492,18.526113510131836,26.197999954223633,14.222999572753906,23.469999313354492,66.37999725341797,21.649999618530273
2025-11-04,29.3799991607666,9.199999809265137,17.8700008392334,18.506866455078125,25.416000366210938,13.970999717712402,23.18000030517578,66.4000015258789,21.75
2025-11-05,29.030000686645508,9.15999984741211,18.049999237060547,18.333635330200195,25.922000885009766,14.194999694824219,23.420000076293945,66.06999969482422,21.850000381469727
2025-11-06,29.020000457763672,9.199999809265137,17.829999923706055,18.506866455078125,25.08799934387207,13.956000328063965,22.979999542236328,67.8499984741211,21.299999237060547
2025-11-07,29.1200008392334,9.140000343322754,17.770000457763672,18.506866455078125,25.29800033569336,14.065999984741211,23.149999618530273,67.43000030517578,20.950000762939453
2025-11-10,29.31999969482422,9.1899995803833,17.8799991607666,18.63197898864746,25.97599983215332,14.418999671936035,23.360000610351562,68.12000274658203,21.299999237060547
2025-11-11,29.75,9.220000267028809,18.010000228881836,18.959192276000977,26.444000244140625,14.460000038146973,23.360000610351562,69.58999633789062,21.450000762939453
2025-11-12,28.670000076293945,9.350000381469727,18.030000686645508,18.420249938964844,26.856000900268555,14.746999740600586,23.450000762939453,67.66999816894531,21.450000762939453
2025-11-13,28.780000686645508,9.270000457763672,18.270000457763672,18.381755828857422,26.00200080871582,14.359999656677246,23.709999084472656,67.69999694824219,21.450000762939453
2025-11-14,29.399999618530273,9.510000228881836,17.899999618530273,18.689722061157227,25.579999923706055,14.045000076293945,23.360000610351562,69.45999908447266,21.049999237060547
2025-11-17,29.329999923706055,9.510000228881836,18.020000457763672,18.65122413635254,25.261999130249023,13.95199966430664,23.799999237060547,68.7699966430664,21.649999618530273
2025-11-18,29.719999313354492,9.479999542236328,18.020000457763672,18.978439331054688,25.610000610351562,13.987000465393066,23.729999542236328,69.2300033569336,21.649999618530273
2025-11-19,29.06999969482422,9.4399995803833,17.75,18.612730026245117,25.25200080871582,14.053999900817871,23.469999313354492,67.08000183105469,21.299999237060547
2025-11-20,28.84000015258789,9.449999809265137,17.600000381469727,18.352882385253906,25.054000854492188,13.732999801635742,23.34000015258789,66.16000366210938,20.950000762939453
2025-11-21,28.520000457763672,9.5,17.600000381469727,18.102659225463867,24.940000534057617,13.793000221252441,23.3799991607666,65.1500015258789,20.950000762939453
2025-11-24,28.979999542236328,9.5600004196167,17.59000015258789,18.29513931274414,25.440000534057617,14.069000244140625,23.31999969482422,65.98999786376953,20.799999237060547
2025-11-25,28.520000457763672,9.600000381469727,17.639999389648438,17.977548599243164,25.357999801635742,14.135000228881836,23.350000381469727,64.91000366210938,20.889999389648438
2025-11-26,28.81999969482422,9.739999771118164,17.940000534057617,18.093034744262695,25.90999984741211,14.494000434875488,23.469999313354492,65.79000091552734,20.959999084472656
2025-11-28,29.170000076293945,9.760000228881836,17.969999313354492,18.324012756347656,26.486000061035156,15.258999824523926,23.600000381469727,66.94000244140625,20.84000015258789
2025-12-01,29.190000534057617,9.510000228881836,17.90999984741211,18.37213134765625,26.0,15.138999938964844,23.469999313354492,67.36000061035156,20.739999771118164
2025-12-02,28.829999923706055,9.619999885559082,18.049999237060547,18.160404205322266,26.785999298095703,14.970000267028809,23.43000030517578,65.97000122070312,20.90999984741211
2025-12-03,29.0,9.600000381469727,17.809999465942383,18.333635330200195,26.93600082397461,15.163000106811523,23.280000686645508,65.91000366210938,20.850000381469727
2025-12-04,29.209999084472656,9.609999656677246,17.889999389648438,18.46837043762207,26.45599937438965,15.020000457763672,23.299999237060547,65.97000122070312,20.8700008392334
2025-12-05,29.43000030517578,9.569999694824219,17.850000381469727,18.62235450744629,26.600000381469727,14.968999862670898,23.030000686645508,66.18000030517578,20.700000762939453
2025-12-08,28.84000015258789,9.619999885559082,17.84000015258789,18.170026779174805,26.784000396728516,14.994000434875488,22.8700008392334,64.81999969482422,20.68000030517578
2025-12-09,28.639999389648438,9.510000228881836,17.950000762939453,17.987173080444336,27.47800064086914,15.458999633789062,22.729999542236328,64.72000122070312,20.649999618530273
2025-12-10,28.93000030517578,9.619999885559082,17.829999923706055,18.160404205322266,26.892000198364258,15.062000274658203,22.780000686645508,64.55999755859375,20.510000228881836
2025-12-11,28.399999618530273,9.640000343322754,17.899999618530273,17.823566436767578,27.29400062561035,15.46500015258789,22.81999969482422,63.720001220703125,20.670000076293945
2025-12-12,28.25,9.75,17.75,17.592592239379883,27.299999237060547,15.902999877929688,22.520000457763672,63.25,20.530000686645508
2025-12-15,27.899999618530273,9.699999809265137,17.700000762939453,17.438608169555664,28.67799949645996,16.29400062561035,22.479999542236328,62.400001525878906,20.25
2025-12-16,27.200000762939453,9.65999984741211,17.59000015258789,17.015153884887695,29.222000122070312,16.777000427246094,22.290000915527344,60.61000061035156,19.93000030517578
2025-12-17,27.90999984741211,9.579999923706055,17.709999084472656,17.41935920715332,29.895999908447266,17.232999801635742,22.229999542236328,61.59000015258789,19.8799991607666
2025-12-18,27.579999923706055,9.420000076293945,17.84000015258789,17.121017456054688,30.79199981689453,17.534000396728516,22.079999923706055,61.349998474121094,19.940000534057617
2025-12-19,27.93000030517578,9.619999885559082,17.790000915527344,17.275001525878906,31.211999893188477,17.965999603271484,22.010000228881836,61.77000045776367,19.979999542236328
2025-12-22,28.600000381469727,9.699999809265137,17.889999389648438,17.56999969482422,32.099998474121094,19.177000045776367,22.139999389648438,63.0,20.200000762939453
2025-12-23,28.780000686645508,9.8100004196167,17.93000030517578,17.81999969482422,33.84000015258789,20.804000854492188,22.139999389648438,63.13999938964844,20.270000457763672
2025-12-24,28.709999084472656,9.890000343322754,18.06999969482422,17.729999542236328,31.299999237060547,20.45199966430664,22.3799991607666,63.16999816894531,20.469999313354492
2025-12-26,28.09000015258789,9.850000381469727,18.100000381469727,17.420000076293945,35.18199920654297,22.013999938964844,22.34000015258789,61.560001373291016,20.440000534057617
2025-12-29,28.469999313354492,9.890000343322754,17.81999969482422,17.639999389648438,30.211999893188477,19.277999877929688,22.18000030517578,61.95000076293945,20.200000762939453
2025-12-30,28.520000457763672,9.720000267028809,17.729999542236328,17.700000762939453,29.40999984741211,19.861000061035156,22.110000610351562,62.4900016784668,20.079999923706055
2025-12-31,28.31999969482422,9.760000228881836,17.729999542236328,17.469999313354492,29.076000213623047,18.64299964904785,21.860000610351562,61.72999954223633,19.969999313354492
2026-01-02,28.25,9.579999923706055,17.6299991607666,17.399999618530273,29.79599952697754,19.450000762939453,21.81999969482422,61.2599983215332,20.0
2026-01-05,28.75,9.609999656677246,17.860000610351562,17.510000228881836,30.92799949645996,20.450000762939453,22.170000076293945,61.900001525878906,20.190000534057617
2026-01-06,28.1299991607666,9.59000015258789,17.809999465942383,17.200000762939453,33.07400131225586,22.045000076293945,22.020000457763672,61.09000015258789,20.040000915527344
2026-01-07,28.030000686645508,9.699999809265137,17.90999984741211,17.149999618530273,32.05400085449219,20.94499969482422,22.18000030517578,61.36000061035156,20.309999465942383
2026-01-08,29.270000457763672,9.710000038146973,17.950000762939453,17.709999084472656,32.400001525878906,20.500999450683594,22.15999984741211,64.29000091552734,20.3700008392334
2026-01-09,29.31999969482422,9.670000076293945,17.889999389648438,17.600000381469727,33.24599838256836,20.68000030517578,22.1299991607666,63.97999954223633,20.34000015258789
2026-01-12,29.739999771118164,9.670000076293945,17.149999618530273,17.8799991607666,33.88600158691406,21.214000701904297,21.969999313354492,64.75,20.190000534057617
2026-01-13,30.440000534057617,9.6899995803833,17.0,18.299999237060547,33.27000045776367,21.165000915527344,21.709999084472656,65.7300033569336,20.1200008392334
2026-01-14,30.059999465942383,9.5600004196167,17.09000015258789,18.0,34.034000396728516,21.875999450683594,21.739999771118164,64.62999725341797,20.139999389648438
2026-01-15,29.579999923706055,9.479999542236328,17.049999237060547,17.75,33.104000091552734,21.867000579833984,21.889999389648438,64.22000122070312,20.06999969482422
2026-01-16,29.84000015258789,9.680000305175781,17.18000030517578,17.969999313354492,32.619998931884766,20.927000045776367,21.979999542236328,64.31999969482422,20.360000610351562
2026-01-20,29.780000686645508,9.550000190734863,17.18000030517578,18.260000228881836,33.90800094604492,22.406999588012695,21.93000030517578,65.08000183105469,20.110000610351562
2026-01-21,30.40999984741211,9.569999694824219,17.149999618530273,18.729999542236328,33.75400161743164,22.6299991607666,22.15999984741211,66.69999694824219,20.049999237060547
2026-01-22,29.860000610351562,9.649999618530273,17.190000534057617,18.350000381469727,35.18199920654297,24.048999786376953,22.15999984741211,65.29000091552734,20.309999465942383
2026-01-23,30.690000534057617,9.550000190734863,17.420000076293945,18.809999465942383,36.948001861572266,25.225000381469727,22.270000457763672,66.30999755859375,20.75
2026-01-26,30.56999969482422,9.529999732971191,17.350000381469727,18.799999237060547,36.75400161743164,24.674999237060547,22.190000534057617,65.4000015258789,20.530000686645508
2026-01-27,31.420000076293945,9.59000015258789,17.31999969482422,19.299999237060547,34.99800109863281,23.777999877929688,22.299999237060547,66.98999786376953,20.5
2026-01-28,31.799999237060547,9.569999694824219,17.43000030517578,19.40999984741211,37.18199920654297,24.516000747680664,22.450000762939453,67.76000213623047,20.8799991607666
2026-01-29,32.790000915527344,9.5600004196167,17.5,20.040000915527344,36.49399948120117,23.913000106811523,22.43000030517578,68.7300033569336,21.1299991607666
2026-01-30,32.95000076293945,9.239999771118164,17.479999542236328,20.299999237060547,30.77199935913086,19.503999710083008,22.239999771118164,69.37000274658203,20.969999313354492
2026-02-02,31.280000686645508,9.210000038146973,17.280000686645508,18.950000762939453,31.22800064086914,19.464000701904297,22.1200008392334,65.75,20.56999969482422
2026-02-03,32.119998931884766,9.4399995803833,17.3700008392334,19.40999984741211,31.944000244140625,20.259000778198242,22.25,68.13999938964844,20.670000076293945
2026-02-04,32.310001373291016,9.350000381469727,17.389999389648438,19.520000457763672,32.060001373291016,20.141000747680664,22.6200008392334,69.23999786376953,20.600000381469727
2026-02-05,31.829999923706055,9.239999771118164,17.600000381469727,19.350000381469727,30.011999130249023,18.177000045776367,22.959999084472656,68.48999786376953,20.8700008392334
2026-02-06,32.02000045776367,9.170000076293945,17.5,19.389999389648438,30.97800064086914,19.1299991607666,23.010000228881836,69.43000030517578,20.700000762939453
2026-02-09,32.52000045776367,9.289999961853027,17.420000076293945,19.479999542236328,31.610000610351562,19.461000442504883,22.959999084472656,70.63999938964844,20.649999618530273
2026-02-10,32.59000015258789,9.15999984741211,17.459999084472656,19.479999542236328,31.01799964904785,19.01300048828125,23.209999084472656,69.9800033569336,20.670000076293945
2026-02-11,32.900001525878906,9.029999732971191,17.450000762939453,19.639999389648438,31.197999954223633,19.43899917602539,23.25,70.69999694824219,20.8799991607666
2026-02-12,31.8799991607666,9.039999961853027,17.6200008392334,19.15999984741211,29.399999618530273,18.152999877929688,23.459999084472656,68.11000061035156,21.34000015258789
2026-02-13,31.889999389648438,9.029999732971191,17.649999618530273,19.110000610351562,30.694000244140625,18.697999954223633,23.440000534057617,67.70999908447266,20.979999542236328
2026-02-17,31.780000686645508,9.020000457763672,17.450000762939453,18.989999771118164,30.70599937438965,18.292999267578125,23.450000762939453,68.02999877929688,20.770000457763672
2026-02-18,33.27000045776367,9.170000076293945,17.440000534057617,19.84000015258789,31.327999114990234,18.927000045776367,23.420000076293945,70.20999908447266,21.139999389648438
2026-02-19,34.0099983215332,9.119999885559082,17.489999771118164,20.239999771118164,30.583999633789062,18.844999313354492,23.549999237060547,71.52999877929688,21.81999969482422
2026-02-20,33.880001068115234,9.229999542236328,17.6200008392334,20.15999984741211,31.920000076293945,19.64900016784668,23.489999771118164,71.30999755859375,22.170000076293945
2026-02-23,33.88999938964844,9.34000015258789,17.6200008392334,20.209999084472656,31.908000946044922,19.736000061035156,23.469999313354492,71.62000274658203,21.90999984741211
2026-02-24,33.90999984741211,9.329999923706055,17.59000015258789,20.15999984741211,32.540000915527344,19.76300048828125,23.56999969482422,71.41999816894531,21.8700008392334
2026-02-25,33.650001525878906,9.329999923706055,17.700000762939453,20.0,32.49800109863281,20.72599983215332,23.739999771118164,71.48999786376953,21.75
2026-02-26,33.810001373291016,9.319999694824219,17.739999771118164,20.030000686645508,32.486000061035156,20.70800018310547,23.739999771118164,71.81999969482422,21.920000076293945
2026-02-27,34.810001373291016,9.289999961853027,17.889999389648438,20.520000457763672,32.47800064086914,21.472999572753906,23.81999969482422,72.87999725341797,22.56999969482422
2026-03-02,37.34000015258789,9.279999732971191,17.829999923706055,22.15999984741211,32.19200134277344,20.97800064086914,23.690000534057617,75.7300033569336,21.989999771118164
2026-03-03,38.61000061035156,9.289999961853027,17.889999389648438,22.920000076293945,29.988000869750977,19.089000701904297,23.940000534057617,77.55999755859375,21.850000381469727
2026-03-04,38.900001525878906,9.199999809265137,17.790000915527344,23.190000534057617,30.327999114990234,19.524999618530273,23.790000915527344,80.18000030517578,21.790000915527344
2026-03-05,40.2400016784668,9.229999542236328,18.190000534057617,24.010000228881836,29.558000564575195,19.19099998474121,24.0,83.94999694824219,22.350000381469727
2026-03-06,43.95000076293945,9.470000267028809,18.520000457763672,25.65999984741211,29.540000915527344,19.340999603271484,24.40999984741211,87.45999908447266,23.610000610351562
2026-03-09,42.720001220703125,9.8100004196167,18.200000762939453,24.940000534057617,30.643999099731445,19.809999465942383,24.219999313354492,84.36000061035156,22.979999542236328
2026-03-10,43.369998931884766,9.65999984741211,18.270000457763672,25.690000534057617,30.15999984741211,19.996000289916992,24.450000762939453,86.12999725341797,22.729999542236328
2026-03-11,44.040000915527344,9.609999656677246,18.520000457763672,26.790000915527344,29.847999572753906,19.761999130249023,24.719999313354492,89.29000091552734,22.850000381469727
2026-03-12,48.25,9.739999771118164,18.59000015258789,28.479999542236328,29.408000946044922,19.386999130249023,24.84000015258789,94.94000244140625,22.920000076293945
2026-03-13,49.040000915527344,9.760000228881836,18.670000076293945,28.559999465942383,28.152000427246094,18.382999420166016,24.760000228881836,96.88999938964844,23.43000030517578
2026-03-16,47.65999984741211,9.630000114440918,18.260000228881836,27.729999542236328,29.22800064086914,19.19499969482422,23.799999237060547,95.87999725341797,22.850000381469727
2026-03-17,49.400001525878906,9.779999732971191,18.329999923706055,28.75,29.170000076293945,19.260000228881836,24.06999969482422,99.5,22.610000610351562
2026-03-18,52.15999984741211,9.979999542236328,18.6299991607666,30.059999465942383,27.06800079345703,18.382999420166016,24.18000030517578,101.3499984741211,23.209999084472656
2026-03-19,51.13999938964844,10.300000190734863,18.829999923706055,29.65999984741211,26.31800079345703,17.875,24.219999313354492,99.23999786376953,23.34000015258789
2026-03-20,52.91999816894531,10.449999809265137,18.799999237060547,30.389999389648438,25.591999053955078,17.424999237060547,24.079999923706055,104.91999816894531,22.850000381469727
2026-03-23,47.880001068115234,10.449999809265137,18.510000228881836,27.940000534057617,25.88800048828125,17.011999130249023,24.190000534057617,94.86000061035156,22.68000030517578
2026-03-24,49.70000076293945,10.65999984741211,18.510000228881836,28.940000534057617,25.634000778198242,17.16900062561035,24.059999465942383,99.25,22.700000762939453
2026-03-25,48.77000045776367,10.460000038146973,18.75,28.399999618530273,25.847999572753906,17.54400062561035,24.350000381469727,95.56999969482422,22.969999313354492
2026-03-26,50.54999923706055,10.630000114440918,18.709999084472656,29.399999618530273,24.47599983215332,16.54599952697754,24.360000610351562,98.69000244140625,23.1200008392334
2026-03-27,52.70000076293945,10.619999885559082,18.579999923706055,30.350000381469727,25.08799934387207,16.940000534057617,24.190000534057617,103.31999969482422,23.170000076293945
2026-03-30,53.9900016784668,10.479999542236328,18.290000915527344,30.6299991607666,25.621999740600586,17.222000122070312,24.170000076293945,105.8499984741211,23.260000228881836
2026-03-31,52.0099983215332,10.4399995803833,18.399999618530273,29.469999313354492,26.941999435424805,17.822999954223633,24.399999618530273,103.33999633789062,23.56999969482422
2026-04-01,50.33000183105469,10.279999732971191,18.18000030517578,28.770000457763672,26.93000030517578,17.8439998626709,24.34000015258789,99.5,22.829999923706055
2026-04-02,54.119998931884766,10.140000343322754,18.190000534057617,30.3799991607666,27.461999893188477,18.07900047302246,24.350000381469727,105.68000030517578,22.8700008392334
2026-04-06,54.66999816894531,10.149999618530273,18.290000915527344,30.579999923706055,27.035999298095703,17.9689998626709,24.420000076293945,106.62000274658203,22.850000381469727
2026-04-07,53.52000045776367,9.869999885559082,18.049999237060547,30.459999084472656,26.618000030517578,17.79199981689453,24.280000686645508,105.1500015258789,22.850000381469727
2026-04-08,48.02000045776367,9.699999809265137,17.989999771118164,28.610000610351562,28.486000061035156,18.511999130249023,24.360000610351562,97.4000015258789,22.25
2026-04-09,48.52000045776367,9.460000038146973,17.889999389648438,28.780000686645508,28.329999923706055,19.156999588012695,24.360000610351562,97.7699966430664,22.010000228881836
2026-04-10,47.25,9.329999923706055,17.75,28.309999465942383,27.785999298095703,18.6200008392334,24.5,97.27999877929688,21.790000915527344
2026-04-13,49.06999969482422,9.260000228881836,17.770000457763672,29.110000610351562,28.672000885009766,18.80500030517578,24.299999237060547,100.12000274658203,22.18000030517578
2026-04-14,47.5099983215332,9.460000038146973,17.760000228881836,28.479999542236328,28.893999099731445,19.145999908447266,24.219999313354492,98.3499984741211,22.610000610351562
2026-04-15,47.31999969482422,9.170000076293945,18.06999969482422,28.559999465942383,28.57200050354004,19.270999908447266,24.450000762939453,98.73999786376953,22.530000686645508
2026-04-16,49.08000183105469,9.279999732971191,17.969999313354492,29.15999984741211,28.270000457763672,19.02899932861328,24.43000030517578,101.81999969482422,22.799999237060547
2026-04-17,45.470001220703125,9.069999694824219,17.950000762939453,27.34000015258789,28.510000228881836,19.246999740600586,24.520000457763672,97.16000366210938,22.469999313354492
2026-04-20,47.45000076293945,9.130000114440918,18.079999923706055,28.25,28.34000015258789,18.930999755859375,24.540000915527344,100.33000183105469,22.75
2026-04-21,50.06999969482422,9.220000267028809,18.18000030517578,29.6299991607666,27.624000549316406,18.308000564575195,24.739999771118164,104.31999969482422,23.15999984741211
2026-04-22,50.529998779296875,9.279999732971191,18.209999084472656,29.920000076293945,28.13800048828125,18.860000610351562,24.510000228881836,107.26000213623047,22.860000610351562
2026-04-23,52.70000076293945,9.34000015258789,18.280000686645508,30.8700008392334,26.562000274658203,18.226999282836914,24.440000534057617,110.98999786376953,23.40999984741211
2026-04-24,52.59000015258789,9.460000038146973,18.270000457763672,30.610000610351562,27.288000106811523,18.256999969482422,24.469999313354492,110.62000274658203,23.190000534057617
2026-04-27,53.560001373291016,9.390000343322754,18.510000228881836,31.059999465942383,26.718000411987305,17.999000549316406,24.65999984741211,111.56999969482422,23.709999084472656
2026-04-28,55.040000915527344,9.5600004196167,18.770000457763672,31.760000228881836,26.513999938964844,17.590999603271484,24.68000030517578,113.75,24.719999313354492
2026-04-29,58.810001373291016,9.90999984741211,18.84000015258789,33.2599983215332,26.399999618530273,17.059999465942383,24.770000457763672,119.63999938964844,24.610000610351562
2026-04-30,58.529998779296875,9.8100004196167,18.690000534057617,33.16999816894531,27.70800018310547,17.979999542236328,24.75,120.06999969482422,24.110000610351562
2026-05-01,57.27000045776367,10.050000190734863,18.889999389648438,32.540000915527344,27.65999984741211,18.000999450683594,24.950000762939453,119.22000122070312,24.010000228881836
2026-05-04,60.130001068115234,10.25,19.1200008392334,33.93000030517578,26.88599967956543,17.624000549316406,25.219999313354492,123.5999984741211,24.200000762939453
2026-05-05,58.18000030517578,10.279999732971191,18.920000076293945,33.27000045776367,27.054000854492188,17.665000915527344,25.049999237060547,120.08000183105469,23.75
2026-05-06,53.529998779296875,9.970000267028809,18.440000534057617,30.969999313354492,27.961999893188477,18.670000076293945,24.770000457763672,114.56999969482422,23.31999969482422
2026-05-07,53.66999816894531,9.800000190734863,18.440000534057617,31.229999542236328,26.996000289916992,18.42300033569336,24.700000762939453,115.69000244140625,23.1299991607666
2026-05-08,53.11000061035156,9.859999656677246,18.610000610351562,31.110000610351562,26.941999435424805,18.60099983215332,25.0,116.73999786376953,23.40999984741211
2026-05-11,55.02000045776367,10.050000190734863,18.760000228881836,32.150001525878906,27.483999252319336,19.29599952697754,25.079999923706055,119.56999969482422,23.989999771118164
2026-05-12,56.88999938964844,10.069999694824219,18.93000030517578,33.25,27.20800018310547,19.312999725341797,25.309999465942383,122.68000030517578,25.489999771118164
2026-05-13,55.849998474121094,10.279999732971191,18.979999542236328,32.470001220703125,27.354000091552734,19.548999786376953,25.360000610351562,119.98999786376953,25.3700008392334
2026-05-14,56.209999084472656,10.100000381469727,18.530000686645508,32.459999084472656,26.224000930786133,18.68000030517578,24.959999084472656,119.88999938964844,24.81999969482422
2026-05-15,57.689998626708984,9.979999542236328,18.139999389648438,33.400001525878906,25.753999710083008,17.902999877929688,24.700000762939453,122.73999786376953,24.110000610351562
2026-05-18,57.650001525878906,9.930000305175781,18.739999771118164,33.47999954223633,25.56999969482422,17.84000015258789,25.170000076293945,122.81999969482422,25.0
2026-05-19,58.810001373291016,10.100000381469727,18.739999771118164,34.15999984741211,24.549999237060547,17.420000076293945,25.270000457763672,122.95999908447266,25.200000762939453
2026-05-20,55.63999938964844,9.979999542236328,18.420000076293945,32.5099983215332,25.010000228881836,17.709999084472656,25.09000015258789,116.6500015258789,24.899999618530273
2026-05-21,55.560001373291016,10.050000190734863,18.309999465942383,32.380001068115234,25.219999313354492,17.850000381469727,25.010000228881836,114.9800033569336,24.5
2026-05-22,55.0,9.899999618530273,18.360000610351562,32.099998474121094,24.520000457763672,17.469999313354492,25.059999465942383,115.23999786376953,24.549999237060547
2026-05-26,53.099998474121094,9.800000190734863,18.18000030517578,31.0,25.139999389648438,17.739999771118164,24.90999984741211,108.41000366210938,24.219999313354492
2026-05-27,51.13999938964844,9.59000015258789,18.0,30.139999389648438,25.190000534057617,17.43000030517578,24.920000076293945,106.4000015258789,23.760000228881836
2026-05-28,51.33000183105469,9.470000267028809,18.209999084472656,30.440000534057617,24.8700008392334,17.450000762939453,25.219999313354492,107.73999786376953,23.829999923706055
2026-05-29,50.59000015258789,9.5600004196167,17.93000030517578,30.06999969482422,24.690000534057617,17.450000762939453,25.149999618530273,105.20999908447266,23.3799991607666
2026-06-01,52.4900016784668,9.760000228881836,17.899999618530273,31.100000381469727,24.81999969482422,17.450000762939453,25.139999389648438,106.68000030517578,23.309999465942383
2026-06-02,52.88999938964844,9.779999732971191,17.709999084472656,31.350000381469727,24.950000762939453,17.530000686645508,24.93000030517578,108.54000091552734,23.149999618530273
2026-06-03,53.939998626708984,9.680000305175781,17.469999313354492,32.08000183105469,23.729999542236328,16.8799991607666,24.68000030517578,108.33000183105469,22.670000076293945
2026-06-04,52.47999954223633,9.699999809265137,17.229999542236328,31.270000457763672,23.8700008392334,17.209999084472656,24.190000534057617,105.37000274658203,22.469999313354492
2026-06-05,51.20000076293945,9.640000343322754,17.059999465942383,30.649999618530273,22.350000381469727,16.18000030517578,24.18000030517578,105.08999633789062,22.280000686645508
2026-06-08,51.88999938964844,9.640000343322754,17.020000457763672,31.18000030517578,22.049999237060547,15.920000076293945,24.1299991607666,105.88999938964844,22.350000381469727
2026-06-09,50.459999084472656,9.579999923706055,17.040000915527344,30.6200008392334,22.299999237060547,15.630000114440918,24.09000015258789,104.68000030517578,22.3799991607666
2026-06-10,51.459999084472656,9.460000038146973,17.06999969482422,31.15999984741211,22.1299991607666,15.130000114440918,24.190000534057617,107.44000244140625,22.540000915527344
2026-06-11,49.130001068115234,9.4399995803833,16.719999313354492,30.079999923706055,23.209999084472656,15.630000114440918,24.1200008392334,106.05999755859375,22.43000030517578
2026-06-12,47.81999969482422,9.390000343322754,16.799999237060547,29.350000381469727,23.229999542236328,15.539999961853027,24.1299991607666,105.13999938964844,22.34000015258789
2026-06-15,46.04999923706055,9.319999694824219,16.860000610351562,28.579999923706055,24.399999618530273,16.059999465942383,24.139999389648438,102.55999755859375,22.540000915527344
2026-06-16,43.88999938964844,9.430000305175781,16.93000030517578,27.68000030517578,24.579999923706055,16.420000076293945,24.34000015258789,100.2699966430664,22.75
2026-06-17,43.4900016784668,9.5,17.149999618530273,27.399999618530273,23.709999084472656,15.670000076293945,24.440000534057617,100.16000366210938,23.200000762939453
2026-06-18,43.880001068115234,9.350000381469727,16.950000762939453,27.469999313354492,23.229999542236328,15.369999885559082,24.270000457763672,102.29000091552734,22.940000534057617
2026-06-22,43.119998931884766,9.1899995803833,16.770000457763672,27.059999465942383,22.889999389648438,15.180000305175781,24.34000015258789,102.44000244140625,22.75
2026-06-23,42.540000915527344,9.239999771118164,16.739999771118164,26.889999389648438,22.34000015258789,14.960000038146973,24.270000457763672,101.29000091552734,22.420000076293945
2026-06-24,40.7400016784668,9.300000190734863,16.6200008392334,26.0,21.1200008392334,14.229999542236328,24.09000015258789,98.48999786376953,22.360000610351562
2026-06-25,41.880001068115234,9.34000015258789,16.950000762939453,26.65999984741211,21.520000457763672,14.489999771118164,24.559999465942383,102.55999755859375,22.559999465942383
2026-06-26,40.310001373291016,9.619999885559082,16.860000610351562,25.860000610351562,22.040000915527344,14.770000457763672,24.5,100.5199966430664,22.170000076293945
2026-06-29,40.849998474121094,9.789999961853027,16.469999313354492,26.190000534057617,22.139999389648438,14.329999923706055,24.219999313354492,102.51000213623047,21.809999465942383
